measurement_id,sample_id,replicate_id,sensor_id,target_bacterium,species_code,sensor_state,sensor_state_code,contamination_status,surface_type,sensor_lot,experimental_batch,operator_id,measurement_date,incubation_time_h,incubation_temperature_C,sample_mean_cfu_mL,sample_log10_mean_cfu_mL,qc_flag
EC_001_R1_0,EC_001,1,L01-EC_001-R1,Escherichia coli,EC,carbon_clean,0,1,Polietileno de alta densidade,L01,B06,OP01,2026-08-06,4.1,38.4,7166666.667,6.8553,PASS
EC_001_R1_1,EC_001,1,L01-EC_001-R1,Escherichia coli,EC,capture_probe,1,1,Polietileno de alta densidade,L01,B06,OP01,2026-08-06,4.1,38.4,7166666.667,6.8553,PASS
EC_001_R1_2,EC_001,1,L01-EC_001-R1,Escherichia coli,EC,capture_probe_16S_rRNA,2,1,Polietileno de alta densidade,L01,B06,OP01,2026-08-06,4.1,38.4,7166666.667,6.8553,PASS
EC_001_R2_0,EC_001,2,L01-EC_001-R2,Escherichia coli,EC,carbon_clean,0,1,Polietileno de alta densidade,L01,B06,OP01,2026-08-06,4.1,38.4,7166666.667,6.8553,PASS
EC_001_R2_1,EC_001,2,L01-EC_001-R2,Escherichia coli,EC,capture_probe,1,1,Polietileno de alta densidade,L01,B06,OP01,2026-08-06,4.1,38.4,7166666.667,6.8553,PASS
EC_001_R2_2,EC_001,2,L01-EC_001-R2,Escherichia coli,EC,capture_probe_16S_rRNA,2,1,Polietileno de alta densidade,L01,B06,OP01,2026-08-06,4.1,38.4,7166666.667,6.8553,PASS
EC_001_R3_0,EC_001,3,L01-EC_001-R3,Escherichia coli,EC,carbon_clean,0,1,Polietileno de alta densidade,L01,B06,OP01,2026-08-06,4.1,38.4,7166666.667,6.8553,PASS
EC_001_R3_1,EC_001,3,L01-EC_001-R3,Escherichia coli,EC,capture_probe,1,1,Polietileno de alta densidade,L01,B06,OP01,2026-08-06,4.1,38.4,7166666.667,6.8553,PASS
EC_001_R3_2,EC_001,3,L01-EC_001-R3,Escherichia coli,EC,capture_probe_16S_rRNA,2,1,Polietileno de alta densidade,L01,B06,OP01,2026-08-06,4.1,38.4,7166666.667,6.8553,PASS
EC_002_R1_0,EC_002,1,L04-EC_002-R1,Escherichia coli,EC,carbon_clean,0,1,Vidro,L04,B09,OP03,2026-08-29,4.22,36.2,4400000.0,6.6435,PASS
EC_002_R1_1,EC_002,1,L04-EC_002-R1,Escherichia coli,EC,capture_probe,1,1,Vidro,L04,B09,OP03,2026-08-29,4.22,36.2,4400000.0,6.6435,PASS
EC_002_R1_2,EC_002,1,L04-EC_002-R1,Escherichia coli,EC,capture_probe_16S_rRNA,2,1,Vidro,L04,B09,OP03,2026-08-29,4.22,36.2,4400000.0,6.6435,PASS
EC_002_R2_0,EC_002,2,L04-EC_002-R2,Escherichia coli,EC,carbon_clean,0,1,Vidro,L04,B09,OP03,2026-08-29,4.22,36.2,4400000.0,6.6435,PASS
EC_002_R2_1,EC_002,2,L04-EC_002-R2,Escherichia coli,EC,capture_probe,1,1,Vidro,L04,B09,OP03,2026-08-29,4.22,36.2,4400000.0,6.6435,PASS
EC_002_R2_2,EC_002,2,L04-EC_002-R2,Escherichia coli,EC,capture_probe_16S_rRNA,2,1,Vidro,L04,B09,OP03,2026-08-29,4.22,36.2,4400000.0,6.6435,PASS
EC_002_R3_0,EC_002,3,L04-EC_002-R3,Escherichia coli,EC,carbon_clean,0,1,Vidro,L04,B09,OP03,2026-08-29,4.22,36.2,4400000.0,6.6435,PASS
EC_002_R3_1,EC_002,3,L04-EC_002-R3,Escherichia coli,EC,capture_probe,1,1,Vidro,L04,B09,OP03,2026-08-29,4.22,36.2,4400000.0,6.6435,PASS
EC_002_R3_2,EC_002,3,L04-EC_002-R3,Escherichia coli,EC,capture_probe_16S_rRNA,2,1,Vidro,L04,B09,OP03,2026-08-29,4.22,36.2,4400000.0,6.6435,PASS
EC_003_R1_0,EC_003,1,L05-EC_003-R1,Escherichia coli,EC,carbon_clean,0,1,Aço inoxidável 304,L05,B03,OP03,2026-08-01,3.86,37.7,2150000.0,6.3324,PASS
EC_003_R1_1,EC_003,1,L05-EC_003-R1,Escherichia coli,EC,capture_probe,1,1,Aço inoxidável 304,L05,B03,OP03,2026-08-01,3.86,37.7,2150000.0,6.3324,PASS
EC_003_R1_2,EC_003,1,L05-EC_003-R1,Escherichia coli,EC,capture_probe_16S_rRNA,2,1,Aço inoxidável 304,L05,B03,OP03,2026-08-01,3.86,37.7,2150000.0,6.3324,PASS
EC_003_R2_0,EC_003,2,L05-EC_003-R2,Escherichia coli,EC,carbon_clean,0,1,Aço inoxidável 304,L05,B03,OP03,2026-08-01,3.86,37.7,2150000.0,6.3324,PASS
EC_003_R2_1,EC_003,2,L05-EC_003-R2,Escherichia coli,EC,capture_probe,1,1,Aço inoxidável 304,L05,B03,OP03,2026-08-01,3.86,37.7,2150000.0,6.3324,PASS
EC_003_R2_2,EC_003,2,L05-EC_003-R2,Escherichia coli,EC,capture_probe_16S_rRNA,2,1,Aço inoxidável 304,L05,B03,OP03,2026-08-01,3.86,37.7,2150000.0,6.3324,PASS
EC_003_R3_0,EC_003,3,L05-EC_003-R3,Escherichia coli,EC,carbon_clean,0,1,Aço inoxidável 304,L05,B03,OP03,2026-08-01,3.86,37.7,2150000.0,6.3324,PASS
EC_003_R3_1,EC_003,3,L05-EC_003-R3,Escherichia coli,EC,capture_probe,1,1,Aço inoxidável 304,L05,B03,OP03,2026-08-01,3.86,37.7,2150000.0,6.3324,PASS
EC_003_R3_2,EC_003,3,L05-EC_003-R3,Escherichia coli,EC,capture_probe_16S_rRNA,2,1,Aço inoxidável 304,L05,B03,OP03,2026-08-01,3.86,37.7,2150000.0,6.3324,PASS
EC_004_R1_0,EC_004,1,L02-EC_004-R1,Escherichia coli,EC,carbon_clean,0,0,Aço inoxidável 304,L02,B06,OP02,2026-08-07,3.56,37.1,3.333,0.5229,PASS
EC_004_R1_1,EC_004,1,L02-EC_004-R1,Escherichia coli,EC,capture_probe,1,0,Aço inoxidável 304,L02,B06,OP02,2026-08-07,3.56,37.1,3.333,0.5229,FAIL
EC_004_R1_2,EC_004,1,L02-EC_004-R1,Escherichia coli,EC,capture_probe_16S_rRNA,2,0,Aço inoxidável 304,L02,B06,OP02,2026-08-07,3.56,37.1,3.333,0.5229,PASS
EC_004_R2_0,EC_004,2,L02-EC_004-R2,Escherichia coli,EC,carbon_clean,0,0,Aço inoxidável 304,L02,B06,OP02,2026-08-07,3.56,37.1,3.333,0.5229,REVIEW
EC_004_R2_1,EC_004,2,L02-EC_004-R2,Escherichia coli,EC,capture_probe,1,0,Aço inoxidável 304,L02,B06,OP02,2026-08-07,3.56,37.1,3.333,0.5229,PASS
EC_004_R2_2,EC_004,2,L02-EC_004-R2,Escherichia coli,EC,capture_probe_16S_rRNA,2,0,Aço inoxidável 304,L02,B06,OP02,2026-08-07,3.56,37.1,3.333,0.5229,PASS
EC_004_R3_0,EC_004,3,L02-EC_004-R3,Escherichia coli,EC,carbon_clean,0,0,Aço inoxidável 304,L02,B06,OP02,2026-08-07,3.56,37.1,3.333,0.5229,PASS
EC_004_R3_1,EC_004,3,L02-EC_004-R3,Escherichia coli,EC,capture_probe,1,0,Aço inoxidável 304,L02,B06,OP02,2026-08-07,3.56,37.1,3.333,0.5229,PASS
EC_004_R3_2,EC_004,3,L02-EC_004-R3,Escherichia coli,EC,capture_probe_16S_rRNA,2,0,Aço inoxidável 304,L02,B06,OP02,2026-08-07,3.56,37.1,3.333,0.5229,PASS
EC_005_R1_0,EC_005,1,L01-EC_005-R1,Escherichia coli,EC,carbon_clean,0,1,Vidro,L01,B02,OP02,2026-09-02,4.21,36.7,3666.667,3.5643,PASS
EC_005_R1_1,EC_005,1,L01-EC_005-R1,Escherichia coli,EC,capture_probe,1,1,Vidro,L01,B02,OP02,2026-09-02,4.21,36.7,3666.667,3.5643,PASS
EC_005_R1_2,EC_005,1,L01-EC_005-R1,Escherichia coli,EC,capture_probe_16S_rRNA,2,1,Vidro,L01,B02,OP02,2026-09-02,4.21,36.7,3666.667,3.5643,PASS
EC_005_R2_0,EC_005,2,L01-EC_005-R2,Escherichia coli,EC,carbon_clean,0,1,Vidro,L01,B02,OP02,2026-09-02,4.21,36.7,3666.667,3.5643,PASS
EC_005_R2_1,EC_005,2,L01-EC_005-R2,Escherichia coli,EC,capture_probe,1,1,Vidro,L01,B02,OP02,2026-09-02,4.21,36.7,3666.667,3.5643,PASS
EC_005_R2_2,EC_005,2,L01-EC_005-R2,Escherichia coli,EC,capture_probe_16S_rRNA,2,1,Vidro,L01,B02,OP02,2026-09-02,4.21,36.7,3666.667,3.5643,PASS
EC_005_R3_0,EC_005,3,L01-EC_005-R3,Escherichia coli,EC,carbon_clean,0,1,Vidro,L01,B02,OP02,2026-09-02,4.21,36.7,3666.667,3.5643,PASS
EC_005_R3_1,EC_005,3,L01-EC_005-R3,Escherichia coli,EC,capture_probe,1,1,Vidro,L01,B02,OP02,2026-09-02,4.21,36.7,3666.667,3.5643,PASS
EC_005_R3_2,EC_005,3,L01-EC_005-R3,Escherichia coli,EC,capture_probe_16S_rRNA,2,1,Vidro,L01,B02,OP02,2026-09-02,4.21,36.7,3666.667,3.5643,PASS
EC_006_R1_0,EC_006,1,L01-EC_006-R1,Escherichia coli,EC,carbon_clean,0,1,Polietileno de alta densidade,L01,B10,OP02,2026-09-03,3.65,37.2,546666.667,5.7377,REVIEW
EC_006_R1_1,EC_006,1,L01-EC_006-R1,Escherichia coli,EC,capture_probe,1,1,Polietileno de alta densidade,L01,B10,OP02,2026-09-03,3.65,37.2,546666.667,5.7377,PASS
EC_006_R1_2,EC_006,1,L01-EC_006-R1,Escherichia coli,EC,capture_probe_16S_rRNA,2,1,Polietileno de alta densidade,L01,B10,OP02,2026-09-03,3.65,37.2,546666.667,5.7377,PASS
EC_006_R2_0,EC_006,2,L01-EC_006-R2,Escherichia coli,EC,carbon_clean,0,1,Polietileno de alta densidade,L01,B10,OP02,2026-09-03,3.65,37.2,546666.667,5.7377,PASS
EC_006_R2_1,EC_006,2,L01-EC_006-R2,Escherichia coli,EC,capture_probe,1,1,Polietileno de alta densidade,L01,B10,OP02,2026-09-03,3.65,37.2,546666.667,5.7377,PASS
EC_006_R2_2,EC_006,2,L01-EC_006-R2,Escherichia coli,EC,capture_probe_16S_rRNA,2,1,Polietileno de alta densidade,L01,B10,OP02,2026-09-03,3.65,37.2,546666.667,5.7377,PASS
EC_006_R3_0,EC_006,3,L01-EC_006-R3,Escherichia coli,EC,carbon_clean,0,1,Polietileno de alta densidade,L01,B10,OP02,2026-09-03,3.65,37.2,546666.667,5.7377,PASS
EC_006_R3_1,EC_006,3,L01-EC_006-R3,Escherichia coli,EC,capture_probe,1,1,Polietileno de alta densidade,L01,B10,OP02,2026-09-03,3.65,37.2,546666.667,5.7377,PASS
EC_006_R3_2,EC_006,3,L01-EC_006-R3,Escherichia coli,EC,capture_probe_16S_rRNA,2,1,Polietileno de alta densidade,L01,B10,OP02,2026-09-03,3.65,37.2,546666.667,5.7377,PASS
EC_007_R1_0,EC_007,1,L01-EC_007-R1,Escherichia coli,EC,carbon_clean,0,1,Aço inoxidável 304,L01,B05,OP01,2026-08-06,3.95,37.2,15166.667,4.1809,PASS
EC_007_R1_1,EC_007,1,L01-EC_007-R1,Escherichia coli,EC,capture_probe,1,1,Aço inoxidável 304,L01,B05,OP01,2026-08-06,3.95,37.2,15166.667,4.1809,PASS
EC_007_R1_2,EC_007,1,L01-EC_007-R1,Escherichia coli,EC,capture_probe_16S_rRNA,2,1,Aço inoxidável 304,L01,B05,OP01,2026-08-06,3.95,37.2,15166.667,4.1809,PASS
EC_007_R2_0,EC_007,2,L01-EC_007-R2,Escherichia coli,EC,carbon_clean,0,1,Aço inoxidável 304,L01,B05,OP01,2026-08-06,3.95,37.2,15166.667,4.1809,PASS
EC_007_R2_1,EC_007,2,L01-EC_007-R2,Escherichia coli,EC,capture_probe,1,1,Aço inoxidável 304,L01,B05,OP01,2026-08-06,3.95,37.2,15166.667,4.1809,PASS
EC_007_R2_2,EC_007,2,L01-EC_007-R2,Escherichia coli,EC,capture_probe_16S_rRNA,2,1,Aço inoxidável 304,L01,B05,OP01,2026-08-06,3.95,37.2,15166.667,4.1809,PASS
EC_007_R3_0,EC_007,3,L01-EC_007-R3,Escherichia coli,EC,carbon_clean,0,1,Aço inoxidável 304,L01,B05,OP01,2026-08-06,3.95,37.2,15166.667,4.1809,PASS
EC_007_R3_1,EC_007,3,L01-EC_007-R3,Escherichia coli,EC,capture_probe,1,1,Aço inoxidável 304,L01,B05,OP01,2026-08-06,3.95,37.2,15166.667,4.1809,PASS
EC_007_R3_2,EC_007,3,L01-EC_007-R3,Escherichia coli,EC,capture_probe_16S_rRNA,2,1,Aço inoxidável 304,L01,B05,OP01,2026-08-06,3.95,37.2,15166.667,4.1809,PASS
EC_008_R1_0,EC_008,1,L03-EC_008-R1,Escherichia coli,EC,carbon_clean,0,0,Aço inoxidável 304,L03,B03,OP02,2026-08-29,3.68,37.7,0.0,,PASS
EC_008_R1_1,EC_008,1,L03-EC_008-R1,Escherichia coli,EC,capture_probe,1,0,Aço inoxidável 304,L03,B03,OP02,2026-08-29,3.68,37.7,0.0,,PASS
EC_008_R1_2,EC_008,1,L03-EC_008-R1,Escherichia coli,EC,capture_probe_16S_rRNA,2,0,Aço inoxidável 304,L03,B03,OP02,2026-08-29,3.68,37.7,0.0,,PASS
EC_008_R2_0,EC_008,2,L03-EC_008-R2,Escherichia coli,EC,carbon_clean,0,0,Aço inoxidável 304,L03,B03,OP02,2026-08-29,3.68,37.7,0.0,,PASS
EC_008_R2_1,EC_008,2,L03-EC_008-R2,Escherichia coli,EC,capture_probe,1,0,Aço inoxidável 304,L03,B03,OP02,2026-08-29,3.68,37.7,0.0,,PASS
EC_008_R2_2,EC_008,2,L03-EC_008-R2,Escherichia coli,EC,capture_probe_16S_rRNA,2,0,Aço inoxidável 304,L03,B03,OP02,2026-08-29,3.68,37.7,0.0,,PASS
EC_008_R3_0,EC_008,3,L03-EC_008-R3,Escherichia coli,EC,carbon_clean,0,0,Aço inoxidável 304,L03,B03,OP02,2026-08-29,3.68,37.7,0.0,,PASS
EC_008_R3_1,EC_008,3,L03-EC_008-R3,Escherichia coli,EC,capture_probe,1,0,Aço inoxidável 304,L03,B03,OP02,2026-08-29,3.68,37.7,0.0,,PASS
EC_008_R3_2,EC_008,3,L03-EC_008-R3,Escherichia coli,EC,capture_probe_16S_rRNA,2,0,Aço inoxidável 304,L03,B03,OP02,2026-08-29,3.68,37.7,0.0,,PASS
EC_009_R1_0,EC_009,1,L02-EC_009-R1,Escherichia coli,EC,carbon_clean,0,1,Polipropileno,L02,B03,OP02,2026-08-26,3.67,37.1,311000.0,5.4928,PASS
EC_009_R1_1,EC_009,1,L02-EC_009-R1,Escherichia coli,EC,capture_probe,1,1,Polipropileno,L02,B03,OP02,2026-08-26,3.67,37.1,311000.0,5.4928,PASS
EC_009_R1_2,EC_009,1,L02-EC_009-R1,Escherichia coli,EC,capture_probe_16S_rRNA,2,1,Polipropileno,L02,B03,OP02,2026-08-26,3.67,37.1,311000.0,5.4928,PASS
EC_009_R2_0,EC_009,2,L02-EC_009-R2,Escherichia coli,EC,carbon_clean,0,1,Polipropileno,L02,B03,OP02,2026-08-26,3.67,37.1,311000.0,5.4928,PASS
EC_009_R2_1,EC_009,2,L02-EC_009-R2,Escherichia coli,EC,capture_probe,1,1,Polipropileno,L02,B03,OP02,2026-08-26,3.67,37.1,311000.0,5.4928,PASS
EC_009_R2_2,EC_009,2,L02-EC_009-R2,Escherichia coli,EC,capture_probe_16S_rRNA,2,1,Polipropileno,L02,B03,OP02,2026-08-26,3.67,37.1,311000.0,5.4928,PASS
EC_009_R3_0,EC_009,3,L02-EC_009-R3,Escherichia coli,EC,carbon_clean,0,1,Polipropileno,L02,B03,OP02,2026-08-26,3.67,37.1,311000.0,5.4928,PASS
EC_009_R3_1,EC_009,3,L02-EC_009-R3,Escherichia coli,EC,capture_probe,1,1,Polipropileno,L02,B03,OP02,2026-08-26,3.67,37.1,311000.0,5.4928,PASS
EC_009_R3_2,EC_009,3,L02-EC_009-R3,Escherichia coli,EC,capture_probe_16S_rRNA,2,1,Polipropileno,L02,B03,OP02,2026-08-26,3.67,37.1,311000.0,5.4928,PASS
EC_010_R1_0,EC_010,1,L05-EC_010-R1,Escherichia coli,EC,carbon_clean,0,1,Aço inoxidável 304,L05,B06,OP01,2026-09-05,4.29,36.5,6566666.667,6.8173,PASS
EC_010_R1_1,EC_010,1,L05-EC_010-R1,Escherichia coli,EC,capture_probe,1,1,Aço inoxidável 304,L05,B06,OP01,2026-09-05,4.29,36.5,6566666.667,6.8173,PASS
EC_010_R1_2,EC_010,1,L05-EC_010-R1,Escherichia coli,EC,capture_probe_16S_rRNA,2,1,Aço inoxidável 304,L05,B06,OP01,2026-09-05,4.29,36.5,6566666.667,6.8173,PASS
EC_010_R2_0,EC_010,2,L05-EC_010-R2,Escherichia coli,EC,carbon_clean,0,1,Aço inoxidável 304,L05,B06,OP01,2026-09-05,4.29,36.5,6566666.667,6.8173,PASS
EC_010_R2_1,EC_010,2,L05-EC_010-R2,Escherichia coli,EC,capture_probe,1,1,Aço inoxidável 304,L05,B06,OP01,2026-09-05,4.29,36.5,6566666.667,6.8173,PASS
EC_010_R2_2,EC_010,2,L05-EC_010-R2,Escherichia coli,EC,capture_probe_16S_rRNA,2,1,Aço inoxidável 304,L05,B06,OP01,2026-09-05,4.29,36.5,6566666.667,6.8173,FAIL
EC_010_R3_0,EC_010,3,L05-EC_010-R3,Escherichia coli,EC,carbon_clean,0,1,Aço inoxidável 304,L05,B06,OP01,2026-09-05,4.29,36.5,6566666.667,6.8173,PASS
EC_010_R3_1,EC_010,3,L05-EC_010-R3,Escherichia coli,EC,capture_probe,1,1,Aço inoxidável 304,L05,B06,OP01,2026-09-05,4.29,36.5,6566666.667,6.8173,PASS
EC_010_R3_2,EC_010,3,L05-EC_010-R3,Escherichia coli,EC,capture_probe_16S_rRNA,2,1,Aço inoxidável 304,L05,B06,OP01,2026-09-05,4.29,36.5,6566666.667,6.8173,PASS
EC_011_R1_0,EC_011,1,L02-EC_011-R1,Escherichia coli,EC,carbon_clean,0,1,Polietileno de alta densidade,L02,B02,OP03,2026-08-19,4.13,37.9,2636666.667,6.4211,PASS
EC_011_R1_1,EC_011,1,L02-EC_011-R1,Escherichia coli,EC,capture_probe,1,1,Polietileno de alta densidade,L02,B02,OP03,2026-08-19,4.13,37.9,2636666.667,6.4211,PASS
EC_011_R1_2,EC_011,1,L02-EC_011-R1,Escherichia coli,EC,capture_probe_16S_rRNA,2,1,Polietileno de alta densidade,L02,B02,OP03,2026-08-19,4.13,37.9,2636666.667,6.4211,PASS
EC_011_R2_0,EC_011,2,L02-EC_011-R2,Escherichia coli,EC,carbon_clean,0,1,Polietileno de alta densidade,L02,B02,OP03,2026-08-19,4.13,37.9,2636666.667,6.4211,PASS
EC_011_R2_1,EC_011,2,L02-EC_011-R2,Escherichia coli,EC,capture_probe,1,1,Polietileno de alta densidade,L02,B02,OP03,2026-08-19,4.13,37.9,2636666.667,6.4211,PASS
EC_011_R2_2,EC_011,2,L02-EC_011-R2,Escherichia coli,EC,capture_probe_16S_rRNA,2,1,Polietileno de alta densidade,L02,B02,OP03,2026-08-19,4.13,37.9,2636666.667,6.4211,PASS
EC_011_R3_0,EC_011,3,L02-EC_011-R3,Escherichia coli,EC,carbon_clean,0,1,Polietileno de alta densidade,L02,B02,OP03,2026-08-19,4.13,37.9,2636666.667,6.4211,PASS
EC_011_R3_1,EC_011,3,L02-EC_011-R3,Escherichia coli,EC,capture_probe,1,1,Polietileno de alta densidade,L02,B02,OP03,2026-08-19,4.13,37.9,2636666.667,6.4211,PASS
EC_011_R3_2,EC_011,3,L02-EC_011-R3,Escherichia coli,EC,capture_probe_16S_rRNA,2,1,Polietileno de alta densidade,L02,B02,OP03,2026-08-19,4.13,37.9,2636666.667,6.4211,PASS
EC_012_R1_0,EC_012,1,L04-EC_012-R1,Escherichia coli,EC,carbon_clean,0,1,Vidro,L04,B07,OP03,2026-09-13,4.08,37.1,74000.0,4.8692,PASS
EC_012_R1_1,EC_012,1,L04-EC_012-R1,Escherichia coli,EC,capture_probe,1,1,Vidro,L04,B07,OP03,2026-09-13,4.08,37.1,74000.0,4.8692,PASS
EC_012_R1_2,EC_012,1,L04-EC_012-R1,Escherichia coli,EC,capture_probe_16S_rRNA,2,1,Vidro,L04,B07,OP03,2026-09-13,4.08,37.1,74000.0,4.8692,PASS
EC_012_R2_0,EC_012,2,L04-EC_012-R2,Escherichia coli,EC,carbon_clean,0,1,Vidro,L04,B07,OP03,2026-09-13,4.08,37.1,74000.0,4.8692,PASS
EC_012_R2_1,EC_012,2,L04-EC_012-R2,Escherichia coli,EC,capture_probe,1,1,Vidro,L04,B07,OP03,2026-09-13,4.08,37.1,74000.0,4.8692,PASS
EC_012_R2_2,EC_012,2,L04-EC_012-R2,Escherichia coli,EC,capture_probe_16S_rRNA,2,1,Vidro,L04,B07,OP03,2026-09-13,4.08,37.1,74000.0,4.8692,PASS
EC_012_R3_0,EC_012,3,L04-EC_012-R3,Escherichia coli,EC,carbon_clean,0,1,Vidro,L04,B07,OP03,2026-09-13,4.08,37.1,74000.0,4.8692,PASS
EC_012_R3_1,EC_012,3,L04-EC_012-R3,Escherichia coli,EC,capture_probe,1,1,Vidro,L04,B07,OP03,2026-09-13,4.08,37.1,74000.0,4.8692,PASS
EC_012_R3_2,EC_012,3,L04-EC_012-R3,Escherichia coli,EC,capture_probe_16S_rRNA,2,1,Vidro,L04,B07,OP03,2026-09-13,4.08,37.1,74000.0,4.8692,PASS
EC_013_R1_0,EC_013,1,L04-EC_013-R1,Escherichia coli,EC,carbon_clean,0,0,Polipropileno,L04,B07,OP02,2026-09-13,4.0,37.4,0.0,,PASS
EC_013_R1_1,EC_013,1,L04-EC_013-R1,Escherichia coli,EC,capture_probe,1,0,Polipropileno,L04,B07,OP02,2026-09-13,4.0,37.4,0.0,,PASS
EC_013_R1_2,EC_013,1,L04-EC_013-R1,Escherichia coli,EC,capture_probe_16S_rRNA,2,0,Polipropileno,L04,B07,OP02,2026-09-13,4.0,37.4,0.0,,PASS
EC_013_R2_0,EC_013,2,L04-EC_013-R2,Escherichia coli,EC,carbon_clean,0,0,Polipropileno,L04,B07,OP02,2026-09-13,4.0,37.4,0.0,,PASS
EC_013_R2_1,EC_013,2,L04-EC_013-R2,Escherichia coli,EC,capture_probe,1,0,Polipropileno,L04,B07,OP02,2026-09-13,4.0,37.4,0.0,,PASS
EC_013_R2_2,EC_013,2,L04-EC_013-R2,Escherichia coli,EC,capture_probe_16S_rRNA,2,0,Polipropileno,L04,B07,OP02,2026-09-13,4.0,37.4,0.0,,PASS
EC_013_R3_0,EC_013,3,L04-EC_013-R3,Escherichia coli,EC,carbon_clean,0,0,Polipropileno,L04,B07,OP02,2026-09-13,4.0,37.4,0.0,,PASS
EC_013_R3_1,EC_013,3,L04-EC_013-R3,Escherichia coli,EC,capture_probe,1,0,Polipropileno,L04,B07,OP02,2026-09-13,4.0,37.4,0.0,,PASS
EC_013_R3_2,EC_013,3,L04-EC_013-R3,Escherichia coli,EC,capture_probe_16S_rRNA,2,0,Polipropileno,L04,B07,OP02,2026-09-13,4.0,37.4,0.0,,PASS
EC_014_R1_0,EC_014,1,L02-EC_014-R1,Escherichia coli,EC,carbon_clean,0,1,Aço inoxidável 304,L02,B06,OP03,2026-09-08,3.68,36.9,13833.333,4.1409,PASS
EC_014_R1_1,EC_014,1,L02-EC_014-R1,Escherichia coli,EC,capture_probe,1,1,Aço inoxidável 304,L02,B06,OP03,2026-09-08,3.68,36.9,13833.333,4.1409,PASS
EC_014_R1_2,EC_014,1,L02-EC_014-R1,Escherichia coli,EC,capture_probe_16S_rRNA,2,1,Aço inoxidável 304,L02,B06,OP03,2026-09-08,3.68,36.9,13833.333,4.1409,PASS
EC_014_R2_0,EC_014,2,L02-EC_014-R2,Escherichia coli,EC,carbon_clean,0,1,Aço inoxidável 304,L02,B06,OP03,2026-09-08,3.68,36.9,13833.333,4.1409,PASS
EC_014_R2_1,EC_014,2,L02-EC_014-R2,Escherichia coli,EC,capture_probe,1,1,Aço inoxidável 304,L02,B06,OP03,2026-09-08,3.68,36.9,13833.333,4.1409,REVIEW
EC_014_R2_2,EC_014,2,L02-EC_014-R2,Escherichia coli,EC,capture_probe_16S_rRNA,2,1,Aço inoxidável 304,L02,B06,OP03,2026-09-08,3.68,36.9,13833.333,4.1409,PASS
EC_014_R3_0,EC_014,3,L02-EC_014-R3,Escherichia coli,EC,carbon_clean,0,1,Aço inoxidável 304,L02,B06,OP03,2026-09-08,3.68,36.9,13833.333,4.1409,PASS
EC_014_R3_1,EC_014,3,L02-EC_014-R3,Escherichia coli,EC,capture_probe,1,1,Aço inoxidável 304,L02,B06,OP03,2026-09-08,3.68,36.9,13833.333,4.1409,PASS
EC_014_R3_2,EC_014,3,L02-EC_014-R3,Escherichia coli,EC,capture_probe_16S_rRNA,2,1,Aço inoxidável 304,L02,B06,OP03,2026-09-08,3.68,36.9,13833.333,4.1409,PASS
EC_015_R1_0,EC_015,1,L02-EC_015-R1,Escherichia coli,EC,carbon_clean,0,1,Aço inoxidável 304,L02,B04,OP03,2026-09-04,4.43,36.9,5166666.667,6.7132,PASS
EC_015_R1_1,EC_015,1,L02-EC_015-R1,Escherichia coli,EC,capture_probe,1,1,Aço inoxidável 304,L02,B04,OP03,2026-09-04,4.43,36.9,5166666.667,6.7132,PASS
EC_015_R1_2,EC_015,1,L02-EC_015-R1,Escherichia coli,EC,capture_probe_16S_rRNA,2,1,Aço inoxidável 304,L02,B04,OP03,2026-09-04,4.43,36.9,5166666.667,6.7132,PASS
EC_015_R2_0,EC_015,2,L02-EC_015-R2,Escherichia coli,EC,carbon_clean,0,1,Aço inoxidável 304,L02,B04,OP03,2026-09-04,4.43,36.9,5166666.667,6.7132,PASS
EC_015_R2_1,EC_015,2,L02-EC_015-R2,Escherichia coli,EC,capture_probe,1,1,Aço inoxidável 304,L02,B04,OP03,2026-09-04,4.43,36.9,5166666.667,6.7132,PASS
EC_015_R2_2,EC_015,2,L02-EC_015-R2,Escherichia coli,EC,capture_probe_16S_rRNA,2,1,Aço inoxidável 304,L02,B04,OP03,2026-09-04,4.43,36.9,5166666.667,6.7132,PASS
EC_015_R3_0,EC_015,3,L02-EC_015-R3,Escherichia coli,EC,carbon_clean,0,1,Aço inoxidável 304,L02,B04,OP03,2026-09-04,4.43,36.9,5166666.667,6.7132,PASS
EC_015_R3_1,EC_015,3,L02-EC_015-R3,Escherichia coli,EC,capture_probe,1,1,Aço inoxidável 304,L02,B04,OP03,2026-09-04,4.43,36.9,5166666.667,6.7132,PASS
EC_015_R3_2,EC_015,3,L02-EC_015-R3,Escherichia coli,EC,capture_probe_16S_rRNA,2,1,Aço inoxidável 304,L02,B04,OP03,2026-09-04,4.43,36.9,5166666.667,6.7132,PASS
EC_016_R1_0,EC_016,1,L04-EC_016-R1,Escherichia coli,EC,carbon_clean,0,1,Polipropileno,L04,B10,OP02,2026-09-07,3.8,37.0,18433.333,4.2656,PASS
EC_016_R1_1,EC_016,1,L04-EC_016-R1,Escherichia coli,EC,capture_probe,1,1,Polipropileno,L04,B10,OP02,2026-09-07,3.8,37.0,18433.333,4.2656,PASS
EC_016_R1_2,EC_016,1,L04-EC_016-R1,Escherichia coli,EC,capture_probe_16S_rRNA,2,1,Polipropileno,L04,B10,OP02,2026-09-07,3.8,37.0,18433.333,4.2656,PASS
EC_016_R2_0,EC_016,2,L04-EC_016-R2,Escherichia coli,EC,carbon_clean,0,1,Polipropileno,L04,B10,OP02,2026-09-07,3.8,37.0,18433.333,4.2656,PASS
EC_016_R2_1,EC_016,2,L04-EC_016-R2,Escherichia coli,EC,capture_probe,1,1,Polipropileno,L04,B10,OP02,2026-09-07,3.8,37.0,18433.333,4.2656,PASS
EC_016_R2_2,EC_016,2,L04-EC_016-R2,Escherichia coli,EC,capture_probe_16S_rRNA,2,1,Polipropileno,L04,B10,OP02,2026-09-07,3.8,37.0,18433.333,4.2656,PASS
EC_016_R3_0,EC_016,3,L04-EC_016-R3,Escherichia coli,EC,carbon_clean,0,1,Polipropileno,L04,B10,OP02,2026-09-07,3.8,37.0,18433.333,4.2656,PASS
EC_016_R3_1,EC_016,3,L04-EC_016-R3,Escherichia coli,EC,capture_probe,1,1,Polipropileno,L04,B10,OP02,2026-09-07,3.8,37.0,18433.333,4.2656,PASS
EC_016_R3_2,EC_016,3,L04-EC_016-R3,Escherichia coli,EC,capture_probe_16S_rRNA,2,1,Polipropileno,L04,B10,OP02,2026-09-07,3.8,37.0,18433.333,4.2656,PASS
EC_017_R1_0,EC_017,1,L02-EC_017-R1,Escherichia coli,EC,carbon_clean,0,1,Aço inoxidável 304,L02,B08,OP01,2026-09-09,3.89,37.0,3226.667,3.5088,PASS
EC_017_R1_1,EC_017,1,L02-EC_017-R1,Escherichia coli,EC,capture_probe,1,1,Aço inoxidável 304,L02,B08,OP01,2026-09-09,3.89,37.0,3226.667,3.5088,PASS
EC_017_R1_2,EC_017,1,L02-EC_017-R1,Escherichia coli,EC,capture_probe_16S_rRNA,2,1,Aço inoxidável 304,L02,B08,OP01,2026-09-09,3.89,37.0,3226.667,3.5088,PASS
EC_017_R2_0,EC_017,2,L02-EC_017-R2,Escherichia coli,EC,carbon_clean,0,1,Aço inoxidável 304,L02,B08,OP01,2026-09-09,3.89,37.0,3226.667,3.5088,PASS
EC_017_R2_1,EC_017,2,L02-EC_017-R2,Escherichia coli,EC,capture_probe,1,1,Aço inoxidável 304,L02,B08,OP01,2026-09-09,3.89,37.0,3226.667,3.5088,PASS
EC_017_R2_2,EC_017,2,L02-EC_017-R2,Escherichia coli,EC,capture_probe_16S_rRNA,2,1,Aço inoxidável 304,L02,B08,OP01,2026-09-09,3.89,37.0,3226.667,3.5088,PASS
EC_017_R3_0,EC_017,3,L02-EC_017-R3,Escherichia coli,EC,carbon_clean,0,1,Aço inoxidável 304,L02,B08,OP01,2026-09-09,3.89,37.0,3226.667,3.5088,PASS
EC_017_R3_1,EC_017,3,L02-EC_017-R3,Escherichia coli,EC,capture_probe,1,1,Aço inoxidável 304,L02,B08,OP01,2026-09-09,3.89,37.0,3226.667,3.5088,PASS
EC_017_R3_2,EC_017,3,L02-EC_017-R3,Escherichia coli,EC,capture_probe_16S_rRNA,2,1,Aço inoxidável 304,L02,B08,OP01,2026-09-09,3.89,37.0,3226.667,3.5088,PASS
EC_018_R1_0,EC_018,1,L02-EC_018-R1,Escherichia coli,EC,carbon_clean,0,1,Polipropileno,L02,B05,OP02,2026-09-09,4.17,36.9,13800.0,4.1399,PASS
EC_018_R1_1,EC_018,1,L02-EC_018-R1,Escherichia coli,EC,capture_probe,1,1,Polipropileno,L02,B05,OP02,2026-09-09,4.17,36.9,13800.0,4.1399,PASS
EC_018_R1_2,EC_018,1,L02-EC_018-R1,Escherichia coli,EC,capture_probe_16S_rRNA,2,1,Polipropileno,L02,B05,OP02,2026-09-09,4.17,36.9,13800.0,4.1399,PASS
EC_018_R2_0,EC_018,2,L02-EC_018-R2,Escherichia coli,EC,carbon_clean,0,1,Polipropileno,L02,B05,OP02,2026-09-09,4.17,36.9,13800.0,4.1399,PASS
EC_018_R2_1,EC_018,2,L02-EC_018-R2,Escherichia coli,EC,capture_probe,1,1,Polipropileno,L02,B05,OP02,2026-09-09,4.17,36.9,13800.0,4.1399,PASS
EC_018_R2_2,EC_018,2,L02-EC_018-R2,Escherichia coli,EC,capture_probe_16S_rRNA,2,1,Polipropileno,L02,B05,OP02,2026-09-09,4.17,36.9,13800.0,4.1399,PASS
EC_018_R3_0,EC_018,3,L02-EC_018-R3,Escherichia coli,EC,carbon_clean,0,1,Polipropileno,L02,B05,OP02,2026-09-09,4.17,36.9,13800.0,4.1399,PASS
EC_018_R3_1,EC_018,3,L02-EC_018-R3,Escherichia coli,EC,capture_probe,1,1,Polipropileno,L02,B05,OP02,2026-09-09,4.17,36.9,13800.0,4.1399,PASS
EC_018_R3_2,EC_018,3,L02-EC_018-R3,Escherichia coli,EC,capture_probe_16S_rRNA,2,1,Polipropileno,L02,B05,OP02,2026-09-09,4.17,36.9,13800.0,4.1399,PASS
EC_019_R1_0,EC_019,1,L03-EC_019-R1,Escherichia coli,EC,carbon_clean,0,1,Vidro,L03,B01,OP02,2026-09-11,3.21,37.4,12233.333,4.0875,PASS
EC_019_R1_1,EC_019,1,L03-EC_019-R1,Escherichia coli,EC,capture_probe,1,1,Vidro,L03,B01,OP02,2026-09-11,3.21,37.4,12233.333,4.0875,PASS
EC_019_R1_2,EC_019,1,L03-EC_019-R1,Escherichia coli,EC,capture_probe_16S_rRNA,2,1,Vidro,L03,B01,OP02,2026-09-11,3.21,37.4,12233.333,4.0875,PASS
EC_019_R2_0,EC_019,2,L03-EC_019-R2,Escherichia coli,EC,carbon_clean,0,1,Vidro,L03,B01,OP02,2026-09-11,3.21,37.4,12233.333,4.0875,PASS
EC_019_R2_1,EC_019,2,L03-EC_019-R2,Escherichia coli,EC,capture_probe,1,1,Vidro,L03,B01,OP02,2026-09-11,3.21,37.4,12233.333,4.0875,PASS
EC_019_R2_2,EC_019,2,L03-EC_019-R2,Escherichia coli,EC,capture_probe_16S_rRNA,2,1,Vidro,L03,B01,OP02,2026-09-11,3.21,37.4,12233.333,4.0875,PASS
EC_019_R3_0,EC_019,3,L03-EC_019-R3,Escherichia coli,EC,carbon_clean,0,1,Vidro,L03,B01,OP02,2026-09-11,3.21,37.4,12233.333,4.0875,PASS
EC_019_R3_1,EC_019,3,L03-EC_019-R3,Escherichia coli,EC,capture_probe,1,1,Vidro,L03,B01,OP02,2026-09-11,3.21,37.4,12233.333,4.0875,PASS
EC_019_R3_2,EC_019,3,L03-EC_019-R3,Escherichia coli,EC,capture_probe_16S_rRNA,2,1,Vidro,L03,B01,OP02,2026-09-11,3.21,37.4,12233.333,4.0875,PASS
EC_020_R1_0,EC_020,1,L02-EC_020-R1,Escherichia coli,EC,carbon_clean,0,1,Polipropileno,L02,B04,OP03,2026-08-11,4.31,37.3,7566666.667,6.8789,PASS
EC_020_R1_1,EC_020,1,L02-EC_020-R1,Escherichia coli,EC,capture_probe,1,1,Polipropileno,L02,B04,OP03,2026-08-11,4.31,37.3,7566666.667,6.8789,PASS
EC_020_R1_2,EC_020,1,L02-EC_020-R1,Escherichia coli,EC,capture_probe_16S_rRNA,2,1,Polipropileno,L02,B04,OP03,2026-08-11,4.31,37.3,7566666.667,6.8789,PASS
EC_020_R2_0,EC_020,2,L02-EC_020-R2,Escherichia coli,EC,carbon_clean,0,1,Polipropileno,L02,B04,OP03,2026-08-11,4.31,37.3,7566666.667,6.8789,PASS
EC_020_R2_1,EC_020,2,L02-EC_020-R2,Escherichia coli,EC,capture_probe,1,1,Polipropileno,L02,B04,OP03,2026-08-11,4.31,37.3,7566666.667,6.8789,REVIEW
EC_020_R2_2,EC_020,2,L02-EC_020-R2,Escherichia coli,EC,capture_probe_16S_rRNA,2,1,Polipropileno,L02,B04,OP03,2026-08-11,4.31,37.3,7566666.667,6.8789,PASS
EC_020_R3_0,EC_020,3,L02-EC_020-R3,Escherichia coli,EC,carbon_clean,0,1,Polipropileno,L02,B04,OP03,2026-08-11,4.31,37.3,7566666.667,6.8789,PASS
EC_020_R3_1,EC_020,3,L02-EC_020-R3,Escherichia coli,EC,capture_probe,1,1,Polipropileno,L02,B04,OP03,2026-08-11,4.31,37.3,7566666.667,6.8789,PASS
EC_020_R3_2,EC_020,3,L02-EC_020-R3,Escherichia coli,EC,capture_probe_16S_rRNA,2,1,Polipropileno,L02,B04,OP03,2026-08-11,4.31,37.3,7566666.667,6.8789,PASS
EC_021_R1_0,EC_021,1,L05-EC_021-R1,Escherichia coli,EC,carbon_clean,0,1,Polietileno de alta densidade,L05,B08,OP01,2026-09-10,3.76,36.2,18166666.667,7.2593,PASS
EC_021_R1_1,EC_021,1,L05-EC_021-R1,Escherichia coli,EC,capture_probe,1,1,Polietileno de alta densidade,L05,B08,OP01,2026-09-10,3.76,36.2,18166666.667,7.2593,PASS
EC_021_R1_2,EC_021,1,L05-EC_021-R1,Escherichia coli,EC,capture_probe_16S_rRNA,2,1,Polietileno de alta densidade,L05,B08,OP01,2026-09-10,3.76,36.2,18166666.667,7.2593,PASS
EC_021_R2_0,EC_021,2,L05-EC_021-R2,Escherichia coli,EC,carbon_clean,0,1,Polietileno de alta densidade,L05,B08,OP01,2026-09-10,3.76,36.2,18166666.667,7.2593,PASS
EC_021_R2_1,EC_021,2,L05-EC_021-R2,Escherichia coli,EC,capture_probe,1,1,Polietileno de alta densidade,L05,B08,OP01,2026-09-10,3.76,36.2,18166666.667,7.2593,PASS
EC_021_R2_2,EC_021,2,L05-EC_021-R2,Escherichia coli,EC,capture_probe_16S_rRNA,2,1,Polietileno de alta densidade,L05,B08,OP01,2026-09-10,3.76,36.2,18166666.667,7.2593,PASS
EC_021_R3_0,EC_021,3,L05-EC_021-R3,Escherichia coli,EC,carbon_clean,0,1,Polietileno de alta densidade,L05,B08,OP01,2026-09-10,3.76,36.2,18166666.667,7.2593,PASS
EC_021_R3_1,EC_021,3,L05-EC_021-R3,Escherichia coli,EC,capture_probe,1,1,Polietileno de alta densidade,L05,B08,OP01,2026-09-10,3.76,36.2,18166666.667,7.2593,PASS
EC_021_R3_2,EC_021,3,L05-EC_021-R3,Escherichia coli,EC,capture_probe_16S_rRNA,2,1,Polietileno de alta densidade,L05,B08,OP01,2026-09-10,3.76,36.2,18166666.667,7.2593,PASS
EC_022_R1_0,EC_022,1,L02-EC_022-R1,Escherichia coli,EC,carbon_clean,0,0,Polipropileno,L02,B05,OP03,2026-08-24,3.97,37.1,3.333,0.5229,PASS
EC_022_R1_1,EC_022,1,L02-EC_022-R1,Escherichia coli,EC,capture_probe,1,0,Polipropileno,L02,B05,OP03,2026-08-24,3.97,37.1,3.333,0.5229,PASS
EC_022_R1_2,EC_022,1,L02-EC_022-R1,Escherichia coli,EC,capture_probe_16S_rRNA,2,0,Polipropileno,L02,B05,OP03,2026-08-24,3.97,37.1,3.333,0.5229,PASS
EC_022_R2_0,EC_022,2,L02-EC_022-R2,Escherichia coli,EC,carbon_clean,0,0,Polipropileno,L02,B05,OP03,2026-08-24,3.97,37.1,3.333,0.5229,PASS
EC_022_R2_1,EC_022,2,L02-EC_022-R2,Escherichia coli,EC,capture_probe,1,0,Polipropileno,L02,B05,OP03,2026-08-24,3.97,37.1,3.333,0.5229,PASS
EC_022_R2_2,EC_022,2,L02-EC_022-R2,Escherichia coli,EC,capture_probe_16S_rRNA,2,0,Polipropileno,L02,B05,OP03,2026-08-24,3.97,37.1,3.333,0.5229,PASS
EC_022_R3_0,EC_022,3,L02-EC_022-R3,Escherichia coli,EC,carbon_clean,0,0,Polipropileno,L02,B05,OP03,2026-08-24,3.97,37.1,3.333,0.5229,PASS
EC_022_R3_1,EC_022,3,L02-EC_022-R3,Escherichia coli,EC,capture_probe,1,0,Polipropileno,L02,B05,OP03,2026-08-24,3.97,37.1,3.333,0.5229,PASS
EC_022_R3_2,EC_022,3,L02-EC_022-R3,Escherichia coli,EC,capture_probe_16S_rRNA,2,0,Polipropileno,L02,B05,OP03,2026-08-24,3.97,37.1,3.333,0.5229,PASS
EC_023_R1_0,EC_023,1,L05-EC_023-R1,Escherichia coli,EC,carbon_clean,0,1,Polietileno de alta densidade,L05,B06,OP01,2026-08-13,3.92,36.9,4966.667,3.6961,PASS
EC_023_R1_1,EC_023,1,L05-EC_023-R1,Escherichia coli,EC,capture_probe,1,1,Polietileno de alta densidade,L05,B06,OP01,2026-08-13,3.92,36.9,4966.667,3.6961,REVIEW
EC_023_R1_2,EC_023,1,L05-EC_023-R1,Escherichia coli,EC,capture_probe_16S_rRNA,2,1,Polietileno de alta densidade,L05,B06,OP01,2026-08-13,3.92,36.9,4966.667,3.6961,PASS
EC_023_R2_0,EC_023,2,L05-EC_023-R2,Escherichia coli,EC,carbon_clean,0,1,Polietileno de alta densidade,L05,B06,OP01,2026-08-13,3.92,36.9,4966.667,3.6961,PASS
EC_023_R2_1,EC_023,2,L05-EC_023-R2,Escherichia coli,EC,capture_probe,1,1,Polietileno de alta densidade,L05,B06,OP01,2026-08-13,3.92,36.9,4966.667,3.6961,PASS
EC_023_R2_2,EC_023,2,L05-EC_023-R2,Escherichia coli,EC,capture_probe_16S_rRNA,2,1,Polietileno de alta densidade,L05,B06,OP01,2026-08-13,3.92,36.9,4966.667,3.6961,PASS
EC_023_R3_0,EC_023,3,L05-EC_023-R3,Escherichia coli,EC,carbon_clean,0,1,Polietileno de alta densidade,L05,B06,OP01,2026-08-13,3.92,36.9,4966.667,3.6961,PASS
EC_023_R3_1,EC_023,3,L05-EC_023-R3,Escherichia coli,EC,capture_probe,1,1,Polietileno de alta densidade,L05,B06,OP01,2026-08-13,3.92,36.9,4966.667,3.6961,PASS
EC_023_R3_2,EC_023,3,L05-EC_023-R3,Escherichia coli,EC,capture_probe_16S_rRNA,2,1,Polietileno de alta densidade,L05,B06,OP01,2026-08-13,3.92,36.9,4966.667,3.6961,PASS
EC_024_R1_0,EC_024,1,L01-EC_024-R1,Escherichia coli,EC,carbon_clean,0,0,Aço inoxidável 304,L01,B03,OP03,2026-09-09,3.82,36.9,0.0,,PASS
EC_024_R1_1,EC_024,1,L01-EC_024-R1,Escherichia coli,EC,capture_probe,1,0,Aço inoxidável 304,L01,B03,OP03,2026-09-09,3.82,36.9,0.0,,PASS
EC_024_R1_2,EC_024,1,L01-EC_024-R1,Escherichia coli,EC,capture_probe_16S_rRNA,2,0,Aço inoxidável 304,L01,B03,OP03,2026-09-09,3.82,36.9,0.0,,FAIL
EC_024_R2_0,EC_024,2,L01-EC_024-R2,Escherichia coli,EC,carbon_clean,0,0,Aço inoxidável 304,L01,B03,OP03,2026-09-09,3.82,36.9,0.0,,PASS
EC_024_R2_1,EC_024,2,L01-EC_024-R2,Escherichia coli,EC,capture_probe,1,0,Aço inoxidável 304,L01,B03,OP03,2026-09-09,3.82,36.9,0.0,,PASS
EC_024_R2_2,EC_024,2,L01-EC_024-R2,Escherichia coli,EC,capture_probe_16S_rRNA,2,0,Aço inoxidável 304,L01,B03,OP03,2026-09-09,3.82,36.9,0.0,,PASS
EC_024_R3_0,EC_024,3,L01-EC_024-R3,Escherichia coli,EC,carbon_clean,0,0,Aço inoxidável 304,L01,B03,OP03,2026-09-09,3.82,36.9,0.0,,PASS
EC_024_R3_1,EC_024,3,L01-EC_024-R3,Escherichia coli,EC,capture_probe,1,0,Aço inoxidável 304,L01,B03,OP03,2026-09-09,3.82,36.9,0.0,,PASS
EC_024_R3_2,EC_024,3,L01-EC_024-R3,Escherichia coli,EC,capture_probe_16S_rRNA,2,0,Aço inoxidável 304,L01,B03,OP03,2026-09-09,3.82,36.9,0.0,,PASS
EC_025_R1_0,EC_025,1,L02-EC_025-R1,Escherichia coli,EC,carbon_clean,0,1,Vidro,L02,B03,OP03,2026-08-22,3.97,37.4,636666.667,5.8039,PASS
EC_025_R1_1,EC_025,1,L02-EC_025-R1,Escherichia coli,EC,capture_probe,1,1,Vidro,L02,B03,OP03,2026-08-22,3.97,37.4,636666.667,5.8039,PASS
EC_025_R1_2,EC_025,1,L02-EC_025-R1,Escherichia coli,EC,capture_probe_16S_rRNA,2,1,Vidro,L02,B03,OP03,2026-08-22,3.97,37.4,636666.667,5.8039,PASS
EC_025_R2_0,EC_025,2,L02-EC_025-R2,Escherichia coli,EC,carbon_clean,0,1,Vidro,L02,B03,OP03,2026-08-22,3.97,37.4,636666.667,5.8039,PASS
EC_025_R2_1,EC_025,2,L02-EC_025-R2,Escherichia coli,EC,capture_probe,1,1,Vidro,L02,B03,OP03,2026-08-22,3.97,37.4,636666.667,5.8039,PASS
EC_025_R2_2,EC_025,2,L02-EC_025-R2,Escherichia coli,EC,capture_probe_16S_rRNA,2,1,Vidro,L02,B03,OP03,2026-08-22,3.97,37.4,636666.667,5.8039,REVIEW
EC_025_R3_0,EC_025,3,L02-EC_025-R3,Escherichia coli,EC,carbon_clean,0,1,Vidro,L02,B03,OP03,2026-08-22,3.97,37.4,636666.667,5.8039,PASS
EC_025_R3_1,EC_025,3,L02-EC_025-R3,Escherichia coli,EC,capture_probe,1,1,Vidro,L02,B03,OP03,2026-08-22,3.97,37.4,636666.667,5.8039,PASS
EC_025_R3_2,EC_025,3,L02-EC_025-R3,Escherichia coli,EC,capture_probe_16S_rRNA,2,1,Vidro,L02,B03,OP03,2026-08-22,3.97,37.4,636666.667,5.8039,PASS
EC_026_R1_0,EC_026,1,L04-EC_026-R1,Escherichia coli,EC,carbon_clean,0,1,Vidro,L04,B01,OP03,2026-08-12,4.14,37.1,1530000.0,6.1847,PASS
EC_026_R1_1,EC_026,1,L04-EC_026-R1,Escherichia coli,EC,capture_probe,1,1,Vidro,L04,B01,OP03,2026-08-12,4.14,37.1,1530000.0,6.1847,PASS
EC_026_R1_2,EC_026,1,L04-EC_026-R1,Escherichia coli,EC,capture_probe_16S_rRNA,2,1,Vidro,L04,B01,OP03,2026-08-12,4.14,37.1,1530000.0,6.1847,PASS
EC_026_R2_0,EC_026,2,L04-EC_026-R2,Escherichia coli,EC,carbon_clean,0,1,Vidro,L04,B01,OP03,2026-08-12,4.14,37.1,1530000.0,6.1847,PASS
EC_026_R2_1,EC_026,2,L04-EC_026-R2,Escherichia coli,EC,capture_probe,1,1,Vidro,L04,B01,OP03,2026-08-12,4.14,37.1,1530000.0,6.1847,PASS
EC_026_R2_2,EC_026,2,L04-EC_026-R2,Escherichia coli,EC,capture_probe_16S_rRNA,2,1,Vidro,L04,B01,OP03,2026-08-12,4.14,37.1,1530000.0,6.1847,PASS
EC_026_R3_0,EC_026,3,L04-EC_026-R3,Escherichia coli,EC,carbon_clean,0,1,Vidro,L04,B01,OP03,2026-08-12,4.14,37.1,1530000.0,6.1847,PASS
EC_026_R3_1,EC_026,3,L04-EC_026-R3,Escherichia coli,EC,capture_probe,1,1,Vidro,L04,B01,OP03,2026-08-12,4.14,37.1,1530000.0,6.1847,PASS
EC_026_R3_2,EC_026,3,L04-EC_026-R3,Escherichia coli,EC,capture_probe_16S_rRNA,2,1,Vidro,L04,B01,OP03,2026-08-12,4.14,37.1,1530000.0,6.1847,PASS
EC_027_R1_0,EC_027,1,L04-EC_027-R1,Escherichia coli,EC,carbon_clean,0,1,Vidro,L04,B03,OP02,2026-09-06,4.51,37.4,500000.0,5.699,PASS
EC_027_R1_1,EC_027,1,L04-EC_027-R1,Escherichia coli,EC,capture_probe,1,1,Vidro,L04,B03,OP02,2026-09-06,4.51,37.4,500000.0,5.699,PASS
EC_027_R1_2,EC_027,1,L04-EC_027-R1,Escherichia coli,EC,capture_probe_16S_rRNA,2,1,Vidro,L04,B03,OP02,2026-09-06,4.51,37.4,500000.0,5.699,PASS
EC_027_R2_0,EC_027,2,L04-EC_027-R2,Escherichia coli,EC,carbon_clean,0,1,Vidro,L04,B03,OP02,2026-09-06,4.51,37.4,500000.0,5.699,PASS
EC_027_R2_1,EC_027,2,L04-EC_027-R2,Escherichia coli,EC,capture_probe,1,1,Vidro,L04,B03,OP02,2026-09-06,4.51,37.4,500000.0,5.699,PASS
EC_027_R2_2,EC_027,2,L04-EC_027-R2,Escherichia coli,EC,capture_probe_16S_rRNA,2,1,Vidro,L04,B03,OP02,2026-09-06,4.51,37.4,500000.0,5.699,PASS
EC_027_R3_0,EC_027,3,L04-EC_027-R3,Escherichia coli,EC,carbon_clean,0,1,Vidro,L04,B03,OP02,2026-09-06,4.51,37.4,500000.0,5.699,PASS
EC_027_R3_1,EC_027,3,L04-EC_027-R3,Escherichia coli,EC,capture_probe,1,1,Vidro,L04,B03,OP02,2026-09-06,4.51,37.4,500000.0,5.699,PASS
EC_027_R3_2,EC_027,3,L04-EC_027-R3,Escherichia coli,EC,capture_probe_16S_rRNA,2,1,Vidro,L04,B03,OP02,2026-09-06,4.51,37.4,500000.0,5.699,PASS
EC_028_R1_0,EC_028,1,L04-EC_028-R1,Escherichia coli,EC,carbon_clean,0,1,Polietileno de alta densidade,L04,B04,OP01,2026-09-09,3.35,36.9,2310000.0,6.3636,PASS
EC_028_R1_1,EC_028,1,L04-EC_028-R1,Escherichia coli,EC,capture_probe,1,1,Polietileno de alta densidade,L04,B04,OP01,2026-09-09,3.35,36.9,2310000.0,6.3636,PASS
EC_028_R1_2,EC_028,1,L04-EC_028-R1,Escherichia coli,EC,capture_probe_16S_rRNA,2,1,Polietileno de alta densidade,L04,B04,OP01,2026-09-09,3.35,36.9,2310000.0,6.3636,PASS
EC_028_R2_0,EC_028,2,L04-EC_028-R2,Escherichia coli,EC,carbon_clean,0,1,Polietileno de alta densidade,L04,B04,OP01,2026-09-09,3.35,36.9,2310000.0,6.3636,PASS
EC_028_R2_1,EC_028,2,L04-EC_028-R2,Escherichia coli,EC,capture_probe,1,1,Polietileno de alta densidade,L04,B04,OP01,2026-09-09,3.35,36.9,2310000.0,6.3636,PASS
EC_028_R2_2,EC_028,2,L04-EC_028-R2,Escherichia coli,EC,capture_probe_16S_rRNA,2,1,Polietileno de alta densidade,L04,B04,OP01,2026-09-09,3.35,36.9,2310000.0,6.3636,PASS
EC_028_R3_0,EC_028,3,L04-EC_028-R3,Escherichia coli,EC,carbon_clean,0,1,Polietileno de alta densidade,L04,B04,OP01,2026-09-09,3.35,36.9,2310000.0,6.3636,PASS
EC_028_R3_1,EC_028,3,L04-EC_028-R3,Escherichia coli,EC,capture_probe,1,1,Polietileno de alta densidade,L04,B04,OP01,2026-09-09,3.35,36.9,2310000.0,6.3636,PASS
EC_028_R3_2,EC_028,3,L04-EC_028-R3,Escherichia coli,EC,capture_probe_16S_rRNA,2,1,Polietileno de alta densidade,L04,B04,OP01,2026-09-09,3.35,36.9,2310000.0,6.3636,PASS
EC_029_R1_0,EC_029,1,L05-EC_029-R1,Escherichia coli,EC,carbon_clean,0,1,Polietileno de alta densidade,L05,B02,OP02,2026-08-06,4.11,36.7,596.667,2.7757,REVIEW
EC_029_R1_1,EC_029,1,L05-EC_029-R1,Escherichia coli,EC,capture_probe,1,1,Polietileno de alta densidade,L05,B02,OP02,2026-08-06,4.11,36.7,596.667,2.7757,PASS
EC_029_R1_2,EC_029,1,L05-EC_029-R1,Escherichia coli,EC,capture_probe_16S_rRNA,2,1,Polietileno de alta densidade,L05,B02,OP02,2026-08-06,4.11,36.7,596.667,2.7757,PASS
EC_029_R2_0,EC_029,2,L05-EC_029-R2,Escherichia coli,EC,carbon_clean,0,1,Polietileno de alta densidade,L05,B02,OP02,2026-08-06,4.11,36.7,596.667,2.7757,PASS
EC_029_R2_1,EC_029,2,L05-EC_029-R2,Escherichia coli,EC,capture_probe,1,1,Polietileno de alta densidade,L05,B02,OP02,2026-08-06,4.11,36.7,596.667,2.7757,PASS
EC_029_R2_2,EC_029,2,L05-EC_029-R2,Escherichia coli,EC,capture_probe_16S_rRNA,2,1,Polietileno de alta densidade,L05,B02,OP02,2026-08-06,4.11,36.7,596.667,2.7757,PASS
EC_029_R3_0,EC_029,3,L05-EC_029-R3,Escherichia coli,EC,carbon_clean,0,1,Polietileno de alta densidade,L05,B02,OP02,2026-08-06,4.11,36.7,596.667,2.7757,PASS
EC_029_R3_1,EC_029,3,L05-EC_029-R3,Escherichia coli,EC,capture_probe,1,1,Polietileno de alta densidade,L05,B02,OP02,2026-08-06,4.11,36.7,596.667,2.7757,PASS
EC_029_R3_2,EC_029,3,L05-EC_029-R3,Escherichia coli,EC,capture_probe_16S_rRNA,2,1,Polietileno de alta densidade,L05,B02,OP02,2026-08-06,4.11,36.7,596.667,2.7757,PASS
EC_030_R1_0,EC_030,1,L04-EC_030-R1,Escherichia coli,EC,carbon_clean,0,1,Polietileno de alta densidade,L04,B07,OP01,2026-08-26,4.08,36.4,440.0,2.6435,PASS
EC_030_R1_1,EC_030,1,L04-EC_030-R1,Escherichia coli,EC,capture_probe,1,1,Polietileno de alta densidade,L04,B07,OP01,2026-08-26,4.08,36.4,440.0,2.6435,PASS
EC_030_R1_2,EC_030,1,L04-EC_030-R1,Escherichia coli,EC,capture_probe_16S_rRNA,2,1,Polietileno de alta densidade,L04,B07,OP01,2026-08-26,4.08,36.4,440.0,2.6435,REVIEW
EC_030_R2_0,EC_030,2,L04-EC_030-R2,Escherichia coli,EC,carbon_clean,0,1,Polietileno de alta densidade,L04,B07,OP01,2026-08-26,4.08,36.4,440.0,2.6435,PASS
EC_030_R2_1,EC_030,2,L04-EC_030-R2,Escherichia coli,EC,capture_probe,1,1,Polietileno de alta densidade,L04,B07,OP01,2026-08-26,4.08,36.4,440.0,2.6435,PASS
EC_030_R2_2,EC_030,2,L04-EC_030-R2,Escherichia coli,EC,capture_probe_16S_rRNA,2,1,Polietileno de alta densidade,L04,B07,OP01,2026-08-26,4.08,36.4,440.0,2.6435,PASS
EC_030_R3_0,EC_030,3,L04-EC_030-R3,Escherichia coli,EC,carbon_clean,0,1,Polietileno de alta densidade,L04,B07,OP01,2026-08-26,4.08,36.4,440.0,2.6435,PASS
EC_030_R3_1,EC_030,3,L04-EC_030-R3,Escherichia coli,EC,capture_probe,1,1,Polietileno de alta densidade,L04,B07,OP01,2026-08-26,4.08,36.4,440.0,2.6435,PASS
EC_030_R3_2,EC_030,3,L04-EC_030-R3,Escherichia coli,EC,capture_probe_16S_rRNA,2,1,Polietileno de alta densidade,L04,B07,OP01,2026-08-26,4.08,36.4,440.0,2.6435,PASS
EC_031_R1_0,EC_031,1,L01-EC_031-R1,Escherichia coli,EC,carbon_clean,0,1,Aço inoxidável 304,L01,B10,OP02,2026-09-12,4.09,37.9,3643333.333,6.5615,PASS
EC_031_R1_1,EC_031,1,L01-EC_031-R1,Escherichia coli,EC,capture_probe,1,1,Aço inoxidável 304,L01,B10,OP02,2026-09-12,4.09,37.9,3643333.333,6.5615,PASS
EC_031_R1_2,EC_031,1,L01-EC_031-R1,Escherichia coli,EC,capture_probe_16S_rRNA,2,1,Aço inoxidável 304,L01,B10,OP02,2026-09-12,4.09,37.9,3643333.333,6.5615,PASS
EC_031_R2_0,EC_031,2,L01-EC_031-R2,Escherichia coli,EC,carbon_clean,0,1,Aço inoxidável 304,L01,B10,OP02,2026-09-12,4.09,37.9,3643333.333,6.5615,PASS
EC_031_R2_1,EC_031,2,L01-EC_031-R2,Escherichia coli,EC,capture_probe,1,1,Aço inoxidável 304,L01,B10,OP02,2026-09-12,4.09,37.9,3643333.333,6.5615,PASS
EC_031_R2_2,EC_031,2,L01-EC_031-R2,Escherichia coli,EC,capture_probe_16S_rRNA,2,1,Aço inoxidável 304,L01,B10,OP02,2026-09-12,4.09,37.9,3643333.333,6.5615,PASS
EC_031_R3_0,EC_031,3,L01-EC_031-R3,Escherichia coli,EC,carbon_clean,0,1,Aço inoxidável 304,L01,B10,OP02,2026-09-12,4.09,37.9,3643333.333,6.5615,PASS
EC_031_R3_1,EC_031,3,L01-EC_031-R3,Escherichia coli,EC,capture_probe,1,1,Aço inoxidável 304,L01,B10,OP02,2026-09-12,4.09,37.9,3643333.333,6.5615,PASS
EC_031_R3_2,EC_031,3,L01-EC_031-R3,Escherichia coli,EC,capture_probe_16S_rRNA,2,1,Aço inoxidável 304,L01,B10,OP02,2026-09-12,4.09,37.9,3643333.333,6.5615,PASS
EC_032_R1_0,EC_032,1,L03-EC_032-R1,Escherichia coli,EC,carbon_clean,0,1,Polietileno de alta densidade,L03,B03,OP02,2026-08-21,4.1,37.6,16266.667,4.2113,PASS
EC_032_R1_1,EC_032,1,L03-EC_032-R1,Escherichia coli,EC,capture_probe,1,1,Polietileno de alta densidade,L03,B03,OP02,2026-08-21,4.1,37.6,16266.667,4.2113,PASS
EC_032_R1_2,EC_032,1,L03-EC_032-R1,Escherichia coli,EC,capture_probe_16S_rRNA,2,1,Polietileno de alta densidade,L03,B03,OP02,2026-08-21,4.1,37.6,16266.667,4.2113,PASS
EC_032_R2_0,EC_032,2,L03-EC_032-R2,Escherichia coli,EC,carbon_clean,0,1,Polietileno de alta densidade,L03,B03,OP02,2026-08-21,4.1,37.6,16266.667,4.2113,PASS
EC_032_R2_1,EC_032,2,L03-EC_032-R2,Escherichia coli,EC,capture_probe,1,1,Polietileno de alta densidade,L03,B03,OP02,2026-08-21,4.1,37.6,16266.667,4.2113,PASS
EC_032_R2_2,EC_032,2,L03-EC_032-R2,Escherichia coli,EC,capture_probe_16S_rRNA,2,1,Polietileno de alta densidade,L03,B03,OP02,2026-08-21,4.1,37.6,16266.667,4.2113,PASS
EC_032_R3_0,EC_032,3,L03-EC_032-R3,Escherichia coli,EC,carbon_clean,0,1,Polietileno de alta densidade,L03,B03,OP02,2026-08-21,4.1,37.6,16266.667,4.2113,PASS
EC_032_R3_1,EC_032,3,L03-EC_032-R3,Escherichia coli,EC,capture_probe,1,1,Polietileno de alta densidade,L03,B03,OP02,2026-08-21,4.1,37.6,16266.667,4.2113,PASS
EC_032_R3_2,EC_032,3,L03-EC_032-R3,Escherichia coli,EC,capture_probe_16S_rRNA,2,1,Polietileno de alta densidade,L03,B03,OP02,2026-08-21,4.1,37.6,16266.667,4.2113,REVIEW
EC_033_R1_0,EC_033,1,L04-EC_033-R1,Escherichia coli,EC,carbon_clean,0,1,Vidro,L04,B01,OP01,2026-09-03,3.91,36.9,18900000.0,7.2765,PASS
EC_033_R1_1,EC_033,1,L04-EC_033-R1,Escherichia coli,EC,capture_probe,1,1,Vidro,L04,B01,OP01,2026-09-03,3.91,36.9,18900000.0,7.2765,PASS
EC_033_R1_2,EC_033,1,L04-EC_033-R1,Escherichia coli,EC,capture_probe_16S_rRNA,2,1,Vidro,L04,B01,OP01,2026-09-03,3.91,36.9,18900000.0,7.2765,REVIEW
EC_033_R2_0,EC_033,2,L04-EC_033-R2,Escherichia coli,EC,carbon_clean,0,1,Vidro,L04,B01,OP01,2026-09-03,3.91,36.9,18900000.0,7.2765,PASS
EC_033_R2_1,EC_033,2,L04-EC_033-R2,Escherichia coli,EC,capture_probe,1,1,Vidro,L04,B01,OP01,2026-09-03,3.91,36.9,18900000.0,7.2765,FAIL
EC_033_R2_2,EC_033,2,L04-EC_033-R2,Escherichia coli,EC,capture_probe_16S_rRNA,2,1,Vidro,L04,B01,OP01,2026-09-03,3.91,36.9,18900000.0,7.2765,PASS
EC_033_R3_0,EC_033,3,L04-EC_033-R3,Escherichia coli,EC,carbon_clean,0,1,Vidro,L04,B01,OP01,2026-09-03,3.91,36.9,18900000.0,7.2765,PASS
EC_033_R3_1,EC_033,3,L04-EC_033-R3,Escherichia coli,EC,capture_probe,1,1,Vidro,L04,B01,OP01,2026-09-03,3.91,36.9,18900000.0,7.2765,PASS
EC_033_R3_2,EC_033,3,L04-EC_033-R3,Escherichia coli,EC,capture_probe_16S_rRNA,2,1,Vidro,L04,B01,OP01,2026-09-03,3.91,36.9,18900000.0,7.2765,PASS
EC_034_R1_0,EC_034,1,L01-EC_034-R1,Escherichia coli,EC,carbon_clean,0,1,Vidro,L01,B08,OP02,2026-08-27,4.13,37.1,8000.0,3.9031,PASS
EC_034_R1_1,EC_034,1,L01-EC_034-R1,Escherichia coli,EC,capture_probe,1,1,Vidro,L01,B08,OP02,2026-08-27,4.13,37.1,8000.0,3.9031,PASS
EC_034_R1_2,EC_034,1,L01-EC_034-R1,Escherichia coli,EC,capture_probe_16S_rRNA,2,1,Vidro,L01,B08,OP02,2026-08-27,4.13,37.1,8000.0,3.9031,PASS
EC_034_R2_0,EC_034,2,L01-EC_034-R2,Escherichia coli,EC,carbon_clean,0,1,Vidro,L01,B08,OP02,2026-08-27,4.13,37.1,8000.0,3.9031,PASS
EC_034_R2_1,EC_034,2,L01-EC_034-R2,Escherichia coli,EC,capture_probe,1,1,Vidro,L01,B08,OP02,2026-08-27,4.13,37.1,8000.0,3.9031,PASS
EC_034_R2_2,EC_034,2,L01-EC_034-R2,Escherichia coli,EC,capture_probe_16S_rRNA,2,1,Vidro,L01,B08,OP02,2026-08-27,4.13,37.1,8000.0,3.9031,PASS
EC_034_R3_0,EC_034,3,L01-EC_034-R3,Escherichia coli,EC,carbon_clean,0,1,Vidro,L01,B08,OP02,2026-08-27,4.13,37.1,8000.0,3.9031,PASS
EC_034_R3_1,EC_034,3,L01-EC_034-R3,Escherichia coli,EC,capture_probe,1,1,Vidro,L01,B08,OP02,2026-08-27,4.13,37.1,8000.0,3.9031,REVIEW
EC_034_R3_2,EC_034,3,L01-EC_034-R3,Escherichia coli,EC,capture_probe_16S_rRNA,2,1,Vidro,L01,B08,OP02,2026-08-27,4.13,37.1,8000.0,3.9031,PASS
EC_035_R1_0,EC_035,1,L04-EC_035-R1,Escherichia coli,EC,carbon_clean,0,1,Polietileno de alta densidade,L04,B08,OP03,2026-08-29,4.07,37.4,125666.667,5.0992,PASS
EC_035_R1_1,EC_035,1,L04-EC_035-R1,Escherichia coli,EC,capture_probe,1,1,Polietileno de alta densidade,L04,B08,OP03,2026-08-29,4.07,37.4,125666.667,5.0992,PASS
EC_035_R1_2,EC_035,1,L04-EC_035-R1,Escherichia coli,EC,capture_probe_16S_rRNA,2,1,Polietileno de alta densidade,L04,B08,OP03,2026-08-29,4.07,37.4,125666.667,5.0992,PASS
EC_035_R2_0,EC_035,2,L04-EC_035-R2,Escherichia coli,EC,carbon_clean,0,1,Polietileno de alta densidade,L04,B08,OP03,2026-08-29,4.07,37.4,125666.667,5.0992,PASS
EC_035_R2_1,EC_035,2,L04-EC_035-R2,Escherichia coli,EC,capture_probe,1,1,Polietileno de alta densidade,L04,B08,OP03,2026-08-29,4.07,37.4,125666.667,5.0992,REVIEW
EC_035_R2_2,EC_035,2,L04-EC_035-R2,Escherichia coli,EC,capture_probe_16S_rRNA,2,1,Polietileno de alta densidade,L04,B08,OP03,2026-08-29,4.07,37.4,125666.667,5.0992,PASS
EC_035_R3_0,EC_035,3,L04-EC_035-R3,Escherichia coli,EC,carbon_clean,0,1,Polietileno de alta densidade,L04,B08,OP03,2026-08-29,4.07,37.4,125666.667,5.0992,REVIEW
EC_035_R3_1,EC_035,3,L04-EC_035-R3,Escherichia coli,EC,capture_probe,1,1,Polietileno de alta densidade,L04,B08,OP03,2026-08-29,4.07,37.4,125666.667,5.0992,PASS
EC_035_R3_2,EC_035,3,L04-EC_035-R3,Escherichia coli,EC,capture_probe_16S_rRNA,2,1,Polietileno de alta densidade,L04,B08,OP03,2026-08-29,4.07,37.4,125666.667,5.0992,PASS
EC_036_R1_0,EC_036,1,L02-EC_036-R1,Escherichia coli,EC,carbon_clean,0,1,Polipropileno,L02,B03,OP03,2026-08-23,3.88,37.3,159666.667,5.2032,REVIEW
EC_036_R1_1,EC_036,1,L02-EC_036-R1,Escherichia coli,EC,capture_probe,1,1,Polipropileno,L02,B03,OP03,2026-08-23,3.88,37.3,159666.667,5.2032,PASS
EC_036_R1_2,EC_036,1,L02-EC_036-R1,Escherichia coli,EC,capture_probe_16S_rRNA,2,1,Polipropileno,L02,B03,OP03,2026-08-23,3.88,37.3,159666.667,5.2032,PASS
EC_036_R2_0,EC_036,2,L02-EC_036-R2,Escherichia coli,EC,carbon_clean,0,1,Polipropileno,L02,B03,OP03,2026-08-23,3.88,37.3,159666.667,5.2032,PASS
EC_036_R2_1,EC_036,2,L02-EC_036-R2,Escherichia coli,EC,capture_probe,1,1,Polipropileno,L02,B03,OP03,2026-08-23,3.88,37.3,159666.667,5.2032,PASS
EC_036_R2_2,EC_036,2,L02-EC_036-R2,Escherichia coli,EC,capture_probe_16S_rRNA,2,1,Polipropileno,L02,B03,OP03,2026-08-23,3.88,37.3,159666.667,5.2032,PASS
EC_036_R3_0,EC_036,3,L02-EC_036-R3,Escherichia coli,EC,carbon_clean,0,1,Polipropileno,L02,B03,OP03,2026-08-23,3.88,37.3,159666.667,5.2032,PASS
EC_036_R3_1,EC_036,3,L02-EC_036-R3,Escherichia coli,EC,capture_probe,1,1,Polipropileno,L02,B03,OP03,2026-08-23,3.88,37.3,159666.667,5.2032,PASS
EC_036_R3_2,EC_036,3,L02-EC_036-R3,Escherichia coli,EC,capture_probe_16S_rRNA,2,1,Polipropileno,L02,B03,OP03,2026-08-23,3.88,37.3,159666.667,5.2032,PASS
EC_037_R1_0,EC_037,1,L05-EC_037-R1,Escherichia coli,EC,carbon_clean,0,1,Aço inoxidável 304,L05,B05,OP03,2026-08-11,4.2,36.9,3466.667,3.5399,PASS
EC_037_R1_1,EC_037,1,L05-EC_037-R1,Escherichia coli,EC,capture_probe,1,1,Aço inoxidável 304,L05,B05,OP03,2026-08-11,4.2,36.9,3466.667,3.5399,PASS
EC_037_R1_2,EC_037,1,L05-EC_037-R1,Escherichia coli,EC,capture_probe_16S_rRNA,2,1,Aço inoxidável 304,L05,B05,OP03,2026-08-11,4.2,36.9,3466.667,3.5399,PASS
EC_037_R2_0,EC_037,2,L05-EC_037-R2,Escherichia coli,EC,carbon_clean,0,1,Aço inoxidável 304,L05,B05,OP03,2026-08-11,4.2,36.9,3466.667,3.5399,PASS
EC_037_R2_1,EC_037,2,L05-EC_037-R2,Escherichia coli,EC,capture_probe,1,1,Aço inoxidável 304,L05,B05,OP03,2026-08-11,4.2,36.9,3466.667,3.5399,PASS
EC_037_R2_2,EC_037,2,L05-EC_037-R2,Escherichia coli,EC,capture_probe_16S_rRNA,2,1,Aço inoxidável 304,L05,B05,OP03,2026-08-11,4.2,36.9,3466.667,3.5399,PASS
EC_037_R3_0,EC_037,3,L05-EC_037-R3,Escherichia coli,EC,carbon_clean,0,1,Aço inoxidável 304,L05,B05,OP03,2026-08-11,4.2,36.9,3466.667,3.5399,PASS
EC_037_R3_1,EC_037,3,L05-EC_037-R3,Escherichia coli,EC,capture_probe,1,1,Aço inoxidável 304,L05,B05,OP03,2026-08-11,4.2,36.9,3466.667,3.5399,PASS
EC_037_R3_2,EC_037,3,L05-EC_037-R3,Escherichia coli,EC,capture_probe_16S_rRNA,2,1,Aço inoxidável 304,L05,B05,OP03,2026-08-11,4.2,36.9,3466.667,3.5399,PASS
EC_038_R1_0,EC_038,1,L04-EC_038-R1,Escherichia coli,EC,carbon_clean,0,0,Aço inoxidável 304,L04,B08,OP01,2026-09-10,4.08,36.8,3.333,0.5229,PASS
EC_038_R1_1,EC_038,1,L04-EC_038-R1,Escherichia coli,EC,capture_probe,1,0,Aço inoxidável 304,L04,B08,OP01,2026-09-10,4.08,36.8,3.333,0.5229,PASS
EC_038_R1_2,EC_038,1,L04-EC_038-R1,Escherichia coli,EC,capture_probe_16S_rRNA,2,0,Aço inoxidável 304,L04,B08,OP01,2026-09-10,4.08,36.8,3.333,0.5229,PASS
EC_038_R2_0,EC_038,2,L04-EC_038-R2,Escherichia coli,EC,carbon_clean,0,0,Aço inoxidável 304,L04,B08,OP01,2026-09-10,4.08,36.8,3.333,0.5229,PASS
EC_038_R2_1,EC_038,2,L04-EC_038-R2,Escherichia coli,EC,capture_probe,1,0,Aço inoxidável 304,L04,B08,OP01,2026-09-10,4.08,36.8,3.333,0.5229,PASS
EC_038_R2_2,EC_038,2,L04-EC_038-R2,Escherichia coli,EC,capture_probe_16S_rRNA,2,0,Aço inoxidável 304,L04,B08,OP01,2026-09-10,4.08,36.8,3.333,0.5229,PASS
EC_038_R3_0,EC_038,3,L04-EC_038-R3,Escherichia coli,EC,carbon_clean,0,0,Aço inoxidável 304,L04,B08,OP01,2026-09-10,4.08,36.8,3.333,0.5229,PASS
EC_038_R3_1,EC_038,3,L04-EC_038-R3,Escherichia coli,EC,capture_probe,1,0,Aço inoxidável 304,L04,B08,OP01,2026-09-10,4.08,36.8,3.333,0.5229,PASS
EC_038_R3_2,EC_038,3,L04-EC_038-R3,Escherichia coli,EC,capture_probe_16S_rRNA,2,0,Aço inoxidável 304,L04,B08,OP01,2026-09-10,4.08,36.8,3.333,0.5229,PASS
EC_039_R1_0,EC_039,1,L03-EC_039-R1,Escherichia coli,EC,carbon_clean,0,0,Vidro,L03,B01,OP03,2026-08-10,3.92,37.3,3.333,0.5229,PASS
EC_039_R1_1,EC_039,1,L03-EC_039-R1,Escherichia coli,EC,capture_probe,1,0,Vidro,L03,B01,OP03,2026-08-10,3.92,37.3,3.333,0.5229,PASS
EC_039_R1_2,EC_039,1,L03-EC_039-R1,Escherichia coli,EC,capture_probe_16S_rRNA,2,0,Vidro,L03,B01,OP03,2026-08-10,3.92,37.3,3.333,0.5229,PASS
EC_039_R2_0,EC_039,2,L03-EC_039-R2,Escherichia coli,EC,carbon_clean,0,0,Vidro,L03,B01,OP03,2026-08-10,3.92,37.3,3.333,0.5229,PASS
EC_039_R2_1,EC_039,2,L03-EC_039-R2,Escherichia coli,EC,capture_probe,1,0,Vidro,L03,B01,OP03,2026-08-10,3.92,37.3,3.333,0.5229,PASS
EC_039_R2_2,EC_039,2,L03-EC_039-R2,Escherichia coli,EC,capture_probe_16S_rRNA,2,0,Vidro,L03,B01,OP03,2026-08-10,3.92,37.3,3.333,0.5229,PASS
EC_039_R3_0,EC_039,3,L03-EC_039-R3,Escherichia coli,EC,carbon_clean,0,0,Vidro,L03,B01,OP03,2026-08-10,3.92,37.3,3.333,0.5229,PASS
EC_039_R3_1,EC_039,3,L03-EC_039-R3,Escherichia coli,EC,capture_probe,1,0,Vidro,L03,B01,OP03,2026-08-10,3.92,37.3,3.333,0.5229,PASS
EC_039_R3_2,EC_039,3,L03-EC_039-R3,Escherichia coli,EC,capture_probe_16S_rRNA,2,0,Vidro,L03,B01,OP03,2026-08-10,3.92,37.3,3.333,0.5229,PASS
EC_040_R1_0,EC_040,1,L04-EC_040-R1,Escherichia coli,EC,carbon_clean,0,1,Polietileno de alta densidade,L04,B10,OP01,2026-08-10,4.79,36.9,185333.333,5.268,PASS
EC_040_R1_1,EC_040,1,L04-EC_040-R1,Escherichia coli,EC,capture_probe,1,1,Polietileno de alta densidade,L04,B10,OP01,2026-08-10,4.79,36.9,185333.333,5.268,PASS
EC_040_R1_2,EC_040,1,L04-EC_040-R1,Escherichia coli,EC,capture_probe_16S_rRNA,2,1,Polietileno de alta densidade,L04,B10,OP01,2026-08-10,4.79,36.9,185333.333,5.268,PASS
EC_040_R2_0,EC_040,2,L04-EC_040-R2,Escherichia coli,EC,carbon_clean,0,1,Polietileno de alta densidade,L04,B10,OP01,2026-08-10,4.79,36.9,185333.333,5.268,PASS
EC_040_R2_1,EC_040,2,L04-EC_040-R2,Escherichia coli,EC,capture_probe,1,1,Polietileno de alta densidade,L04,B10,OP01,2026-08-10,4.79,36.9,185333.333,5.268,PASS
EC_040_R2_2,EC_040,2,L04-EC_040-R2,Escherichia coli,EC,capture_probe_16S_rRNA,2,1,Polietileno de alta densidade,L04,B10,OP01,2026-08-10,4.79,36.9,185333.333,5.268,PASS
EC_040_R3_0,EC_040,3,L04-EC_040-R3,Escherichia coli,EC,carbon_clean,0,1,Polietileno de alta densidade,L04,B10,OP01,2026-08-10,4.79,36.9,185333.333,5.268,PASS
EC_040_R3_1,EC_040,3,L04-EC_040-R3,Escherichia coli,EC,capture_probe,1,1,Polietileno de alta densidade,L04,B10,OP01,2026-08-10,4.79,36.9,185333.333,5.268,PASS
EC_040_R3_2,EC_040,3,L04-EC_040-R3,Escherichia coli,EC,capture_probe_16S_rRNA,2,1,Polietileno de alta densidade,L04,B10,OP01,2026-08-10,4.79,36.9,185333.333,5.268,PASS
EC_041_R1_0,EC_041,1,L03-EC_041-R1,Escherichia coli,EC,carbon_clean,0,0,Polipropileno,L03,B04,OP01,2026-08-20,4.42,37.2,0.0,,PASS
EC_041_R1_1,EC_041,1,L03-EC_041-R1,Escherichia coli,EC,capture_probe,1,0,Polipropileno,L03,B04,OP01,2026-08-20,4.42,37.2,0.0,,PASS
EC_041_R1_2,EC_041,1,L03-EC_041-R1,Escherichia coli,EC,capture_probe_16S_rRNA,2,0,Polipropileno,L03,B04,OP01,2026-08-20,4.42,37.2,0.0,,PASS
EC_041_R2_0,EC_041,2,L03-EC_041-R2,Escherichia coli,EC,carbon_clean,0,0,Polipropileno,L03,B04,OP01,2026-08-20,4.42,37.2,0.0,,PASS
EC_041_R2_1,EC_041,2,L03-EC_041-R2,Escherichia coli,EC,capture_probe,1,0,Polipropileno,L03,B04,OP01,2026-08-20,4.42,37.2,0.0,,PASS
EC_041_R2_2,EC_041,2,L03-EC_041-R2,Escherichia coli,EC,capture_probe_16S_rRNA,2,0,Polipropileno,L03,B04,OP01,2026-08-20,4.42,37.2,0.0,,PASS
EC_041_R3_0,EC_041,3,L03-EC_041-R3,Escherichia coli,EC,carbon_clean,0,0,Polipropileno,L03,B04,OP01,2026-08-20,4.42,37.2,0.0,,PASS
EC_041_R3_1,EC_041,3,L03-EC_041-R3,Escherichia coli,EC,capture_probe,1,0,Polipropileno,L03,B04,OP01,2026-08-20,4.42,37.2,0.0,,PASS
EC_041_R3_2,EC_041,3,L03-EC_041-R3,Escherichia coli,EC,capture_probe_16S_rRNA,2,0,Polipropileno,L03,B04,OP01,2026-08-20,4.42,37.2,0.0,,PASS
EC_042_R1_0,EC_042,1,L04-EC_042-R1,Escherichia coli,EC,carbon_clean,0,1,Polipropileno,L04,B01,OP02,2026-08-26,4.06,37.9,9133333.333,6.9606,PASS
EC_042_R1_1,EC_042,1,L04-EC_042-R1,Escherichia coli,EC,capture_probe,1,1,Polipropileno,L04,B01,OP02,2026-08-26,4.06,37.9,9133333.333,6.9606,PASS
EC_042_R1_2,EC_042,1,L04-EC_042-R1,Escherichia coli,EC,capture_probe_16S_rRNA,2,1,Polipropileno,L04,B01,OP02,2026-08-26,4.06,37.9,9133333.333,6.9606,PASS
EC_042_R2_0,EC_042,2,L04-EC_042-R2,Escherichia coli,EC,carbon_clean,0,1,Polipropileno,L04,B01,OP02,2026-08-26,4.06,37.9,9133333.333,6.9606,PASS
EC_042_R2_1,EC_042,2,L04-EC_042-R2,Escherichia coli,EC,capture_probe,1,1,Polipropileno,L04,B01,OP02,2026-08-26,4.06,37.9,9133333.333,6.9606,PASS
EC_042_R2_2,EC_042,2,L04-EC_042-R2,Escherichia coli,EC,capture_probe_16S_rRNA,2,1,Polipropileno,L04,B01,OP02,2026-08-26,4.06,37.9,9133333.333,6.9606,PASS
EC_042_R3_0,EC_042,3,L04-EC_042-R3,Escherichia coli,EC,carbon_clean,0,1,Polipropileno,L04,B01,OP02,2026-08-26,4.06,37.9,9133333.333,6.9606,PASS
EC_042_R3_1,EC_042,3,L04-EC_042-R3,Escherichia coli,EC,capture_probe,1,1,Polipropileno,L04,B01,OP02,2026-08-26,4.06,37.9,9133333.333,6.9606,PASS
EC_042_R3_2,EC_042,3,L04-EC_042-R3,Escherichia coli,EC,capture_probe_16S_rRNA,2,1,Polipropileno,L04,B01,OP02,2026-08-26,4.06,37.9,9133333.333,6.9606,FAIL
EC_043_R1_0,EC_043,1,L05-EC_043-R1,Escherichia coli,EC,carbon_clean,0,1,Aço inoxidável 304,L05,B02,OP03,2026-08-15,4.1,36.8,1803333.333,6.2561,PASS
EC_043_R1_1,EC_043,1,L05-EC_043-R1,Escherichia coli,EC,capture_probe,1,1,Aço inoxidável 304,L05,B02,OP03,2026-08-15,4.1,36.8,1803333.333,6.2561,PASS
EC_043_R1_2,EC_043,1,L05-EC_043-R1,Escherichia coli,EC,capture_probe_16S_rRNA,2,1,Aço inoxidável 304,L05,B02,OP03,2026-08-15,4.1,36.8,1803333.333,6.2561,REVIEW
EC_043_R2_0,EC_043,2,L05-EC_043-R2,Escherichia coli,EC,carbon_clean,0,1,Aço inoxidável 304,L05,B02,OP03,2026-08-15,4.1,36.8,1803333.333,6.2561,PASS
EC_043_R2_1,EC_043,2,L05-EC_043-R2,Escherichia coli,EC,capture_probe,1,1,Aço inoxidável 304,L05,B02,OP03,2026-08-15,4.1,36.8,1803333.333,6.2561,PASS
EC_043_R2_2,EC_043,2,L05-EC_043-R2,Escherichia coli,EC,capture_probe_16S_rRNA,2,1,Aço inoxidável 304,L05,B02,OP03,2026-08-15,4.1,36.8,1803333.333,6.2561,PASS
EC_043_R3_0,EC_043,3,L05-EC_043-R3,Escherichia coli,EC,carbon_clean,0,1,Aço inoxidável 304,L05,B02,OP03,2026-08-15,4.1,36.8,1803333.333,6.2561,REVIEW
EC_043_R3_1,EC_043,3,L05-EC_043-R3,Escherichia coli,EC,capture_probe,1,1,Aço inoxidável 304,L05,B02,OP03,2026-08-15,4.1,36.8,1803333.333,6.2561,PASS
EC_043_R3_2,EC_043,3,L05-EC_043-R3,Escherichia coli,EC,capture_probe_16S_rRNA,2,1,Aço inoxidável 304,L05,B02,OP03,2026-08-15,4.1,36.8,1803333.333,6.2561,PASS
EC_044_R1_0,EC_044,1,L03-EC_044-R1,Escherichia coli,EC,carbon_clean,0,0,Vidro,L03,B07,OP03,2026-08-17,4.06,37.0,0.0,,PASS
EC_044_R1_1,EC_044,1,L03-EC_044-R1,Escherichia coli,EC,capture_probe,1,0,Vidro,L03,B07,OP03,2026-08-17,4.06,37.0,0.0,,PASS
EC_044_R1_2,EC_044,1,L03-EC_044-R1,Escherichia coli,EC,capture_probe_16S_rRNA,2,0,Vidro,L03,B07,OP03,2026-08-17,4.06,37.0,0.0,,PASS
EC_044_R2_0,EC_044,2,L03-EC_044-R2,Escherichia coli,EC,carbon_clean,0,0,Vidro,L03,B07,OP03,2026-08-17,4.06,37.0,0.0,,PASS
EC_044_R2_1,EC_044,2,L03-EC_044-R2,Escherichia coli,EC,capture_probe,1,0,Vidro,L03,B07,OP03,2026-08-17,4.06,37.0,0.0,,PASS
EC_044_R2_2,EC_044,2,L03-EC_044-R2,Escherichia coli,EC,capture_probe_16S_rRNA,2,0,Vidro,L03,B07,OP03,2026-08-17,4.06,37.0,0.0,,PASS
EC_044_R3_0,EC_044,3,L03-EC_044-R3,Escherichia coli,EC,carbon_clean,0,0,Vidro,L03,B07,OP03,2026-08-17,4.06,37.0,0.0,,PASS
EC_044_R3_1,EC_044,3,L03-EC_044-R3,Escherichia coli,EC,capture_probe,1,0,Vidro,L03,B07,OP03,2026-08-17,4.06,37.0,0.0,,PASS
EC_044_R3_2,EC_044,3,L03-EC_044-R3,Escherichia coli,EC,capture_probe_16S_rRNA,2,0,Vidro,L03,B07,OP03,2026-08-17,4.06,37.0,0.0,,PASS
EC_045_R1_0,EC_045,1,L04-EC_045-R1,Escherichia coli,EC,carbon_clean,0,0,Polipropileno,L04,B07,OP03,2026-08-26,3.79,37.3,6.667,0.8239,PASS
EC_045_R1_1,EC_045,1,L04-EC_045-R1,Escherichia coli,EC,capture_probe,1,0,Polipropileno,L04,B07,OP03,2026-08-26,3.79,37.3,6.667,0.8239,PASS
EC_045_R1_2,EC_045,1,L04-EC_045-R1,Escherichia coli,EC,capture_probe_16S_rRNA,2,0,Polipropileno,L04,B07,OP03,2026-08-26,3.79,37.3,6.667,0.8239,PASS
EC_045_R2_0,EC_045,2,L04-EC_045-R2,Escherichia coli,EC,carbon_clean,0,0,Polipropileno,L04,B07,OP03,2026-08-26,3.79,37.3,6.667,0.8239,PASS
EC_045_R2_1,EC_045,2,L04-EC_045-R2,Escherichia coli,EC,capture_probe,1,0,Polipropileno,L04,B07,OP03,2026-08-26,3.79,37.3,6.667,0.8239,PASS
EC_045_R2_2,EC_045,2,L04-EC_045-R2,Escherichia coli,EC,capture_probe_16S_rRNA,2,0,Polipropileno,L04,B07,OP03,2026-08-26,3.79,37.3,6.667,0.8239,PASS
EC_045_R3_0,EC_045,3,L04-EC_045-R3,Escherichia coli,EC,carbon_clean,0,0,Polipropileno,L04,B07,OP03,2026-08-26,3.79,37.3,6.667,0.8239,PASS
EC_045_R3_1,EC_045,3,L04-EC_045-R3,Escherichia coli,EC,capture_probe,1,0,Polipropileno,L04,B07,OP03,2026-08-26,3.79,37.3,6.667,0.8239,PASS
EC_045_R3_2,EC_045,3,L04-EC_045-R3,Escherichia coli,EC,capture_probe_16S_rRNA,2,0,Polipropileno,L04,B07,OP03,2026-08-26,3.79,37.3,6.667,0.8239,PASS
EC_046_R1_0,EC_046,1,L01-EC_046-R1,Escherichia coli,EC,carbon_clean,0,1,Vidro,L01,B01,OP01,2026-08-29,4.38,36.4,4066.667,3.6092,PASS
EC_046_R1_1,EC_046,1,L01-EC_046-R1,Escherichia coli,EC,capture_probe,1,1,Vidro,L01,B01,OP01,2026-08-29,4.38,36.4,4066.667,3.6092,PASS
EC_046_R1_2,EC_046,1,L01-EC_046-R1,Escherichia coli,EC,capture_probe_16S_rRNA,2,1,Vidro,L01,B01,OP01,2026-08-29,4.38,36.4,4066.667,3.6092,PASS
EC_046_R2_0,EC_046,2,L01-EC_046-R2,Escherichia coli,EC,carbon_clean,0,1,Vidro,L01,B01,OP01,2026-08-29,4.38,36.4,4066.667,3.6092,PASS
EC_046_R2_1,EC_046,2,L01-EC_046-R2,Escherichia coli,EC,capture_probe,1,1,Vidro,L01,B01,OP01,2026-08-29,4.38,36.4,4066.667,3.6092,PASS
EC_046_R2_2,EC_046,2,L01-EC_046-R2,Escherichia coli,EC,capture_probe_16S_rRNA,2,1,Vidro,L01,B01,OP01,2026-08-29,4.38,36.4,4066.667,3.6092,PASS
EC_046_R3_0,EC_046,3,L01-EC_046-R3,Escherichia coli,EC,carbon_clean,0,1,Vidro,L01,B01,OP01,2026-08-29,4.38,36.4,4066.667,3.6092,PASS
EC_046_R3_1,EC_046,3,L01-EC_046-R3,Escherichia coli,EC,capture_probe,1,1,Vidro,L01,B01,OP01,2026-08-29,4.38,36.4,4066.667,3.6092,PASS
EC_046_R3_2,EC_046,3,L01-EC_046-R3,Escherichia coli,EC,capture_probe_16S_rRNA,2,1,Vidro,L01,B01,OP01,2026-08-29,4.38,36.4,4066.667,3.6092,PASS
EC_047_R1_0,EC_047,1,L04-EC_047-R1,Escherichia coli,EC,carbon_clean,0,0,Polipropileno,L04,B05,OP02,2026-08-29,3.88,36.7,0.0,,PASS
EC_047_R1_1,EC_047,1,L04-EC_047-R1,Escherichia coli,EC,capture_probe,1,0,Polipropileno,L04,B05,OP02,2026-08-29,3.88,36.7,0.0,,PASS
EC_047_R1_2,EC_047,1,L04-EC_047-R1,Escherichia coli,EC,capture_probe_16S_rRNA,2,0,Polipropileno,L04,B05,OP02,2026-08-29,3.88,36.7,0.0,,PASS
EC_047_R2_0,EC_047,2,L04-EC_047-R2,Escherichia coli,EC,carbon_clean,0,0,Polipropileno,L04,B05,OP02,2026-08-29,3.88,36.7,0.0,,PASS
EC_047_R2_1,EC_047,2,L04-EC_047-R2,Escherichia coli,EC,capture_probe,1,0,Polipropileno,L04,B05,OP02,2026-08-29,3.88,36.7,0.0,,PASS
EC_047_R2_2,EC_047,2,L04-EC_047-R2,Escherichia coli,EC,capture_probe_16S_rRNA,2,0,Polipropileno,L04,B05,OP02,2026-08-29,3.88,36.7,0.0,,PASS
EC_047_R3_0,EC_047,3,L04-EC_047-R3,Escherichia coli,EC,carbon_clean,0,0,Polipropileno,L04,B05,OP02,2026-08-29,3.88,36.7,0.0,,PASS
EC_047_R3_1,EC_047,3,L04-EC_047-R3,Escherichia coli,EC,capture_probe,1,0,Polipropileno,L04,B05,OP02,2026-08-29,3.88,36.7,0.0,,PASS
EC_047_R3_2,EC_047,3,L04-EC_047-R3,Escherichia coli,EC,capture_probe_16S_rRNA,2,0,Polipropileno,L04,B05,OP02,2026-08-29,3.88,36.7,0.0,,PASS
EC_048_R1_0,EC_048,1,L03-EC_048-R1,Escherichia coli,EC,carbon_clean,0,1,Aço inoxidável 304,L03,B06,OP01,2026-08-04,3.72,37.0,2103.333,3.3229,PASS
EC_048_R1_1,EC_048,1,L03-EC_048-R1,Escherichia coli,EC,capture_probe,1,1,Aço inoxidável 304,L03,B06,OP01,2026-08-04,3.72,37.0,2103.333,3.3229,PASS
EC_048_R1_2,EC_048,1,L03-EC_048-R1,Escherichia coli,EC,capture_probe_16S_rRNA,2,1,Aço inoxidável 304,L03,B06,OP01,2026-08-04,3.72,37.0,2103.333,3.3229,PASS
EC_048_R2_0,EC_048,2,L03-EC_048-R2,Escherichia coli,EC,carbon_clean,0,1,Aço inoxidável 304,L03,B06,OP01,2026-08-04,3.72,37.0,2103.333,3.3229,PASS
EC_048_R2_1,EC_048,2,L03-EC_048-R2,Escherichia coli,EC,capture_probe,1,1,Aço inoxidável 304,L03,B06,OP01,2026-08-04,3.72,37.0,2103.333,3.3229,PASS
EC_048_R2_2,EC_048,2,L03-EC_048-R2,Escherichia coli,EC,capture_probe_16S_rRNA,2,1,Aço inoxidável 304,L03,B06,OP01,2026-08-04,3.72,37.0,2103.333,3.3229,PASS
EC_048_R3_0,EC_048,3,L03-EC_048-R3,Escherichia coli,EC,carbon_clean,0,1,Aço inoxidável 304,L03,B06,OP01,2026-08-04,3.72,37.0,2103.333,3.3229,REVIEW
EC_048_R3_1,EC_048,3,L03-EC_048-R3,Escherichia coli,EC,capture_probe,1,1,Aço inoxidável 304,L03,B06,OP01,2026-08-04,3.72,37.0,2103.333,3.3229,PASS
EC_048_R3_2,EC_048,3,L03-EC_048-R3,Escherichia coli,EC,capture_probe_16S_rRNA,2,1,Aço inoxidável 304,L03,B06,OP01,2026-08-04,3.72,37.0,2103.333,3.3229,PASS
EC_049_R1_0,EC_049,1,L05-EC_049-R1,Escherichia coli,EC,carbon_clean,0,1,Aço inoxidável 304,L05,B09,OP03,2026-08-16,3.99,37.2,14166666.667,7.1513,PASS
EC_049_R1_1,EC_049,1,L05-EC_049-R1,Escherichia coli,EC,capture_probe,1,1,Aço inoxidável 304,L05,B09,OP03,2026-08-16,3.99,37.2,14166666.667,7.1513,PASS
EC_049_R1_2,EC_049,1,L05-EC_049-R1,Escherichia coli,EC,capture_probe_16S_rRNA,2,1,Aço inoxidável 304,L05,B09,OP03,2026-08-16,3.99,37.2,14166666.667,7.1513,PASS
EC_049_R2_0,EC_049,2,L05-EC_049-R2,Escherichia coli,EC,carbon_clean,0,1,Aço inoxidável 304,L05,B09,OP03,2026-08-16,3.99,37.2,14166666.667,7.1513,PASS
EC_049_R2_1,EC_049,2,L05-EC_049-R2,Escherichia coli,EC,capture_probe,1,1,Aço inoxidável 304,L05,B09,OP03,2026-08-16,3.99,37.2,14166666.667,7.1513,PASS
EC_049_R2_2,EC_049,2,L05-EC_049-R2,Escherichia coli,EC,capture_probe_16S_rRNA,2,1,Aço inoxidável 304,L05,B09,OP03,2026-08-16,3.99,37.2,14166666.667,7.1513,PASS
EC_049_R3_0,EC_049,3,L05-EC_049-R3,Escherichia coli,EC,carbon_clean,0,1,Aço inoxidável 304,L05,B09,OP03,2026-08-16,3.99,37.2,14166666.667,7.1513,PASS
EC_049_R3_1,EC_049,3,L05-EC_049-R3,Escherichia coli,EC,capture_probe,1,1,Aço inoxidável 304,L05,B09,OP03,2026-08-16,3.99,37.2,14166666.667,7.1513,PASS
EC_049_R3_2,EC_049,3,L05-EC_049-R3,Escherichia coli,EC,capture_probe_16S_rRNA,2,1,Aço inoxidável 304,L05,B09,OP03,2026-08-16,3.99,37.2,14166666.667,7.1513,PASS
EC_050_R1_0,EC_050,1,L01-EC_050-R1,Escherichia coli,EC,carbon_clean,0,1,Aço inoxidável 304,L01,B01,OP01,2026-08-05,4.16,37.0,4763333.333,6.6779,PASS
EC_050_R1_1,EC_050,1,L01-EC_050-R1,Escherichia coli,EC,capture_probe,1,1,Aço inoxidável 304,L01,B01,OP01,2026-08-05,4.16,37.0,4763333.333,6.6779,PASS
EC_050_R1_2,EC_050,1,L01-EC_050-R1,Escherichia coli,EC,capture_probe_16S_rRNA,2,1,Aço inoxidável 304,L01,B01,OP01,2026-08-05,4.16,37.0,4763333.333,6.6779,PASS
EC_050_R2_0,EC_050,2,L01-EC_050-R2,Escherichia coli,EC,carbon_clean,0,1,Aço inoxidável 304,L01,B01,OP01,2026-08-05,4.16,37.0,4763333.333,6.6779,PASS
EC_050_R2_1,EC_050,2,L01-EC_050-R2,Escherichia coli,EC,capture_probe,1,1,Aço inoxidável 304,L01,B01,OP01,2026-08-05,4.16,37.0,4763333.333,6.6779,PASS
EC_050_R2_2,EC_050,2,L01-EC_050-R2,Escherichia coli,EC,capture_probe_16S_rRNA,2,1,Aço inoxidável 304,L01,B01,OP01,2026-08-05,4.16,37.0,4763333.333,6.6779,PASS
EC_050_R3_0,EC_050,3,L01-EC_050-R3,Escherichia coli,EC,carbon_clean,0,1,Aço inoxidável 304,L01,B01,OP01,2026-08-05,4.16,37.0,4763333.333,6.6779,PASS
EC_050_R3_1,EC_050,3,L01-EC_050-R3,Escherichia coli,EC,capture_probe,1,1,Aço inoxidável 304,L01,B01,OP01,2026-08-05,4.16,37.0,4763333.333,6.6779,PASS
EC_050_R3_2,EC_050,3,L01-EC_050-R3,Escherichia coli,EC,capture_probe_16S_rRNA,2,1,Aço inoxidável 304,L01,B01,OP01,2026-08-05,4.16,37.0,4763333.333,6.6779,PASS
EC_051_R1_0,EC_051,1,L03-EC_051-R1,Escherichia coli,EC,carbon_clean,0,1,Polietileno de alta densidade,L03,B09,OP03,2026-09-01,4.28,37.4,19133333.333,7.2818,PASS
EC_051_R1_1,EC_051,1,L03-EC_051-R1,Escherichia coli,EC,capture_probe,1,1,Polietileno de alta densidade,L03,B09,OP03,2026-09-01,4.28,37.4,19133333.333,7.2818,FAIL
EC_051_R1_2,EC_051,1,L03-EC_051-R1,Escherichia coli,EC,capture_probe_16S_rRNA,2,1,Polietileno de alta densidade,L03,B09,OP03,2026-09-01,4.28,37.4,19133333.333,7.2818,PASS
EC_051_R2_0,EC_051,2,L03-EC_051-R2,Escherichia coli,EC,carbon_clean,0,1,Polietileno de alta densidade,L03,B09,OP03,2026-09-01,4.28,37.4,19133333.333,7.2818,PASS
EC_051_R2_1,EC_051,2,L03-EC_051-R2,Escherichia coli,EC,capture_probe,1,1,Polietileno de alta densidade,L03,B09,OP03,2026-09-01,4.28,37.4,19133333.333,7.2818,PASS
EC_051_R2_2,EC_051,2,L03-EC_051-R2,Escherichia coli,EC,capture_probe_16S_rRNA,2,1,Polietileno de alta densidade,L03,B09,OP03,2026-09-01,4.28,37.4,19133333.333,7.2818,PASS
EC_051_R3_0,EC_051,3,L03-EC_051-R3,Escherichia coli,EC,carbon_clean,0,1,Polietileno de alta densidade,L03,B09,OP03,2026-09-01,4.28,37.4,19133333.333,7.2818,PASS
EC_051_R3_1,EC_051,3,L03-EC_051-R3,Escherichia coli,EC,capture_probe,1,1,Polietileno de alta densidade,L03,B09,OP03,2026-09-01,4.28,37.4,19133333.333,7.2818,PASS
EC_051_R3_2,EC_051,3,L03-EC_051-R3,Escherichia coli,EC,capture_probe_16S_rRNA,2,1,Polietileno de alta densidade,L03,B09,OP03,2026-09-01,4.28,37.4,19133333.333,7.2818,PASS
EC_052_R1_0,EC_052,1,L03-EC_052-R1,Escherichia coli,EC,carbon_clean,0,1,Polietileno de alta densidade,L03,B04,OP02,2026-08-17,3.84,36.7,25200.0,4.4014,PASS
EC_052_R1_1,EC_052,1,L03-EC_052-R1,Escherichia coli,EC,capture_probe,1,1,Polietileno de alta densidade,L03,B04,OP02,2026-08-17,3.84,36.7,25200.0,4.4014,REVIEW
EC_052_R1_2,EC_052,1,L03-EC_052-R1,Escherichia coli,EC,capture_probe_16S_rRNA,2,1,Polietileno de alta densidade,L03,B04,OP02,2026-08-17,3.84,36.7,25200.0,4.4014,PASS
EC_052_R2_0,EC_052,2,L03-EC_052-R2,Escherichia coli,EC,carbon_clean,0,1,Polietileno de alta densidade,L03,B04,OP02,2026-08-17,3.84,36.7,25200.0,4.4014,PASS
EC_052_R2_1,EC_052,2,L03-EC_052-R2,Escherichia coli,EC,capture_probe,1,1,Polietileno de alta densidade,L03,B04,OP02,2026-08-17,3.84,36.7,25200.0,4.4014,PASS
EC_052_R2_2,EC_052,2,L03-EC_052-R2,Escherichia coli,EC,capture_probe_16S_rRNA,2,1,Polietileno de alta densidade,L03,B04,OP02,2026-08-17,3.84,36.7,25200.0,4.4014,PASS
EC_052_R3_0,EC_052,3,L03-EC_052-R3,Escherichia coli,EC,carbon_clean,0,1,Polietileno de alta densidade,L03,B04,OP02,2026-08-17,3.84,36.7,25200.0,4.4014,PASS
EC_052_R3_1,EC_052,3,L03-EC_052-R3,Escherichia coli,EC,capture_probe,1,1,Polietileno de alta densidade,L03,B04,OP02,2026-08-17,3.84,36.7,25200.0,4.4014,PASS
EC_052_R3_2,EC_052,3,L03-EC_052-R3,Escherichia coli,EC,capture_probe_16S_rRNA,2,1,Polietileno de alta densidade,L03,B04,OP02,2026-08-17,3.84,36.7,25200.0,4.4014,PASS
EC_053_R1_0,EC_053,1,L04-EC_053-R1,Escherichia coli,EC,carbon_clean,0,0,Polipropileno,L04,B04,OP03,2026-09-01,4.15,37.1,0.0,,REVIEW
EC_053_R1_1,EC_053,1,L04-EC_053-R1,Escherichia coli,EC,capture_probe,1,0,Polipropileno,L04,B04,OP03,2026-09-01,4.15,37.1,0.0,,PASS
EC_053_R1_2,EC_053,1,L04-EC_053-R1,Escherichia coli,EC,capture_probe_16S_rRNA,2,0,Polipropileno,L04,B04,OP03,2026-09-01,4.15,37.1,0.0,,PASS
EC_053_R2_0,EC_053,2,L04-EC_053-R2,Escherichia coli,EC,carbon_clean,0,0,Polipropileno,L04,B04,OP03,2026-09-01,4.15,37.1,0.0,,PASS
EC_053_R2_1,EC_053,2,L04-EC_053-R2,Escherichia coli,EC,capture_probe,1,0,Polipropileno,L04,B04,OP03,2026-09-01,4.15,37.1,0.0,,PASS
EC_053_R2_2,EC_053,2,L04-EC_053-R2,Escherichia coli,EC,capture_probe_16S_rRNA,2,0,Polipropileno,L04,B04,OP03,2026-09-01,4.15,37.1,0.0,,PASS
EC_053_R3_0,EC_053,3,L04-EC_053-R3,Escherichia coli,EC,carbon_clean,0,0,Polipropileno,L04,B04,OP03,2026-09-01,4.15,37.1,0.0,,REVIEW
EC_053_R3_1,EC_053,3,L04-EC_053-R3,Escherichia coli,EC,capture_probe,1,0,Polipropileno,L04,B04,OP03,2026-09-01,4.15,37.1,0.0,,PASS
EC_053_R3_2,EC_053,3,L04-EC_053-R3,Escherichia coli,EC,capture_probe_16S_rRNA,2,0,Polipropileno,L04,B04,OP03,2026-09-01,4.15,37.1,0.0,,PASS
EC_054_R1_0,EC_054,1,L04-EC_054-R1,Escherichia coli,EC,carbon_clean,0,0,Polietileno de alta densidade,L04,B10,OP03,2026-08-02,4.33,37.3,0.0,,PASS
EC_054_R1_1,EC_054,1,L04-EC_054-R1,Escherichia coli,EC,capture_probe,1,0,Polietileno de alta densidade,L04,B10,OP03,2026-08-02,4.33,37.3,0.0,,REVIEW
EC_054_R1_2,EC_054,1,L04-EC_054-R1,Escherichia coli,EC,capture_probe_16S_rRNA,2,0,Polietileno de alta densidade,L04,B10,OP03,2026-08-02,4.33,37.3,0.0,,PASS
EC_054_R2_0,EC_054,2,L04-EC_054-R2,Escherichia coli,EC,carbon_clean,0,0,Polietileno de alta densidade,L04,B10,OP03,2026-08-02,4.33,37.3,0.0,,PASS
EC_054_R2_1,EC_054,2,L04-EC_054-R2,Escherichia coli,EC,capture_probe,1,0,Polietileno de alta densidade,L04,B10,OP03,2026-08-02,4.33,37.3,0.0,,REVIEW
EC_054_R2_2,EC_054,2,L04-EC_054-R2,Escherichia coli,EC,capture_probe_16S_rRNA,2,0,Polietileno de alta densidade,L04,B10,OP03,2026-08-02,4.33,37.3,0.0,,PASS
EC_054_R3_0,EC_054,3,L04-EC_054-R3,Escherichia coli,EC,carbon_clean,0,0,Polietileno de alta densidade,L04,B10,OP03,2026-08-02,4.33,37.3,0.0,,PASS
EC_054_R3_1,EC_054,3,L04-EC_054-R3,Escherichia coli,EC,capture_probe,1,0,Polietileno de alta densidade,L04,B10,OP03,2026-08-02,4.33,37.3,0.0,,PASS
EC_054_R3_2,EC_054,3,L04-EC_054-R3,Escherichia coli,EC,capture_probe_16S_rRNA,2,0,Polietileno de alta densidade,L04,B10,OP03,2026-08-02,4.33,37.3,0.0,,PASS
EC_055_R1_0,EC_055,1,L03-EC_055-R1,Escherichia coli,EC,carbon_clean,0,0,Aço inoxidável 304,L03,B05,OP02,2026-08-10,3.84,37.5,3.333,0.5229,PASS
EC_055_R1_1,EC_055,1,L03-EC_055-R1,Escherichia coli,EC,capture_probe,1,0,Aço inoxidável 304,L03,B05,OP02,2026-08-10,3.84,37.5,3.333,0.5229,PASS
EC_055_R1_2,EC_055,1,L03-EC_055-R1,Escherichia coli,EC,capture_probe_16S_rRNA,2,0,Aço inoxidável 304,L03,B05,OP02,2026-08-10,3.84,37.5,3.333,0.5229,PASS
EC_055_R2_0,EC_055,2,L03-EC_055-R2,Escherichia coli,EC,carbon_clean,0,0,Aço inoxidável 304,L03,B05,OP02,2026-08-10,3.84,37.5,3.333,0.5229,PASS
EC_055_R2_1,EC_055,2,L03-EC_055-R2,Escherichia coli,EC,capture_probe,1,0,Aço inoxidável 304,L03,B05,OP02,2026-08-10,3.84,37.5,3.333,0.5229,PASS
EC_055_R2_2,EC_055,2,L03-EC_055-R2,Escherichia coli,EC,capture_probe_16S_rRNA,2,0,Aço inoxidável 304,L03,B05,OP02,2026-08-10,3.84,37.5,3.333,0.5229,PASS
EC_055_R3_0,EC_055,3,L03-EC_055-R3,Escherichia coli,EC,carbon_clean,0,0,Aço inoxidável 304,L03,B05,OP02,2026-08-10,3.84,37.5,3.333,0.5229,PASS
EC_055_R3_1,EC_055,3,L03-EC_055-R3,Escherichia coli,EC,capture_probe,1,0,Aço inoxidável 304,L03,B05,OP02,2026-08-10,3.84,37.5,3.333,0.5229,PASS
EC_055_R3_2,EC_055,3,L03-EC_055-R3,Escherichia coli,EC,capture_probe_16S_rRNA,2,0,Aço inoxidável 304,L03,B05,OP02,2026-08-10,3.84,37.5,3.333,0.5229,PASS
EC_056_R1_0,EC_056,1,L03-EC_056-R1,Escherichia coli,EC,carbon_clean,0,1,Polipropileno,L03,B09,OP01,2026-08-24,4.19,36.9,16600.0,4.2201,PASS
EC_056_R1_1,EC_056,1,L03-EC_056-R1,Escherichia coli,EC,capture_probe,1,1,Polipropileno,L03,B09,OP01,2026-08-24,4.19,36.9,16600.0,4.2201,PASS
EC_056_R1_2,EC_056,1,L03-EC_056-R1,Escherichia coli,EC,capture_probe_16S_rRNA,2,1,Polipropileno,L03,B09,OP01,2026-08-24,4.19,36.9,16600.0,4.2201,PASS
EC_056_R2_0,EC_056,2,L03-EC_056-R2,Escherichia coli,EC,carbon_clean,0,1,Polipropileno,L03,B09,OP01,2026-08-24,4.19,36.9,16600.0,4.2201,PASS
EC_056_R2_1,EC_056,2,L03-EC_056-R2,Escherichia coli,EC,capture_probe,1,1,Polipropileno,L03,B09,OP01,2026-08-24,4.19,36.9,16600.0,4.2201,PASS
EC_056_R2_2,EC_056,2,L03-EC_056-R2,Escherichia coli,EC,capture_probe_16S_rRNA,2,1,Polipropileno,L03,B09,OP01,2026-08-24,4.19,36.9,16600.0,4.2201,PASS
EC_056_R3_0,EC_056,3,L03-EC_056-R3,Escherichia coli,EC,carbon_clean,0,1,Polipropileno,L03,B09,OP01,2026-08-24,4.19,36.9,16600.0,4.2201,PASS
EC_056_R3_1,EC_056,3,L03-EC_056-R3,Escherichia coli,EC,capture_probe,1,1,Polipropileno,L03,B09,OP01,2026-08-24,4.19,36.9,16600.0,4.2201,PASS
EC_056_R3_2,EC_056,3,L03-EC_056-R3,Escherichia coli,EC,capture_probe_16S_rRNA,2,1,Polipropileno,L03,B09,OP01,2026-08-24,4.19,36.9,16600.0,4.2201,PASS
EC_057_R1_0,EC_057,1,L02-EC_057-R1,Escherichia coli,EC,carbon_clean,0,1,Polipropileno,L02,B02,OP03,2026-09-03,4.01,37.4,5533.333,3.743,PASS
EC_057_R1_1,EC_057,1,L02-EC_057-R1,Escherichia coli,EC,capture_probe,1,1,Polipropileno,L02,B02,OP03,2026-09-03,4.01,37.4,5533.333,3.743,PASS
EC_057_R1_2,EC_057,1,L02-EC_057-R1,Escherichia coli,EC,capture_probe_16S_rRNA,2,1,Polipropileno,L02,B02,OP03,2026-09-03,4.01,37.4,5533.333,3.743,PASS
EC_057_R2_0,EC_057,2,L02-EC_057-R2,Escherichia coli,EC,carbon_clean,0,1,Polipropileno,L02,B02,OP03,2026-09-03,4.01,37.4,5533.333,3.743,PASS
EC_057_R2_1,EC_057,2,L02-EC_057-R2,Escherichia coli,EC,capture_probe,1,1,Polipropileno,L02,B02,OP03,2026-09-03,4.01,37.4,5533.333,3.743,PASS
EC_057_R2_2,EC_057,2,L02-EC_057-R2,Escherichia coli,EC,capture_probe_16S_rRNA,2,1,Polipropileno,L02,B02,OP03,2026-09-03,4.01,37.4,5533.333,3.743,PASS
EC_057_R3_0,EC_057,3,L02-EC_057-R3,Escherichia coli,EC,carbon_clean,0,1,Polipropileno,L02,B02,OP03,2026-09-03,4.01,37.4,5533.333,3.743,PASS
EC_057_R3_1,EC_057,3,L02-EC_057-R3,Escherichia coli,EC,capture_probe,1,1,Polipropileno,L02,B02,OP03,2026-09-03,4.01,37.4,5533.333,3.743,PASS
EC_057_R3_2,EC_057,3,L02-EC_057-R3,Escherichia coli,EC,capture_probe_16S_rRNA,2,1,Polipropileno,L02,B02,OP03,2026-09-03,4.01,37.4,5533.333,3.743,REVIEW
EC_058_R1_0,EC_058,1,L02-EC_058-R1,Escherichia coli,EC,carbon_clean,0,0,Aço inoxidável 304,L02,B06,OP01,2026-08-27,3.98,36.6,3.333,0.5229,PASS
EC_058_R1_1,EC_058,1,L02-EC_058-R1,Escherichia coli,EC,capture_probe,1,0,Aço inoxidável 304,L02,B06,OP01,2026-08-27,3.98,36.6,3.333,0.5229,PASS
EC_058_R1_2,EC_058,1,L02-EC_058-R1,Escherichia coli,EC,capture_probe_16S_rRNA,2,0,Aço inoxidável 304,L02,B06,OP01,2026-08-27,3.98,36.6,3.333,0.5229,PASS
EC_058_R2_0,EC_058,2,L02-EC_058-R2,Escherichia coli,EC,carbon_clean,0,0,Aço inoxidável 304,L02,B06,OP01,2026-08-27,3.98,36.6,3.333,0.5229,PASS
EC_058_R2_1,EC_058,2,L02-EC_058-R2,Escherichia coli,EC,capture_probe,1,0,Aço inoxidável 304,L02,B06,OP01,2026-08-27,3.98,36.6,3.333,0.5229,PASS
EC_058_R2_2,EC_058,2,L02-EC_058-R2,Escherichia coli,EC,capture_probe_16S_rRNA,2,0,Aço inoxidável 304,L02,B06,OP01,2026-08-27,3.98,36.6,3.333,0.5229,PASS
EC_058_R3_0,EC_058,3,L02-EC_058-R3,Escherichia coli,EC,carbon_clean,0,0,Aço inoxidável 304,L02,B06,OP01,2026-08-27,3.98,36.6,3.333,0.5229,PASS
EC_058_R3_1,EC_058,3,L02-EC_058-R3,Escherichia coli,EC,capture_probe,1,0,Aço inoxidável 304,L02,B06,OP01,2026-08-27,3.98,36.6,3.333,0.5229,PASS
EC_058_R3_2,EC_058,3,L02-EC_058-R3,Escherichia coli,EC,capture_probe_16S_rRNA,2,0,Aço inoxidável 304,L02,B06,OP01,2026-08-27,3.98,36.6,3.333,0.5229,PASS
EC_059_R1_0,EC_059,1,L02-EC_059-R1,Escherichia coli,EC,carbon_clean,0,1,Polietileno de alta densidade,L02,B01,OP03,2026-09-01,3.6,37.2,426.667,2.6301,PASS
EC_059_R1_1,EC_059,1,L02-EC_059-R1,Escherichia coli,EC,capture_probe,1,1,Polietileno de alta densidade,L02,B01,OP03,2026-09-01,3.6,37.2,426.667,2.6301,PASS
EC_059_R1_2,EC_059,1,L02-EC_059-R1,Escherichia coli,EC,capture_probe_16S_rRNA,2,1,Polietileno de alta densidade,L02,B01,OP03,2026-09-01,3.6,37.2,426.667,2.6301,PASS
EC_059_R2_0,EC_059,2,L02-EC_059-R2,Escherichia coli,EC,carbon_clean,0,1,Polietileno de alta densidade,L02,B01,OP03,2026-09-01,3.6,37.2,426.667,2.6301,PASS
EC_059_R2_1,EC_059,2,L02-EC_059-R2,Escherichia coli,EC,capture_probe,1,1,Polietileno de alta densidade,L02,B01,OP03,2026-09-01,3.6,37.2,426.667,2.6301,PASS
EC_059_R2_2,EC_059,2,L02-EC_059-R2,Escherichia coli,EC,capture_probe_16S_rRNA,2,1,Polietileno de alta densidade,L02,B01,OP03,2026-09-01,3.6,37.2,426.667,2.6301,PASS
EC_059_R3_0,EC_059,3,L02-EC_059-R3,Escherichia coli,EC,carbon_clean,0,1,Polietileno de alta densidade,L02,B01,OP03,2026-09-01,3.6,37.2,426.667,2.6301,PASS
EC_059_R3_1,EC_059,3,L02-EC_059-R3,Escherichia coli,EC,capture_probe,1,1,Polietileno de alta densidade,L02,B01,OP03,2026-09-01,3.6,37.2,426.667,2.6301,PASS
EC_059_R3_2,EC_059,3,L02-EC_059-R3,Escherichia coli,EC,capture_probe_16S_rRNA,2,1,Polietileno de alta densidade,L02,B01,OP03,2026-09-01,3.6,37.2,426.667,2.6301,PASS
EC_060_R1_0,EC_060,1,L03-EC_060-R1,Escherichia coli,EC,carbon_clean,0,0,Vidro,L03,B09,OP01,2026-09-10,4.16,37.1,6.667,0.8239,PASS
EC_060_R1_1,EC_060,1,L03-EC_060-R1,Escherichia coli,EC,capture_probe,1,0,Vidro,L03,B09,OP01,2026-09-10,4.16,37.1,6.667,0.8239,PASS
EC_060_R1_2,EC_060,1,L03-EC_060-R1,Escherichia coli,EC,capture_probe_16S_rRNA,2,0,Vidro,L03,B09,OP01,2026-09-10,4.16,37.1,6.667,0.8239,PASS
EC_060_R2_0,EC_060,2,L03-EC_060-R2,Escherichia coli,EC,carbon_clean,0,0,Vidro,L03,B09,OP01,2026-09-10,4.16,37.1,6.667,0.8239,PASS
EC_060_R2_1,EC_060,2,L03-EC_060-R2,Escherichia coli,EC,capture_probe,1,0,Vidro,L03,B09,OP01,2026-09-10,4.16,37.1,6.667,0.8239,PASS
EC_060_R2_2,EC_060,2,L03-EC_060-R2,Escherichia coli,EC,capture_probe_16S_rRNA,2,0,Vidro,L03,B09,OP01,2026-09-10,4.16,37.1,6.667,0.8239,PASS
EC_060_R3_0,EC_060,3,L03-EC_060-R3,Escherichia coli,EC,carbon_clean,0,0,Vidro,L03,B09,OP01,2026-09-10,4.16,37.1,6.667,0.8239,PASS
EC_060_R3_1,EC_060,3,L03-EC_060-R3,Escherichia coli,EC,capture_probe,1,0,Vidro,L03,B09,OP01,2026-09-10,4.16,37.1,6.667,0.8239,PASS
EC_060_R3_2,EC_060,3,L03-EC_060-R3,Escherichia coli,EC,capture_probe_16S_rRNA,2,0,Vidro,L03,B09,OP01,2026-09-10,4.16,37.1,6.667,0.8239,PASS
EC_061_R1_0,EC_061,1,L03-EC_061-R1,Escherichia coli,EC,carbon_clean,0,1,Vidro,L03,B04,OP01,2026-08-21,4.01,36.8,19066.667,4.2803,PASS
EC_061_R1_1,EC_061,1,L03-EC_061-R1,Escherichia coli,EC,capture_probe,1,1,Vidro,L03,B04,OP01,2026-08-21,4.01,36.8,19066.667,4.2803,PASS
EC_061_R1_2,EC_061,1,L03-EC_061-R1,Escherichia coli,EC,capture_probe_16S_rRNA,2,1,Vidro,L03,B04,OP01,2026-08-21,4.01,36.8,19066.667,4.2803,PASS
EC_061_R2_0,EC_061,2,L03-EC_061-R2,Escherichia coli,EC,carbon_clean,0,1,Vidro,L03,B04,OP01,2026-08-21,4.01,36.8,19066.667,4.2803,PASS
EC_061_R2_1,EC_061,2,L03-EC_061-R2,Escherichia coli,EC,capture_probe,1,1,Vidro,L03,B04,OP01,2026-08-21,4.01,36.8,19066.667,4.2803,PASS
EC_061_R2_2,EC_061,2,L03-EC_061-R2,Escherichia coli,EC,capture_probe_16S_rRNA,2,1,Vidro,L03,B04,OP01,2026-08-21,4.01,36.8,19066.667,4.2803,REVIEW
EC_061_R3_0,EC_061,3,L03-EC_061-R3,Escherichia coli,EC,carbon_clean,0,1,Vidro,L03,B04,OP01,2026-08-21,4.01,36.8,19066.667,4.2803,PASS
EC_061_R3_1,EC_061,3,L03-EC_061-R3,Escherichia coli,EC,capture_probe,1,1,Vidro,L03,B04,OP01,2026-08-21,4.01,36.8,19066.667,4.2803,PASS
EC_061_R3_2,EC_061,3,L03-EC_061-R3,Escherichia coli,EC,capture_probe_16S_rRNA,2,1,Vidro,L03,B04,OP01,2026-08-21,4.01,36.8,19066.667,4.2803,PASS
EC_062_R1_0,EC_062,1,L03-EC_062-R1,Escherichia coli,EC,carbon_clean,0,0,Polipropileno,L03,B03,OP02,2026-09-13,4.11,36.5,6.667,0.8239,PASS
EC_062_R1_1,EC_062,1,L03-EC_062-R1,Escherichia coli,EC,capture_probe,1,0,Polipropileno,L03,B03,OP02,2026-09-13,4.11,36.5,6.667,0.8239,PASS
EC_062_R1_2,EC_062,1,L03-EC_062-R1,Escherichia coli,EC,capture_probe_16S_rRNA,2,0,Polipropileno,L03,B03,OP02,2026-09-13,4.11,36.5,6.667,0.8239,PASS
EC_062_R2_0,EC_062,2,L03-EC_062-R2,Escherichia coli,EC,carbon_clean,0,0,Polipropileno,L03,B03,OP02,2026-09-13,4.11,36.5,6.667,0.8239,PASS
EC_062_R2_1,EC_062,2,L03-EC_062-R2,Escherichia coli,EC,capture_probe,1,0,Polipropileno,L03,B03,OP02,2026-09-13,4.11,36.5,6.667,0.8239,PASS
EC_062_R2_2,EC_062,2,L03-EC_062-R2,Escherichia coli,EC,capture_probe_16S_rRNA,2,0,Polipropileno,L03,B03,OP02,2026-09-13,4.11,36.5,6.667,0.8239,PASS
EC_062_R3_0,EC_062,3,L03-EC_062-R3,Escherichia coli,EC,carbon_clean,0,0,Polipropileno,L03,B03,OP02,2026-09-13,4.11,36.5,6.667,0.8239,REVIEW
EC_062_R3_1,EC_062,3,L03-EC_062-R3,Escherichia coli,EC,capture_probe,1,0,Polipropileno,L03,B03,OP02,2026-09-13,4.11,36.5,6.667,0.8239,PASS
EC_062_R3_2,EC_062,3,L03-EC_062-R3,Escherichia coli,EC,capture_probe_16S_rRNA,2,0,Polipropileno,L03,B03,OP02,2026-09-13,4.11,36.5,6.667,0.8239,PASS
EC_063_R1_0,EC_063,1,L01-EC_063-R1,Escherichia coli,EC,carbon_clean,0,1,Vidro,L01,B02,OP03,2026-08-12,3.91,35.9,9466666.667,6.9762,FAIL
EC_063_R1_1,EC_063,1,L01-EC_063-R1,Escherichia coli,EC,capture_probe,1,1,Vidro,L01,B02,OP03,2026-08-12,3.91,35.9,9466666.667,6.9762,PASS
EC_063_R1_2,EC_063,1,L01-EC_063-R1,Escherichia coli,EC,capture_probe_16S_rRNA,2,1,Vidro,L01,B02,OP03,2026-08-12,3.91,35.9,9466666.667,6.9762,PASS
EC_063_R2_0,EC_063,2,L01-EC_063-R2,Escherichia coli,EC,carbon_clean,0,1,Vidro,L01,B02,OP03,2026-08-12,3.91,35.9,9466666.667,6.9762,PASS
EC_063_R2_1,EC_063,2,L01-EC_063-R2,Escherichia coli,EC,capture_probe,1,1,Vidro,L01,B02,OP03,2026-08-12,3.91,35.9,9466666.667,6.9762,PASS
EC_063_R2_2,EC_063,2,L01-EC_063-R2,Escherichia coli,EC,capture_probe_16S_rRNA,2,1,Vidro,L01,B02,OP03,2026-08-12,3.91,35.9,9466666.667,6.9762,PASS
EC_063_R3_0,EC_063,3,L01-EC_063-R3,Escherichia coli,EC,carbon_clean,0,1,Vidro,L01,B02,OP03,2026-08-12,3.91,35.9,9466666.667,6.9762,REVIEW
EC_063_R3_1,EC_063,3,L01-EC_063-R3,Escherichia coli,EC,capture_probe,1,1,Vidro,L01,B02,OP03,2026-08-12,3.91,35.9,9466666.667,6.9762,PASS
EC_063_R3_2,EC_063,3,L01-EC_063-R3,Escherichia coli,EC,capture_probe_16S_rRNA,2,1,Vidro,L01,B02,OP03,2026-08-12,3.91,35.9,9466666.667,6.9762,PASS
EC_064_R1_0,EC_064,1,L04-EC_064-R1,Escherichia coli,EC,carbon_clean,0,1,Polietileno de alta densidade,L04,B02,OP03,2026-09-02,3.92,37.2,8933.333,3.951,PASS
EC_064_R1_1,EC_064,1,L04-EC_064-R1,Escherichia coli,EC,capture_probe,1,1,Polietileno de alta densidade,L04,B02,OP03,2026-09-02,3.92,37.2,8933.333,3.951,PASS
EC_064_R1_2,EC_064,1,L04-EC_064-R1,Escherichia coli,EC,capture_probe_16S_rRNA,2,1,Polietileno de alta densidade,L04,B02,OP03,2026-09-02,3.92,37.2,8933.333,3.951,PASS
EC_064_R2_0,EC_064,2,L04-EC_064-R2,Escherichia coli,EC,carbon_clean,0,1,Polietileno de alta densidade,L04,B02,OP03,2026-09-02,3.92,37.2,8933.333,3.951,PASS
EC_064_R2_1,EC_064,2,L04-EC_064-R2,Escherichia coli,EC,capture_probe,1,1,Polietileno de alta densidade,L04,B02,OP03,2026-09-02,3.92,37.2,8933.333,3.951,PASS
EC_064_R2_2,EC_064,2,L04-EC_064-R2,Escherichia coli,EC,capture_probe_16S_rRNA,2,1,Polietileno de alta densidade,L04,B02,OP03,2026-09-02,3.92,37.2,8933.333,3.951,PASS
EC_064_R3_0,EC_064,3,L04-EC_064-R3,Escherichia coli,EC,carbon_clean,0,1,Polietileno de alta densidade,L04,B02,OP03,2026-09-02,3.92,37.2,8933.333,3.951,PASS
EC_064_R3_1,EC_064,3,L04-EC_064-R3,Escherichia coli,EC,capture_probe,1,1,Polietileno de alta densidade,L04,B02,OP03,2026-09-02,3.92,37.2,8933.333,3.951,PASS
EC_064_R3_2,EC_064,3,L04-EC_064-R3,Escherichia coli,EC,capture_probe_16S_rRNA,2,1,Polietileno de alta densidade,L04,B02,OP03,2026-09-02,3.92,37.2,8933.333,3.951,PASS
EC_065_R1_0,EC_065,1,L04-EC_065-R1,Escherichia coli,EC,carbon_clean,0,0,Polietileno de alta densidade,L04,B05,OP02,2026-08-11,4.22,37.5,0.0,,PASS
EC_065_R1_1,EC_065,1,L04-EC_065-R1,Escherichia coli,EC,capture_probe,1,0,Polietileno de alta densidade,L04,B05,OP02,2026-08-11,4.22,37.5,0.0,,PASS
EC_065_R1_2,EC_065,1,L04-EC_065-R1,Escherichia coli,EC,capture_probe_16S_rRNA,2,0,Polietileno de alta densidade,L04,B05,OP02,2026-08-11,4.22,37.5,0.0,,PASS
EC_065_R2_0,EC_065,2,L04-EC_065-R2,Escherichia coli,EC,carbon_clean,0,0,Polietileno de alta densidade,L04,B05,OP02,2026-08-11,4.22,37.5,0.0,,REVIEW
EC_065_R2_1,EC_065,2,L04-EC_065-R2,Escherichia coli,EC,capture_probe,1,0,Polietileno de alta densidade,L04,B05,OP02,2026-08-11,4.22,37.5,0.0,,PASS
EC_065_R2_2,EC_065,2,L04-EC_065-R2,Escherichia coli,EC,capture_probe_16S_rRNA,2,0,Polietileno de alta densidade,L04,B05,OP02,2026-08-11,4.22,37.5,0.0,,PASS
EC_065_R3_0,EC_065,3,L04-EC_065-R3,Escherichia coli,EC,carbon_clean,0,0,Polietileno de alta densidade,L04,B05,OP02,2026-08-11,4.22,37.5,0.0,,PASS
EC_065_R3_1,EC_065,3,L04-EC_065-R3,Escherichia coli,EC,capture_probe,1,0,Polietileno de alta densidade,L04,B05,OP02,2026-08-11,4.22,37.5,0.0,,PASS
EC_065_R3_2,EC_065,3,L04-EC_065-R3,Escherichia coli,EC,capture_probe_16S_rRNA,2,0,Polietileno de alta densidade,L04,B05,OP02,2026-08-11,4.22,37.5,0.0,,PASS
EC_066_R1_0,EC_066,1,L01-EC_066-R1,Escherichia coli,EC,carbon_clean,0,0,Polietileno de alta densidade,L01,B06,OP01,2026-09-13,4.0,37.9,0.0,,PASS
EC_066_R1_1,EC_066,1,L01-EC_066-R1,Escherichia coli,EC,capture_probe,1,0,Polietileno de alta densidade,L01,B06,OP01,2026-09-13,4.0,37.9,0.0,,PASS
EC_066_R1_2,EC_066,1,L01-EC_066-R1,Escherichia coli,EC,capture_probe_16S_rRNA,2,0,Polietileno de alta densidade,L01,B06,OP01,2026-09-13,4.0,37.9,0.0,,PASS
EC_066_R2_0,EC_066,2,L01-EC_066-R2,Escherichia coli,EC,carbon_clean,0,0,Polietileno de alta densidade,L01,B06,OP01,2026-09-13,4.0,37.9,0.0,,PASS
EC_066_R2_1,EC_066,2,L01-EC_066-R2,Escherichia coli,EC,capture_probe,1,0,Polietileno de alta densidade,L01,B06,OP01,2026-09-13,4.0,37.9,0.0,,PASS
EC_066_R2_2,EC_066,2,L01-EC_066-R2,Escherichia coli,EC,capture_probe_16S_rRNA,2,0,Polietileno de alta densidade,L01,B06,OP01,2026-09-13,4.0,37.9,0.0,,PASS
EC_066_R3_0,EC_066,3,L01-EC_066-R3,Escherichia coli,EC,carbon_clean,0,0,Polietileno de alta densidade,L01,B06,OP01,2026-09-13,4.0,37.9,0.0,,PASS
EC_066_R3_1,EC_066,3,L01-EC_066-R3,Escherichia coli,EC,capture_probe,1,0,Polietileno de alta densidade,L01,B06,OP01,2026-09-13,4.0,37.9,0.0,,PASS
EC_066_R3_2,EC_066,3,L01-EC_066-R3,Escherichia coli,EC,capture_probe_16S_rRNA,2,0,Polietileno de alta densidade,L01,B06,OP01,2026-09-13,4.0,37.9,0.0,,PASS
EC_067_R1_0,EC_067,1,L01-EC_067-R1,Escherichia coli,EC,carbon_clean,0,1,Vidro,L01,B03,OP01,2026-08-06,4.22,36.2,1823333.333,6.2609,PASS
EC_067_R1_1,EC_067,1,L01-EC_067-R1,Escherichia coli,EC,capture_probe,1,1,Vidro,L01,B03,OP01,2026-08-06,4.22,36.2,1823333.333,6.2609,PASS
EC_067_R1_2,EC_067,1,L01-EC_067-R1,Escherichia coli,EC,capture_probe_16S_rRNA,2,1,Vidro,L01,B03,OP01,2026-08-06,4.22,36.2,1823333.333,6.2609,PASS
EC_067_R2_0,EC_067,2,L01-EC_067-R2,Escherichia coli,EC,carbon_clean,0,1,Vidro,L01,B03,OP01,2026-08-06,4.22,36.2,1823333.333,6.2609,PASS
EC_067_R2_1,EC_067,2,L01-EC_067-R2,Escherichia coli,EC,capture_probe,1,1,Vidro,L01,B03,OP01,2026-08-06,4.22,36.2,1823333.333,6.2609,PASS
EC_067_R2_2,EC_067,2,L01-EC_067-R2,Escherichia coli,EC,capture_probe_16S_rRNA,2,1,Vidro,L01,B03,OP01,2026-08-06,4.22,36.2,1823333.333,6.2609,FAIL
EC_067_R3_0,EC_067,3,L01-EC_067-R3,Escherichia coli,EC,carbon_clean,0,1,Vidro,L01,B03,OP01,2026-08-06,4.22,36.2,1823333.333,6.2609,REVIEW
EC_067_R3_1,EC_067,3,L01-EC_067-R3,Escherichia coli,EC,capture_probe,1,1,Vidro,L01,B03,OP01,2026-08-06,4.22,36.2,1823333.333,6.2609,PASS
EC_067_R3_2,EC_067,3,L01-EC_067-R3,Escherichia coli,EC,capture_probe_16S_rRNA,2,1,Vidro,L01,B03,OP01,2026-08-06,4.22,36.2,1823333.333,6.2609,PASS
EC_068_R1_0,EC_068,1,L02-EC_068-R1,Escherichia coli,EC,carbon_clean,0,1,Aço inoxidável 304,L02,B04,OP03,2026-08-05,3.6,37.0,3376666.667,6.5285,REVIEW
EC_068_R1_1,EC_068,1,L02-EC_068-R1,Escherichia coli,EC,capture_probe,1,1,Aço inoxidável 304,L02,B04,OP03,2026-08-05,3.6,37.0,3376666.667,6.5285,PASS
EC_068_R1_2,EC_068,1,L02-EC_068-R1,Escherichia coli,EC,capture_probe_16S_rRNA,2,1,Aço inoxidável 304,L02,B04,OP03,2026-08-05,3.6,37.0,3376666.667,6.5285,PASS
EC_068_R2_0,EC_068,2,L02-EC_068-R2,Escherichia coli,EC,carbon_clean,0,1,Aço inoxidável 304,L02,B04,OP03,2026-08-05,3.6,37.0,3376666.667,6.5285,PASS
EC_068_R2_1,EC_068,2,L02-EC_068-R2,Escherichia coli,EC,capture_probe,1,1,Aço inoxidável 304,L02,B04,OP03,2026-08-05,3.6,37.0,3376666.667,6.5285,PASS
EC_068_R2_2,EC_068,2,L02-EC_068-R2,Escherichia coli,EC,capture_probe_16S_rRNA,2,1,Aço inoxidável 304,L02,B04,OP03,2026-08-05,3.6,37.0,3376666.667,6.5285,PASS
EC_068_R3_0,EC_068,3,L02-EC_068-R3,Escherichia coli,EC,carbon_clean,0,1,Aço inoxidável 304,L02,B04,OP03,2026-08-05,3.6,37.0,3376666.667,6.5285,PASS
EC_068_R3_1,EC_068,3,L02-EC_068-R3,Escherichia coli,EC,capture_probe,1,1,Aço inoxidável 304,L02,B04,OP03,2026-08-05,3.6,37.0,3376666.667,6.5285,PASS
EC_068_R3_2,EC_068,3,L02-EC_068-R3,Escherichia coli,EC,capture_probe_16S_rRNA,2,1,Aço inoxidável 304,L02,B04,OP03,2026-08-05,3.6,37.0,3376666.667,6.5285,REVIEW
EC_069_R1_0,EC_069,1,L01-EC_069-R1,Escherichia coli,EC,carbon_clean,0,1,Polipropileno,L01,B05,OP01,2026-09-05,3.82,36.9,1520000.0,6.1818,PASS
EC_069_R1_1,EC_069,1,L01-EC_069-R1,Escherichia coli,EC,capture_probe,1,1,Polipropileno,L01,B05,OP01,2026-09-05,3.82,36.9,1520000.0,6.1818,PASS
EC_069_R1_2,EC_069,1,L01-EC_069-R1,Escherichia coli,EC,capture_probe_16S_rRNA,2,1,Polipropileno,L01,B05,OP01,2026-09-05,3.82,36.9,1520000.0,6.1818,PASS
EC_069_R2_0,EC_069,2,L01-EC_069-R2,Escherichia coli,EC,carbon_clean,0,1,Polipropileno,L01,B05,OP01,2026-09-05,3.82,36.9,1520000.0,6.1818,PASS
EC_069_R2_1,EC_069,2,L01-EC_069-R2,Escherichia coli,EC,capture_probe,1,1,Polipropileno,L01,B05,OP01,2026-09-05,3.82,36.9,1520000.0,6.1818,PASS
EC_069_R2_2,EC_069,2,L01-EC_069-R2,Escherichia coli,EC,capture_probe_16S_rRNA,2,1,Polipropileno,L01,B05,OP01,2026-09-05,3.82,36.9,1520000.0,6.1818,PASS
EC_069_R3_0,EC_069,3,L01-EC_069-R3,Escherichia coli,EC,carbon_clean,0,1,Polipropileno,L01,B05,OP01,2026-09-05,3.82,36.9,1520000.0,6.1818,PASS
EC_069_R3_1,EC_069,3,L01-EC_069-R3,Escherichia coli,EC,capture_probe,1,1,Polipropileno,L01,B05,OP01,2026-09-05,3.82,36.9,1520000.0,6.1818,PASS
EC_069_R3_2,EC_069,3,L01-EC_069-R3,Escherichia coli,EC,capture_probe_16S_rRNA,2,1,Polipropileno,L01,B05,OP01,2026-09-05,3.82,36.9,1520000.0,6.1818,PASS
EC_070_R1_0,EC_070,1,L02-EC_070-R1,Escherichia coli,EC,carbon_clean,0,1,Polietileno de alta densidade,L02,B02,OP01,2026-08-08,3.66,37.8,14700.0,4.1673,PASS
EC_070_R1_1,EC_070,1,L02-EC_070-R1,Escherichia coli,EC,capture_probe,1,1,Polietileno de alta densidade,L02,B02,OP01,2026-08-08,3.66,37.8,14700.0,4.1673,PASS
EC_070_R1_2,EC_070,1,L02-EC_070-R1,Escherichia coli,EC,capture_probe_16S_rRNA,2,1,Polietileno de alta densidade,L02,B02,OP01,2026-08-08,3.66,37.8,14700.0,4.1673,PASS
EC_070_R2_0,EC_070,2,L02-EC_070-R2,Escherichia coli,EC,carbon_clean,0,1,Polietileno de alta densidade,L02,B02,OP01,2026-08-08,3.66,37.8,14700.0,4.1673,PASS
EC_070_R2_1,EC_070,2,L02-EC_070-R2,Escherichia coli,EC,capture_probe,1,1,Polietileno de alta densidade,L02,B02,OP01,2026-08-08,3.66,37.8,14700.0,4.1673,PASS
EC_070_R2_2,EC_070,2,L02-EC_070-R2,Escherichia coli,EC,capture_probe_16S_rRNA,2,1,Polietileno de alta densidade,L02,B02,OP01,2026-08-08,3.66,37.8,14700.0,4.1673,PASS
EC_070_R3_0,EC_070,3,L02-EC_070-R3,Escherichia coli,EC,carbon_clean,0,1,Polietileno de alta densidade,L02,B02,OP01,2026-08-08,3.66,37.8,14700.0,4.1673,PASS
EC_070_R3_1,EC_070,3,L02-EC_070-R3,Escherichia coli,EC,capture_probe,1,1,Polietileno de alta densidade,L02,B02,OP01,2026-08-08,3.66,37.8,14700.0,4.1673,PASS
EC_070_R3_2,EC_070,3,L02-EC_070-R3,Escherichia coli,EC,capture_probe_16S_rRNA,2,1,Polietileno de alta densidade,L02,B02,OP01,2026-08-08,3.66,37.8,14700.0,4.1673,PASS
EC_071_R1_0,EC_071,1,L02-EC_071-R1,Escherichia coli,EC,carbon_clean,0,1,Polipropileno,L02,B09,OP02,2026-08-04,4.22,37.6,8033333.333,6.9049,PASS
EC_071_R1_1,EC_071,1,L02-EC_071-R1,Escherichia coli,EC,capture_probe,1,1,Polipropileno,L02,B09,OP02,2026-08-04,4.22,37.6,8033333.333,6.9049,PASS
EC_071_R1_2,EC_071,1,L02-EC_071-R1,Escherichia coli,EC,capture_probe_16S_rRNA,2,1,Polipropileno,L02,B09,OP02,2026-08-04,4.22,37.6,8033333.333,6.9049,PASS
EC_071_R2_0,EC_071,2,L02-EC_071-R2,Escherichia coli,EC,carbon_clean,0,1,Polipropileno,L02,B09,OP02,2026-08-04,4.22,37.6,8033333.333,6.9049,PASS
EC_071_R2_1,EC_071,2,L02-EC_071-R2,Escherichia coli,EC,capture_probe,1,1,Polipropileno,L02,B09,OP02,2026-08-04,4.22,37.6,8033333.333,6.9049,PASS
EC_071_R2_2,EC_071,2,L02-EC_071-R2,Escherichia coli,EC,capture_probe_16S_rRNA,2,1,Polipropileno,L02,B09,OP02,2026-08-04,4.22,37.6,8033333.333,6.9049,PASS
EC_071_R3_0,EC_071,3,L02-EC_071-R3,Escherichia coli,EC,carbon_clean,0,1,Polipropileno,L02,B09,OP02,2026-08-04,4.22,37.6,8033333.333,6.9049,FAIL
EC_071_R3_1,EC_071,3,L02-EC_071-R3,Escherichia coli,EC,capture_probe,1,1,Polipropileno,L02,B09,OP02,2026-08-04,4.22,37.6,8033333.333,6.9049,PASS
EC_071_R3_2,EC_071,3,L02-EC_071-R3,Escherichia coli,EC,capture_probe_16S_rRNA,2,1,Polipropileno,L02,B09,OP02,2026-08-04,4.22,37.6,8033333.333,6.9049,REVIEW
EC_072_R1_0,EC_072,1,L01-EC_072-R1,Escherichia coli,EC,carbon_clean,0,0,Polietileno de alta densidade,L01,B04,OP02,2026-09-10,3.63,36.5,0.0,,PASS
EC_072_R1_1,EC_072,1,L01-EC_072-R1,Escherichia coli,EC,capture_probe,1,0,Polietileno de alta densidade,L01,B04,OP02,2026-09-10,3.63,36.5,0.0,,PASS
EC_072_R1_2,EC_072,1,L01-EC_072-R1,Escherichia coli,EC,capture_probe_16S_rRNA,2,0,Polietileno de alta densidade,L01,B04,OP02,2026-09-10,3.63,36.5,0.0,,PASS
EC_072_R2_0,EC_072,2,L01-EC_072-R2,Escherichia coli,EC,carbon_clean,0,0,Polietileno de alta densidade,L01,B04,OP02,2026-09-10,3.63,36.5,0.0,,PASS
EC_072_R2_1,EC_072,2,L01-EC_072-R2,Escherichia coli,EC,capture_probe,1,0,Polietileno de alta densidade,L01,B04,OP02,2026-09-10,3.63,36.5,0.0,,PASS
EC_072_R2_2,EC_072,2,L01-EC_072-R2,Escherichia coli,EC,capture_probe_16S_rRNA,2,0,Polietileno de alta densidade,L01,B04,OP02,2026-09-10,3.63,36.5,0.0,,PASS
EC_072_R3_0,EC_072,3,L01-EC_072-R3,Escherichia coli,EC,carbon_clean,0,0,Polietileno de alta densidade,L01,B04,OP02,2026-09-10,3.63,36.5,0.0,,PASS
EC_072_R3_1,EC_072,3,L01-EC_072-R3,Escherichia coli,EC,capture_probe,1,0,Polietileno de alta densidade,L01,B04,OP02,2026-09-10,3.63,36.5,0.0,,PASS
EC_072_R3_2,EC_072,3,L01-EC_072-R3,Escherichia coli,EC,capture_probe_16S_rRNA,2,0,Polietileno de alta densidade,L01,B04,OP02,2026-09-10,3.63,36.5,0.0,,PASS
EC_073_R1_0,EC_073,1,L03-EC_073-R1,Escherichia coli,EC,carbon_clean,0,1,Polipropileno,L03,B07,OP02,2026-09-05,3.99,37.4,2093.333,3.3208,PASS
EC_073_R1_1,EC_073,1,L03-EC_073-R1,Escherichia coli,EC,capture_probe,1,1,Polipropileno,L03,B07,OP02,2026-09-05,3.99,37.4,2093.333,3.3208,PASS
EC_073_R1_2,EC_073,1,L03-EC_073-R1,Escherichia coli,EC,capture_probe_16S_rRNA,2,1,Polipropileno,L03,B07,OP02,2026-09-05,3.99,37.4,2093.333,3.3208,PASS
EC_073_R2_0,EC_073,2,L03-EC_073-R2,Escherichia coli,EC,carbon_clean,0,1,Polipropileno,L03,B07,OP02,2026-09-05,3.99,37.4,2093.333,3.3208,PASS
EC_073_R2_1,EC_073,2,L03-EC_073-R2,Escherichia coli,EC,capture_probe,1,1,Polipropileno,L03,B07,OP02,2026-09-05,3.99,37.4,2093.333,3.3208,PASS
EC_073_R2_2,EC_073,2,L03-EC_073-R2,Escherichia coli,EC,capture_probe_16S_rRNA,2,1,Polipropileno,L03,B07,OP02,2026-09-05,3.99,37.4,2093.333,3.3208,PASS
EC_073_R3_0,EC_073,3,L03-EC_073-R3,Escherichia coli,EC,carbon_clean,0,1,Polipropileno,L03,B07,OP02,2026-09-05,3.99,37.4,2093.333,3.3208,PASS
EC_073_R3_1,EC_073,3,L03-EC_073-R3,Escherichia coli,EC,capture_probe,1,1,Polipropileno,L03,B07,OP02,2026-09-05,3.99,37.4,2093.333,3.3208,PASS
EC_073_R3_2,EC_073,3,L03-EC_073-R3,Escherichia coli,EC,capture_probe_16S_rRNA,2,1,Polipropileno,L03,B07,OP02,2026-09-05,3.99,37.4,2093.333,3.3208,PASS
EC_074_R1_0,EC_074,1,L04-EC_074-R1,Escherichia coli,EC,carbon_clean,0,0,Vidro,L04,B07,OP01,2026-08-18,3.92,37.0,0.0,,REVIEW
EC_074_R1_1,EC_074,1,L04-EC_074-R1,Escherichia coli,EC,capture_probe,1,0,Vidro,L04,B07,OP01,2026-08-18,3.92,37.0,0.0,,PASS
EC_074_R1_2,EC_074,1,L04-EC_074-R1,Escherichia coli,EC,capture_probe_16S_rRNA,2,0,Vidro,L04,B07,OP01,2026-08-18,3.92,37.0,0.0,,PASS
EC_074_R2_0,EC_074,2,L04-EC_074-R2,Escherichia coli,EC,carbon_clean,0,0,Vidro,L04,B07,OP01,2026-08-18,3.92,37.0,0.0,,REVIEW
EC_074_R2_1,EC_074,2,L04-EC_074-R2,Escherichia coli,EC,capture_probe,1,0,Vidro,L04,B07,OP01,2026-08-18,3.92,37.0,0.0,,PASS
EC_074_R2_2,EC_074,2,L04-EC_074-R2,Escherichia coli,EC,capture_probe_16S_rRNA,2,0,Vidro,L04,B07,OP01,2026-08-18,3.92,37.0,0.0,,REVIEW
EC_074_R3_0,EC_074,3,L04-EC_074-R3,Escherichia coli,EC,carbon_clean,0,0,Vidro,L04,B07,OP01,2026-08-18,3.92,37.0,0.0,,PASS
EC_074_R3_1,EC_074,3,L04-EC_074-R3,Escherichia coli,EC,capture_probe,1,0,Vidro,L04,B07,OP01,2026-08-18,3.92,37.0,0.0,,PASS
EC_074_R3_2,EC_074,3,L04-EC_074-R3,Escherichia coli,EC,capture_probe_16S_rRNA,2,0,Vidro,L04,B07,OP01,2026-08-18,3.92,37.0,0.0,,PASS
EC_075_R1_0,EC_075,1,L04-EC_075-R1,Escherichia coli,EC,carbon_clean,0,1,Vidro,L04,B02,OP02,2026-08-25,4.3,36.8,13100000.0,7.1173,PASS
EC_075_R1_1,EC_075,1,L04-EC_075-R1,Escherichia coli,EC,capture_probe,1,1,Vidro,L04,B02,OP02,2026-08-25,4.3,36.8,13100000.0,7.1173,PASS
EC_075_R1_2,EC_075,1,L04-EC_075-R1,Escherichia coli,EC,capture_probe_16S_rRNA,2,1,Vidro,L04,B02,OP02,2026-08-25,4.3,36.8,13100000.0,7.1173,PASS
EC_075_R2_0,EC_075,2,L04-EC_075-R2,Escherichia coli,EC,carbon_clean,0,1,Vidro,L04,B02,OP02,2026-08-25,4.3,36.8,13100000.0,7.1173,PASS
EC_075_R2_1,EC_075,2,L04-EC_075-R2,Escherichia coli,EC,capture_probe,1,1,Vidro,L04,B02,OP02,2026-08-25,4.3,36.8,13100000.0,7.1173,REVIEW
EC_075_R2_2,EC_075,2,L04-EC_075-R2,Escherichia coli,EC,capture_probe_16S_rRNA,2,1,Vidro,L04,B02,OP02,2026-08-25,4.3,36.8,13100000.0,7.1173,PASS
EC_075_R3_0,EC_075,3,L04-EC_075-R3,Escherichia coli,EC,carbon_clean,0,1,Vidro,L04,B02,OP02,2026-08-25,4.3,36.8,13100000.0,7.1173,PASS
EC_075_R3_1,EC_075,3,L04-EC_075-R3,Escherichia coli,EC,capture_probe,1,1,Vidro,L04,B02,OP02,2026-08-25,4.3,36.8,13100000.0,7.1173,PASS
EC_075_R3_2,EC_075,3,L04-EC_075-R3,Escherichia coli,EC,capture_probe_16S_rRNA,2,1,Vidro,L04,B02,OP02,2026-08-25,4.3,36.8,13100000.0,7.1173,PASS
EC_076_R1_0,EC_076,1,L04-EC_076-R1,Escherichia coli,EC,carbon_clean,0,1,Polipropileno,L04,B01,OP03,2026-08-24,3.72,36.9,610000.0,5.7853,PASS
EC_076_R1_1,EC_076,1,L04-EC_076-R1,Escherichia coli,EC,capture_probe,1,1,Polipropileno,L04,B01,OP03,2026-08-24,3.72,36.9,610000.0,5.7853,PASS
EC_076_R1_2,EC_076,1,L04-EC_076-R1,Escherichia coli,EC,capture_probe_16S_rRNA,2,1,Polipropileno,L04,B01,OP03,2026-08-24,3.72,36.9,610000.0,5.7853,PASS
EC_076_R2_0,EC_076,2,L04-EC_076-R2,Escherichia coli,EC,carbon_clean,0,1,Polipropileno,L04,B01,OP03,2026-08-24,3.72,36.9,610000.0,5.7853,PASS
EC_076_R2_1,EC_076,2,L04-EC_076-R2,Escherichia coli,EC,capture_probe,1,1,Polipropileno,L04,B01,OP03,2026-08-24,3.72,36.9,610000.0,5.7853,PASS
EC_076_R2_2,EC_076,2,L04-EC_076-R2,Escherichia coli,EC,capture_probe_16S_rRNA,2,1,Polipropileno,L04,B01,OP03,2026-08-24,3.72,36.9,610000.0,5.7853,REVIEW
EC_076_R3_0,EC_076,3,L04-EC_076-R3,Escherichia coli,EC,carbon_clean,0,1,Polipropileno,L04,B01,OP03,2026-08-24,3.72,36.9,610000.0,5.7853,PASS
EC_076_R3_1,EC_076,3,L04-EC_076-R3,Escherichia coli,EC,capture_probe,1,1,Polipropileno,L04,B01,OP03,2026-08-24,3.72,36.9,610000.0,5.7853,PASS
EC_076_R3_2,EC_076,3,L04-EC_076-R3,Escherichia coli,EC,capture_probe_16S_rRNA,2,1,Polipropileno,L04,B01,OP03,2026-08-24,3.72,36.9,610000.0,5.7853,PASS
EC_077_R1_0,EC_077,1,L04-EC_077-R1,Escherichia coli,EC,carbon_clean,0,0,Vidro,L04,B06,OP01,2026-08-25,4.06,36.9,0.0,,PASS
EC_077_R1_1,EC_077,1,L04-EC_077-R1,Escherichia coli,EC,capture_probe,1,0,Vidro,L04,B06,OP01,2026-08-25,4.06,36.9,0.0,,PASS
EC_077_R1_2,EC_077,1,L04-EC_077-R1,Escherichia coli,EC,capture_probe_16S_rRNA,2,0,Vidro,L04,B06,OP01,2026-08-25,4.06,36.9,0.0,,PASS
EC_077_R2_0,EC_077,2,L04-EC_077-R2,Escherichia coli,EC,carbon_clean,0,0,Vidro,L04,B06,OP01,2026-08-25,4.06,36.9,0.0,,PASS
EC_077_R2_1,EC_077,2,L04-EC_077-R2,Escherichia coli,EC,capture_probe,1,0,Vidro,L04,B06,OP01,2026-08-25,4.06,36.9,0.0,,PASS
EC_077_R2_2,EC_077,2,L04-EC_077-R2,Escherichia coli,EC,capture_probe_16S_rRNA,2,0,Vidro,L04,B06,OP01,2026-08-25,4.06,36.9,0.0,,PASS
EC_077_R3_0,EC_077,3,L04-EC_077-R3,Escherichia coli,EC,carbon_clean,0,0,Vidro,L04,B06,OP01,2026-08-25,4.06,36.9,0.0,,PASS
EC_077_R3_1,EC_077,3,L04-EC_077-R3,Escherichia coli,EC,capture_probe,1,0,Vidro,L04,B06,OP01,2026-08-25,4.06,36.9,0.0,,PASS
EC_077_R3_2,EC_077,3,L04-EC_077-R3,Escherichia coli,EC,capture_probe_16S_rRNA,2,0,Vidro,L04,B06,OP01,2026-08-25,4.06,36.9,0.0,,FAIL
EC_078_R1_0,EC_078,1,L03-EC_078-R1,Escherichia coli,EC,carbon_clean,0,1,Polipropileno,L03,B01,OP03,2026-08-26,4.13,36.5,20166.667,4.3046,PASS
EC_078_R1_1,EC_078,1,L03-EC_078-R1,Escherichia coli,EC,capture_probe,1,1,Polipropileno,L03,B01,OP03,2026-08-26,4.13,36.5,20166.667,4.3046,PASS
EC_078_R1_2,EC_078,1,L03-EC_078-R1,Escherichia coli,EC,capture_probe_16S_rRNA,2,1,Polipropileno,L03,B01,OP03,2026-08-26,4.13,36.5,20166.667,4.3046,PASS
EC_078_R2_0,EC_078,2,L03-EC_078-R2,Escherichia coli,EC,carbon_clean,0,1,Polipropileno,L03,B01,OP03,2026-08-26,4.13,36.5,20166.667,4.3046,PASS
EC_078_R2_1,EC_078,2,L03-EC_078-R2,Escherichia coli,EC,capture_probe,1,1,Polipropileno,L03,B01,OP03,2026-08-26,4.13,36.5,20166.667,4.3046,PASS
EC_078_R2_2,EC_078,2,L03-EC_078-R2,Escherichia coli,EC,capture_probe_16S_rRNA,2,1,Polipropileno,L03,B01,OP03,2026-08-26,4.13,36.5,20166.667,4.3046,PASS
EC_078_R3_0,EC_078,3,L03-EC_078-R3,Escherichia coli,EC,carbon_clean,0,1,Polipropileno,L03,B01,OP03,2026-08-26,4.13,36.5,20166.667,4.3046,PASS
EC_078_R3_1,EC_078,3,L03-EC_078-R3,Escherichia coli,EC,capture_probe,1,1,Polipropileno,L03,B01,OP03,2026-08-26,4.13,36.5,20166.667,4.3046,PASS
EC_078_R3_2,EC_078,3,L03-EC_078-R3,Escherichia coli,EC,capture_probe_16S_rRNA,2,1,Polipropileno,L03,B01,OP03,2026-08-26,4.13,36.5,20166.667,4.3046,PASS
EC_079_R1_0,EC_079,1,L05-EC_079-R1,Escherichia coli,EC,carbon_clean,0,1,Polietileno de alta densidade,L05,B10,OP02,2026-08-05,3.72,37.3,5766666.667,6.7609,PASS
EC_079_R1_1,EC_079,1,L05-EC_079-R1,Escherichia coli,EC,capture_probe,1,1,Polietileno de alta densidade,L05,B10,OP02,2026-08-05,3.72,37.3,5766666.667,6.7609,PASS
EC_079_R1_2,EC_079,1,L05-EC_079-R1,Escherichia coli,EC,capture_probe_16S_rRNA,2,1,Polietileno de alta densidade,L05,B10,OP02,2026-08-05,3.72,37.3,5766666.667,6.7609,PASS
EC_079_R2_0,EC_079,2,L05-EC_079-R2,Escherichia coli,EC,carbon_clean,0,1,Polietileno de alta densidade,L05,B10,OP02,2026-08-05,3.72,37.3,5766666.667,6.7609,PASS
EC_079_R2_1,EC_079,2,L05-EC_079-R2,Escherichia coli,EC,capture_probe,1,1,Polietileno de alta densidade,L05,B10,OP02,2026-08-05,3.72,37.3,5766666.667,6.7609,PASS
EC_079_R2_2,EC_079,2,L05-EC_079-R2,Escherichia coli,EC,capture_probe_16S_rRNA,2,1,Polietileno de alta densidade,L05,B10,OP02,2026-08-05,3.72,37.3,5766666.667,6.7609,PASS
EC_079_R3_0,EC_079,3,L05-EC_079-R3,Escherichia coli,EC,carbon_clean,0,1,Polietileno de alta densidade,L05,B10,OP02,2026-08-05,3.72,37.3,5766666.667,6.7609,PASS
EC_079_R3_1,EC_079,3,L05-EC_079-R3,Escherichia coli,EC,capture_probe,1,1,Polietileno de alta densidade,L05,B10,OP02,2026-08-05,3.72,37.3,5766666.667,6.7609,REVIEW
EC_079_R3_2,EC_079,3,L05-EC_079-R3,Escherichia coli,EC,capture_probe_16S_rRNA,2,1,Polietileno de alta densidade,L05,B10,OP02,2026-08-05,3.72,37.3,5766666.667,6.7609,PASS
EC_080_R1_0,EC_080,1,L05-EC_080-R1,Escherichia coli,EC,carbon_clean,0,1,Vidro,L05,B07,OP03,2026-08-03,3.96,37.9,1120.0,3.0492,PASS
EC_080_R1_1,EC_080,1,L05-EC_080-R1,Escherichia coli,EC,capture_probe,1,1,Vidro,L05,B07,OP03,2026-08-03,3.96,37.9,1120.0,3.0492,PASS
EC_080_R1_2,EC_080,1,L05-EC_080-R1,Escherichia coli,EC,capture_probe_16S_rRNA,2,1,Vidro,L05,B07,OP03,2026-08-03,3.96,37.9,1120.0,3.0492,PASS
EC_080_R2_0,EC_080,2,L05-EC_080-R2,Escherichia coli,EC,carbon_clean,0,1,Vidro,L05,B07,OP03,2026-08-03,3.96,37.9,1120.0,3.0492,PASS
EC_080_R2_1,EC_080,2,L05-EC_080-R2,Escherichia coli,EC,capture_probe,1,1,Vidro,L05,B07,OP03,2026-08-03,3.96,37.9,1120.0,3.0492,PASS
EC_080_R2_2,EC_080,2,L05-EC_080-R2,Escherichia coli,EC,capture_probe_16S_rRNA,2,1,Vidro,L05,B07,OP03,2026-08-03,3.96,37.9,1120.0,3.0492,PASS
EC_080_R3_0,EC_080,3,L05-EC_080-R3,Escherichia coli,EC,carbon_clean,0,1,Vidro,L05,B07,OP03,2026-08-03,3.96,37.9,1120.0,3.0492,PASS
EC_080_R3_1,EC_080,3,L05-EC_080-R3,Escherichia coli,EC,capture_probe,1,1,Vidro,L05,B07,OP03,2026-08-03,3.96,37.9,1120.0,3.0492,PASS
EC_080_R3_2,EC_080,3,L05-EC_080-R3,Escherichia coli,EC,capture_probe_16S_rRNA,2,1,Vidro,L05,B07,OP03,2026-08-03,3.96,37.9,1120.0,3.0492,PASS
EC_081_R1_0,EC_081,1,L02-EC_081-R1,Escherichia coli,EC,carbon_clean,0,1,Polipropileno,L02,B07,OP02,2026-08-31,3.93,37.1,980.0,2.9912,PASS
EC_081_R1_1,EC_081,1,L02-EC_081-R1,Escherichia coli,EC,capture_probe,1,1,Polipropileno,L02,B07,OP02,2026-08-31,3.93,37.1,980.0,2.9912,PASS
EC_081_R1_2,EC_081,1,L02-EC_081-R1,Escherichia coli,EC,capture_probe_16S_rRNA,2,1,Polipropileno,L02,B07,OP02,2026-08-31,3.93,37.1,980.0,2.9912,PASS
EC_081_R2_0,EC_081,2,L02-EC_081-R2,Escherichia coli,EC,carbon_clean,0,1,Polipropileno,L02,B07,OP02,2026-08-31,3.93,37.1,980.0,2.9912,PASS
EC_081_R2_1,EC_081,2,L02-EC_081-R2,Escherichia coli,EC,capture_probe,1,1,Polipropileno,L02,B07,OP02,2026-08-31,3.93,37.1,980.0,2.9912,PASS
EC_081_R2_2,EC_081,2,L02-EC_081-R2,Escherichia coli,EC,capture_probe_16S_rRNA,2,1,Polipropileno,L02,B07,OP02,2026-08-31,3.93,37.1,980.0,2.9912,REVIEW
EC_081_R3_0,EC_081,3,L02-EC_081-R3,Escherichia coli,EC,carbon_clean,0,1,Polipropileno,L02,B07,OP02,2026-08-31,3.93,37.1,980.0,2.9912,PASS
EC_081_R3_1,EC_081,3,L02-EC_081-R3,Escherichia coli,EC,capture_probe,1,1,Polipropileno,L02,B07,OP02,2026-08-31,3.93,37.1,980.0,2.9912,PASS
EC_081_R3_2,EC_081,3,L02-EC_081-R3,Escherichia coli,EC,capture_probe_16S_rRNA,2,1,Polipropileno,L02,B07,OP02,2026-08-31,3.93,37.1,980.0,2.9912,PASS
EC_082_R1_0,EC_082,1,L01-EC_082-R1,Escherichia coli,EC,carbon_clean,0,1,Aço inoxidável 304,L01,B02,OP03,2026-08-01,4.01,36.7,2590000.0,6.4133,PASS
EC_082_R1_1,EC_082,1,L01-EC_082-R1,Escherichia coli,EC,capture_probe,1,1,Aço inoxidável 304,L01,B02,OP03,2026-08-01,4.01,36.7,2590000.0,6.4133,PASS
EC_082_R1_2,EC_082,1,L01-EC_082-R1,Escherichia coli,EC,capture_probe_16S_rRNA,2,1,Aço inoxidável 304,L01,B02,OP03,2026-08-01,4.01,36.7,2590000.0,6.4133,PASS
EC_082_R2_0,EC_082,2,L01-EC_082-R2,Escherichia coli,EC,carbon_clean,0,1,Aço inoxidável 304,L01,B02,OP03,2026-08-01,4.01,36.7,2590000.0,6.4133,PASS
EC_082_R2_1,EC_082,2,L01-EC_082-R2,Escherichia coli,EC,capture_probe,1,1,Aço inoxidável 304,L01,B02,OP03,2026-08-01,4.01,36.7,2590000.0,6.4133,PASS
EC_082_R2_2,EC_082,2,L01-EC_082-R2,Escherichia coli,EC,capture_probe_16S_rRNA,2,1,Aço inoxidável 304,L01,B02,OP03,2026-08-01,4.01,36.7,2590000.0,6.4133,PASS
EC_082_R3_0,EC_082,3,L01-EC_082-R3,Escherichia coli,EC,carbon_clean,0,1,Aço inoxidável 304,L01,B02,OP03,2026-08-01,4.01,36.7,2590000.0,6.4133,PASS
EC_082_R3_1,EC_082,3,L01-EC_082-R3,Escherichia coli,EC,capture_probe,1,1,Aço inoxidável 304,L01,B02,OP03,2026-08-01,4.01,36.7,2590000.0,6.4133,PASS
EC_082_R3_2,EC_082,3,L01-EC_082-R3,Escherichia coli,EC,capture_probe_16S_rRNA,2,1,Aço inoxidável 304,L01,B02,OP03,2026-08-01,4.01,36.7,2590000.0,6.4133,PASS
EC_083_R1_0,EC_083,1,L05-EC_083-R1,Escherichia coli,EC,carbon_clean,0,1,Polipropileno,L05,B05,OP02,2026-09-14,4.23,38.1,450.0,2.6532,PASS
EC_083_R1_1,EC_083,1,L05-EC_083-R1,Escherichia coli,EC,capture_probe,1,1,Polipropileno,L05,B05,OP02,2026-09-14,4.23,38.1,450.0,2.6532,PASS
EC_083_R1_2,EC_083,1,L05-EC_083-R1,Escherichia coli,EC,capture_probe_16S_rRNA,2,1,Polipropileno,L05,B05,OP02,2026-09-14,4.23,38.1,450.0,2.6532,PASS
EC_083_R2_0,EC_083,2,L05-EC_083-R2,Escherichia coli,EC,carbon_clean,0,1,Polipropileno,L05,B05,OP02,2026-09-14,4.23,38.1,450.0,2.6532,PASS
EC_083_R2_1,EC_083,2,L05-EC_083-R2,Escherichia coli,EC,capture_probe,1,1,Polipropileno,L05,B05,OP02,2026-09-14,4.23,38.1,450.0,2.6532,FAIL
EC_083_R2_2,EC_083,2,L05-EC_083-R2,Escherichia coli,EC,capture_probe_16S_rRNA,2,1,Polipropileno,L05,B05,OP02,2026-09-14,4.23,38.1,450.0,2.6532,PASS
EC_083_R3_0,EC_083,3,L05-EC_083-R3,Escherichia coli,EC,carbon_clean,0,1,Polipropileno,L05,B05,OP02,2026-09-14,4.23,38.1,450.0,2.6532,PASS
EC_083_R3_1,EC_083,3,L05-EC_083-R3,Escherichia coli,EC,capture_probe,1,1,Polipropileno,L05,B05,OP02,2026-09-14,4.23,38.1,450.0,2.6532,PASS
EC_083_R3_2,EC_083,3,L05-EC_083-R3,Escherichia coli,EC,capture_probe_16S_rRNA,2,1,Polipropileno,L05,B05,OP02,2026-09-14,4.23,38.1,450.0,2.6532,PASS
EC_084_R1_0,EC_084,1,L03-EC_084-R1,Escherichia coli,EC,carbon_clean,0,1,Polietileno de alta densidade,L03,B06,OP02,2026-08-24,3.57,36.1,2446.667,3.3886,PASS
EC_084_R1_1,EC_084,1,L03-EC_084-R1,Escherichia coli,EC,capture_probe,1,1,Polietileno de alta densidade,L03,B06,OP02,2026-08-24,3.57,36.1,2446.667,3.3886,PASS
EC_084_R1_2,EC_084,1,L03-EC_084-R1,Escherichia coli,EC,capture_probe_16S_rRNA,2,1,Polietileno de alta densidade,L03,B06,OP02,2026-08-24,3.57,36.1,2446.667,3.3886,PASS
EC_084_R2_0,EC_084,2,L03-EC_084-R2,Escherichia coli,EC,carbon_clean,0,1,Polietileno de alta densidade,L03,B06,OP02,2026-08-24,3.57,36.1,2446.667,3.3886,PASS
EC_084_R2_1,EC_084,2,L03-EC_084-R2,Escherichia coli,EC,capture_probe,1,1,Polietileno de alta densidade,L03,B06,OP02,2026-08-24,3.57,36.1,2446.667,3.3886,PASS
EC_084_R2_2,EC_084,2,L03-EC_084-R2,Escherichia coli,EC,capture_probe_16S_rRNA,2,1,Polietileno de alta densidade,L03,B06,OP02,2026-08-24,3.57,36.1,2446.667,3.3886,PASS
EC_084_R3_0,EC_084,3,L03-EC_084-R3,Escherichia coli,EC,carbon_clean,0,1,Polietileno de alta densidade,L03,B06,OP02,2026-08-24,3.57,36.1,2446.667,3.3886,PASS
EC_084_R3_1,EC_084,3,L03-EC_084-R3,Escherichia coli,EC,capture_probe,1,1,Polietileno de alta densidade,L03,B06,OP02,2026-08-24,3.57,36.1,2446.667,3.3886,PASS
EC_084_R3_2,EC_084,3,L03-EC_084-R3,Escherichia coli,EC,capture_probe_16S_rRNA,2,1,Polietileno de alta densidade,L03,B06,OP02,2026-08-24,3.57,36.1,2446.667,3.3886,PASS
EC_085_R1_0,EC_085,1,L04-EC_085-R1,Escherichia coli,EC,carbon_clean,0,1,Vidro,L04,B03,OP02,2026-08-09,4.16,37.3,623333.333,5.7947,PASS
EC_085_R1_1,EC_085,1,L04-EC_085-R1,Escherichia coli,EC,capture_probe,1,1,Vidro,L04,B03,OP02,2026-08-09,4.16,37.3,623333.333,5.7947,PASS
EC_085_R1_2,EC_085,1,L04-EC_085-R1,Escherichia coli,EC,capture_probe_16S_rRNA,2,1,Vidro,L04,B03,OP02,2026-08-09,4.16,37.3,623333.333,5.7947,PASS
EC_085_R2_0,EC_085,2,L04-EC_085-R2,Escherichia coli,EC,carbon_clean,0,1,Vidro,L04,B03,OP02,2026-08-09,4.16,37.3,623333.333,5.7947,PASS
EC_085_R2_1,EC_085,2,L04-EC_085-R2,Escherichia coli,EC,capture_probe,1,1,Vidro,L04,B03,OP02,2026-08-09,4.16,37.3,623333.333,5.7947,PASS
EC_085_R2_2,EC_085,2,L04-EC_085-R2,Escherichia coli,EC,capture_probe_16S_rRNA,2,1,Vidro,L04,B03,OP02,2026-08-09,4.16,37.3,623333.333,5.7947,PASS
EC_085_R3_0,EC_085,3,L04-EC_085-R3,Escherichia coli,EC,carbon_clean,0,1,Vidro,L04,B03,OP02,2026-08-09,4.16,37.3,623333.333,5.7947,PASS
EC_085_R3_1,EC_085,3,L04-EC_085-R3,Escherichia coli,EC,capture_probe,1,1,Vidro,L04,B03,OP02,2026-08-09,4.16,37.3,623333.333,5.7947,PASS
EC_085_R3_2,EC_085,3,L04-EC_085-R3,Escherichia coli,EC,capture_probe_16S_rRNA,2,1,Vidro,L04,B03,OP02,2026-08-09,4.16,37.3,623333.333,5.7947,PASS
EC_086_R1_0,EC_086,1,L05-EC_086-R1,Escherichia coli,EC,carbon_clean,0,1,Vidro,L05,B06,OP02,2026-08-16,4.08,37.6,896.667,2.9526,PASS
EC_086_R1_1,EC_086,1,L05-EC_086-R1,Escherichia coli,EC,capture_probe,1,1,Vidro,L05,B06,OP02,2026-08-16,4.08,37.6,896.667,2.9526,PASS
EC_086_R1_2,EC_086,1,L05-EC_086-R1,Escherichia coli,EC,capture_probe_16S_rRNA,2,1,Vidro,L05,B06,OP02,2026-08-16,4.08,37.6,896.667,2.9526,PASS
EC_086_R2_0,EC_086,2,L05-EC_086-R2,Escherichia coli,EC,carbon_clean,0,1,Vidro,L05,B06,OP02,2026-08-16,4.08,37.6,896.667,2.9526,PASS
EC_086_R2_1,EC_086,2,L05-EC_086-R2,Escherichia coli,EC,capture_probe,1,1,Vidro,L05,B06,OP02,2026-08-16,4.08,37.6,896.667,2.9526,PASS
EC_086_R2_2,EC_086,2,L05-EC_086-R2,Escherichia coli,EC,capture_probe_16S_rRNA,2,1,Vidro,L05,B06,OP02,2026-08-16,4.08,37.6,896.667,2.9526,PASS
EC_086_R3_0,EC_086,3,L05-EC_086-R3,Escherichia coli,EC,carbon_clean,0,1,Vidro,L05,B06,OP02,2026-08-16,4.08,37.6,896.667,2.9526,PASS
EC_086_R3_1,EC_086,3,L05-EC_086-R3,Escherichia coli,EC,capture_probe,1,1,Vidro,L05,B06,OP02,2026-08-16,4.08,37.6,896.667,2.9526,PASS
EC_086_R3_2,EC_086,3,L05-EC_086-R3,Escherichia coli,EC,capture_probe_16S_rRNA,2,1,Vidro,L05,B06,OP02,2026-08-16,4.08,37.6,896.667,2.9526,PASS
EC_087_R1_0,EC_087,1,L05-EC_087-R1,Escherichia coli,EC,carbon_clean,0,0,Polipropileno,L05,B10,OP02,2026-08-02,3.98,36.8,0.0,,PASS
EC_087_R1_1,EC_087,1,L05-EC_087-R1,Escherichia coli,EC,capture_probe,1,0,Polipropileno,L05,B10,OP02,2026-08-02,3.98,36.8,0.0,,PASS
EC_087_R1_2,EC_087,1,L05-EC_087-R1,Escherichia coli,EC,capture_probe_16S_rRNA,2,0,Polipropileno,L05,B10,OP02,2026-08-02,3.98,36.8,0.0,,PASS
EC_087_R2_0,EC_087,2,L05-EC_087-R2,Escherichia coli,EC,carbon_clean,0,0,Polipropileno,L05,B10,OP02,2026-08-02,3.98,36.8,0.0,,PASS
EC_087_R2_1,EC_087,2,L05-EC_087-R2,Escherichia coli,EC,capture_probe,1,0,Polipropileno,L05,B10,OP02,2026-08-02,3.98,36.8,0.0,,PASS
EC_087_R2_2,EC_087,2,L05-EC_087-R2,Escherichia coli,EC,capture_probe_16S_rRNA,2,0,Polipropileno,L05,B10,OP02,2026-08-02,3.98,36.8,0.0,,PASS
EC_087_R3_0,EC_087,3,L05-EC_087-R3,Escherichia coli,EC,carbon_clean,0,0,Polipropileno,L05,B10,OP02,2026-08-02,3.98,36.8,0.0,,PASS
EC_087_R3_1,EC_087,3,L05-EC_087-R3,Escherichia coli,EC,capture_probe,1,0,Polipropileno,L05,B10,OP02,2026-08-02,3.98,36.8,0.0,,PASS
EC_087_R3_2,EC_087,3,L05-EC_087-R3,Escherichia coli,EC,capture_probe_16S_rRNA,2,0,Polipropileno,L05,B10,OP02,2026-08-02,3.98,36.8,0.0,,PASS
EC_088_R1_0,EC_088,1,L05-EC_088-R1,Escherichia coli,EC,carbon_clean,0,1,Polietileno de alta densidade,L05,B04,OP01,2026-09-07,4.39,36.5,4016.667,3.6039,PASS
EC_088_R1_1,EC_088,1,L05-EC_088-R1,Escherichia coli,EC,capture_probe,1,1,Polietileno de alta densidade,L05,B04,OP01,2026-09-07,4.39,36.5,4016.667,3.6039,PASS
EC_088_R1_2,EC_088,1,L05-EC_088-R1,Escherichia coli,EC,capture_probe_16S_rRNA,2,1,Polietileno de alta densidade,L05,B04,OP01,2026-09-07,4.39,36.5,4016.667,3.6039,PASS
EC_088_R2_0,EC_088,2,L05-EC_088-R2,Escherichia coli,EC,carbon_clean,0,1,Polietileno de alta densidade,L05,B04,OP01,2026-09-07,4.39,36.5,4016.667,3.6039,PASS
EC_088_R2_1,EC_088,2,L05-EC_088-R2,Escherichia coli,EC,capture_probe,1,1,Polietileno de alta densidade,L05,B04,OP01,2026-09-07,4.39,36.5,4016.667,3.6039,PASS
EC_088_R2_2,EC_088,2,L05-EC_088-R2,Escherichia coli,EC,capture_probe_16S_rRNA,2,1,Polietileno de alta densidade,L05,B04,OP01,2026-09-07,4.39,36.5,4016.667,3.6039,PASS
EC_088_R3_0,EC_088,3,L05-EC_088-R3,Escherichia coli,EC,carbon_clean,0,1,Polietileno de alta densidade,L05,B04,OP01,2026-09-07,4.39,36.5,4016.667,3.6039,PASS
EC_088_R3_1,EC_088,3,L05-EC_088-R3,Escherichia coli,EC,capture_probe,1,1,Polietileno de alta densidade,L05,B04,OP01,2026-09-07,4.39,36.5,4016.667,3.6039,PASS
EC_088_R3_2,EC_088,3,L05-EC_088-R3,Escherichia coli,EC,capture_probe_16S_rRNA,2,1,Polietileno de alta densidade,L05,B04,OP01,2026-09-07,4.39,36.5,4016.667,3.6039,PASS
EC_089_R1_0,EC_089,1,L01-EC_089-R1,Escherichia coli,EC,carbon_clean,0,1,Vidro,L01,B10,OP03,2026-08-19,3.42,36.9,1280.0,3.1072,PASS
EC_089_R1_1,EC_089,1,L01-EC_089-R1,Escherichia coli,EC,capture_probe,1,1,Vidro,L01,B10,OP03,2026-08-19,3.42,36.9,1280.0,3.1072,PASS
EC_089_R1_2,EC_089,1,L01-EC_089-R1,Escherichia coli,EC,capture_probe_16S_rRNA,2,1,Vidro,L01,B10,OP03,2026-08-19,3.42,36.9,1280.0,3.1072,REVIEW
EC_089_R2_0,EC_089,2,L01-EC_089-R2,Escherichia coli,EC,carbon_clean,0,1,Vidro,L01,B10,OP03,2026-08-19,3.42,36.9,1280.0,3.1072,PASS
EC_089_R2_1,EC_089,2,L01-EC_089-R2,Escherichia coli,EC,capture_probe,1,1,Vidro,L01,B10,OP03,2026-08-19,3.42,36.9,1280.0,3.1072,PASS
EC_089_R2_2,EC_089,2,L01-EC_089-R2,Escherichia coli,EC,capture_probe_16S_rRNA,2,1,Vidro,L01,B10,OP03,2026-08-19,3.42,36.9,1280.0,3.1072,PASS
EC_089_R3_0,EC_089,3,L01-EC_089-R3,Escherichia coli,EC,carbon_clean,0,1,Vidro,L01,B10,OP03,2026-08-19,3.42,36.9,1280.0,3.1072,PASS
EC_089_R3_1,EC_089,3,L01-EC_089-R3,Escherichia coli,EC,capture_probe,1,1,Vidro,L01,B10,OP03,2026-08-19,3.42,36.9,1280.0,3.1072,PASS
EC_089_R3_2,EC_089,3,L01-EC_089-R3,Escherichia coli,EC,capture_probe_16S_rRNA,2,1,Vidro,L01,B10,OP03,2026-08-19,3.42,36.9,1280.0,3.1072,PASS
EC_090_R1_0,EC_090,1,L05-EC_090-R1,Escherichia coli,EC,carbon_clean,0,1,Polipropileno,L05,B08,OP01,2026-09-04,4.07,36.8,73000.0,4.8633,PASS
EC_090_R1_1,EC_090,1,L05-EC_090-R1,Escherichia coli,EC,capture_probe,1,1,Polipropileno,L05,B08,OP01,2026-09-04,4.07,36.8,73000.0,4.8633,PASS
EC_090_R1_2,EC_090,1,L05-EC_090-R1,Escherichia coli,EC,capture_probe_16S_rRNA,2,1,Polipropileno,L05,B08,OP01,2026-09-04,4.07,36.8,73000.0,4.8633,FAIL
EC_090_R2_0,EC_090,2,L05-EC_090-R2,Escherichia coli,EC,carbon_clean,0,1,Polipropileno,L05,B08,OP01,2026-09-04,4.07,36.8,73000.0,4.8633,PASS
EC_090_R2_1,EC_090,2,L05-EC_090-R2,Escherichia coli,EC,capture_probe,1,1,Polipropileno,L05,B08,OP01,2026-09-04,4.07,36.8,73000.0,4.8633,PASS
EC_090_R2_2,EC_090,2,L05-EC_090-R2,Escherichia coli,EC,capture_probe_16S_rRNA,2,1,Polipropileno,L05,B08,OP01,2026-09-04,4.07,36.8,73000.0,4.8633,PASS
EC_090_R3_0,EC_090,3,L05-EC_090-R3,Escherichia coli,EC,carbon_clean,0,1,Polipropileno,L05,B08,OP01,2026-09-04,4.07,36.8,73000.0,4.8633,PASS
EC_090_R3_1,EC_090,3,L05-EC_090-R3,Escherichia coli,EC,capture_probe,1,1,Polipropileno,L05,B08,OP01,2026-09-04,4.07,36.8,73000.0,4.8633,PASS
EC_090_R3_2,EC_090,3,L05-EC_090-R3,Escherichia coli,EC,capture_probe_16S_rRNA,2,1,Polipropileno,L05,B08,OP01,2026-09-04,4.07,36.8,73000.0,4.8633,PASS
EC_091_R1_0,EC_091,1,L04-EC_091-R1,Escherichia coli,EC,carbon_clean,0,0,Vidro,L04,B09,OP02,2026-08-09,4.12,36.8,3.333,0.5229,PASS
EC_091_R1_1,EC_091,1,L04-EC_091-R1,Escherichia coli,EC,capture_probe,1,0,Vidro,L04,B09,OP02,2026-08-09,4.12,36.8,3.333,0.5229,PASS
EC_091_R1_2,EC_091,1,L04-EC_091-R1,Escherichia coli,EC,capture_probe_16S_rRNA,2,0,Vidro,L04,B09,OP02,2026-08-09,4.12,36.8,3.333,0.5229,PASS
EC_091_R2_0,EC_091,2,L04-EC_091-R2,Escherichia coli,EC,carbon_clean,0,0,Vidro,L04,B09,OP02,2026-08-09,4.12,36.8,3.333,0.5229,PASS
EC_091_R2_1,EC_091,2,L04-EC_091-R2,Escherichia coli,EC,capture_probe,1,0,Vidro,L04,B09,OP02,2026-08-09,4.12,36.8,3.333,0.5229,PASS
EC_091_R2_2,EC_091,2,L04-EC_091-R2,Escherichia coli,EC,capture_probe_16S_rRNA,2,0,Vidro,L04,B09,OP02,2026-08-09,4.12,36.8,3.333,0.5229,PASS
EC_091_R3_0,EC_091,3,L04-EC_091-R3,Escherichia coli,EC,carbon_clean,0,0,Vidro,L04,B09,OP02,2026-08-09,4.12,36.8,3.333,0.5229,PASS
EC_091_R3_1,EC_091,3,L04-EC_091-R3,Escherichia coli,EC,capture_probe,1,0,Vidro,L04,B09,OP02,2026-08-09,4.12,36.8,3.333,0.5229,PASS
EC_091_R3_2,EC_091,3,L04-EC_091-R3,Escherichia coli,EC,capture_probe_16S_rRNA,2,0,Vidro,L04,B09,OP02,2026-08-09,4.12,36.8,3.333,0.5229,PASS
EC_092_R1_0,EC_092,1,L02-EC_092-R1,Escherichia coli,EC,carbon_clean,0,1,Polipropileno,L02,B03,OP03,2026-09-14,3.69,37.7,233.333,2.368,PASS
EC_092_R1_1,EC_092,1,L02-EC_092-R1,Escherichia coli,EC,capture_probe,1,1,Polipropileno,L02,B03,OP03,2026-09-14,3.69,37.7,233.333,2.368,PASS
EC_092_R1_2,EC_092,1,L02-EC_092-R1,Escherichia coli,EC,capture_probe_16S_rRNA,2,1,Polipropileno,L02,B03,OP03,2026-09-14,3.69,37.7,233.333,2.368,PASS
EC_092_R2_0,EC_092,2,L02-EC_092-R2,Escherichia coli,EC,carbon_clean,0,1,Polipropileno,L02,B03,OP03,2026-09-14,3.69,37.7,233.333,2.368,PASS
EC_092_R2_1,EC_092,2,L02-EC_092-R2,Escherichia coli,EC,capture_probe,1,1,Polipropileno,L02,B03,OP03,2026-09-14,3.69,37.7,233.333,2.368,PASS
EC_092_R2_2,EC_092,2,L02-EC_092-R2,Escherichia coli,EC,capture_probe_16S_rRNA,2,1,Polipropileno,L02,B03,OP03,2026-09-14,3.69,37.7,233.333,2.368,PASS
EC_092_R3_0,EC_092,3,L02-EC_092-R3,Escherichia coli,EC,carbon_clean,0,1,Polipropileno,L02,B03,OP03,2026-09-14,3.69,37.7,233.333,2.368,PASS
EC_092_R3_1,EC_092,3,L02-EC_092-R3,Escherichia coli,EC,capture_probe,1,1,Polipropileno,L02,B03,OP03,2026-09-14,3.69,37.7,233.333,2.368,PASS
EC_092_R3_2,EC_092,3,L02-EC_092-R3,Escherichia coli,EC,capture_probe_16S_rRNA,2,1,Polipropileno,L02,B03,OP03,2026-09-14,3.69,37.7,233.333,2.368,PASS
EC_093_R1_0,EC_093,1,L04-EC_093-R1,Escherichia coli,EC,carbon_clean,0,0,Aço inoxidável 304,L04,B03,OP01,2026-08-20,3.86,36.3,3.333,0.5229,PASS
EC_093_R1_1,EC_093,1,L04-EC_093-R1,Escherichia coli,EC,capture_probe,1,0,Aço inoxidável 304,L04,B03,OP01,2026-08-20,3.86,36.3,3.333,0.5229,PASS
EC_093_R1_2,EC_093,1,L04-EC_093-R1,Escherichia coli,EC,capture_probe_16S_rRNA,2,0,Aço inoxidável 304,L04,B03,OP01,2026-08-20,3.86,36.3,3.333,0.5229,PASS
EC_093_R2_0,EC_093,2,L04-EC_093-R2,Escherichia coli,EC,carbon_clean,0,0,Aço inoxidável 304,L04,B03,OP01,2026-08-20,3.86,36.3,3.333,0.5229,PASS
EC_093_R2_1,EC_093,2,L04-EC_093-R2,Escherichia coli,EC,capture_probe,1,0,Aço inoxidável 304,L04,B03,OP01,2026-08-20,3.86,36.3,3.333,0.5229,PASS
EC_093_R2_2,EC_093,2,L04-EC_093-R2,Escherichia coli,EC,capture_probe_16S_rRNA,2,0,Aço inoxidável 304,L04,B03,OP01,2026-08-20,3.86,36.3,3.333,0.5229,PASS
EC_093_R3_0,EC_093,3,L04-EC_093-R3,Escherichia coli,EC,carbon_clean,0,0,Aço inoxidável 304,L04,B03,OP01,2026-08-20,3.86,36.3,3.333,0.5229,PASS
EC_093_R3_1,EC_093,3,L04-EC_093-R3,Escherichia coli,EC,capture_probe,1,0,Aço inoxidável 304,L04,B03,OP01,2026-08-20,3.86,36.3,3.333,0.5229,PASS
EC_093_R3_2,EC_093,3,L04-EC_093-R3,Escherichia coli,EC,capture_probe_16S_rRNA,2,0,Aço inoxidável 304,L04,B03,OP01,2026-08-20,3.86,36.3,3.333,0.5229,PASS
EC_094_R1_0,EC_094,1,L04-EC_094-R1,Escherichia coli,EC,carbon_clean,0,1,Polipropileno,L04,B10,OP01,2026-09-06,4.16,36.3,22033333.333,7.3431,PASS
EC_094_R1_1,EC_094,1,L04-EC_094-R1,Escherichia coli,EC,capture_probe,1,1,Polipropileno,L04,B10,OP01,2026-09-06,4.16,36.3,22033333.333,7.3431,REVIEW
EC_094_R1_2,EC_094,1,L04-EC_094-R1,Escherichia coli,EC,capture_probe_16S_rRNA,2,1,Polipropileno,L04,B10,OP01,2026-09-06,4.16,36.3,22033333.333,7.3431,REVIEW
EC_094_R2_0,EC_094,2,L04-EC_094-R2,Escherichia coli,EC,carbon_clean,0,1,Polipropileno,L04,B10,OP01,2026-09-06,4.16,36.3,22033333.333,7.3431,PASS
EC_094_R2_1,EC_094,2,L04-EC_094-R2,Escherichia coli,EC,capture_probe,1,1,Polipropileno,L04,B10,OP01,2026-09-06,4.16,36.3,22033333.333,7.3431,PASS
EC_094_R2_2,EC_094,2,L04-EC_094-R2,Escherichia coli,EC,capture_probe_16S_rRNA,2,1,Polipropileno,L04,B10,OP01,2026-09-06,4.16,36.3,22033333.333,7.3431,PASS
EC_094_R3_0,EC_094,3,L04-EC_094-R3,Escherichia coli,EC,carbon_clean,0,1,Polipropileno,L04,B10,OP01,2026-09-06,4.16,36.3,22033333.333,7.3431,PASS
EC_094_R3_1,EC_094,3,L04-EC_094-R3,Escherichia coli,EC,capture_probe,1,1,Polipropileno,L04,B10,OP01,2026-09-06,4.16,36.3,22033333.333,7.3431,PASS
EC_094_R3_2,EC_094,3,L04-EC_094-R3,Escherichia coli,EC,capture_probe_16S_rRNA,2,1,Polipropileno,L04,B10,OP01,2026-09-06,4.16,36.3,22033333.333,7.3431,PASS
EC_095_R1_0,EC_095,1,L05-EC_095-R1,Escherichia coli,EC,carbon_clean,0,1,Aço inoxidável 304,L05,B10,OP03,2026-08-02,4.31,37.3,60000.0,4.7782,PASS
EC_095_R1_1,EC_095,1,L05-EC_095-R1,Escherichia coli,EC,capture_probe,1,1,Aço inoxidável 304,L05,B10,OP03,2026-08-02,4.31,37.3,60000.0,4.7782,PASS
EC_095_R1_2,EC_095,1,L05-EC_095-R1,Escherichia coli,EC,capture_probe_16S_rRNA,2,1,Aço inoxidável 304,L05,B10,OP03,2026-08-02,4.31,37.3,60000.0,4.7782,PASS
EC_095_R2_0,EC_095,2,L05-EC_095-R2,Escherichia coli,EC,carbon_clean,0,1,Aço inoxidável 304,L05,B10,OP03,2026-08-02,4.31,37.3,60000.0,4.7782,PASS
EC_095_R2_1,EC_095,2,L05-EC_095-R2,Escherichia coli,EC,capture_probe,1,1,Aço inoxidável 304,L05,B10,OP03,2026-08-02,4.31,37.3,60000.0,4.7782,PASS
EC_095_R2_2,EC_095,2,L05-EC_095-R2,Escherichia coli,EC,capture_probe_16S_rRNA,2,1,Aço inoxidável 304,L05,B10,OP03,2026-08-02,4.31,37.3,60000.0,4.7782,PASS
EC_095_R3_0,EC_095,3,L05-EC_095-R3,Escherichia coli,EC,carbon_clean,0,1,Aço inoxidável 304,L05,B10,OP03,2026-08-02,4.31,37.3,60000.0,4.7782,PASS
EC_095_R3_1,EC_095,3,L05-EC_095-R3,Escherichia coli,EC,capture_probe,1,1,Aço inoxidável 304,L05,B10,OP03,2026-08-02,4.31,37.3,60000.0,4.7782,PASS
EC_095_R3_2,EC_095,3,L05-EC_095-R3,Escherichia coli,EC,capture_probe_16S_rRNA,2,1,Aço inoxidável 304,L05,B10,OP03,2026-08-02,4.31,37.3,60000.0,4.7782,PASS
EC_096_R1_0,EC_096,1,L04-EC_096-R1,Escherichia coli,EC,carbon_clean,0,1,Vidro,L04,B02,OP01,2026-08-09,3.81,36.5,225333.333,5.3528,PASS
EC_096_R1_1,EC_096,1,L04-EC_096-R1,Escherichia coli,EC,capture_probe,1,1,Vidro,L04,B02,OP01,2026-08-09,3.81,36.5,225333.333,5.3528,PASS
EC_096_R1_2,EC_096,1,L04-EC_096-R1,Escherichia coli,EC,capture_probe_16S_rRNA,2,1,Vidro,L04,B02,OP01,2026-08-09,3.81,36.5,225333.333,5.3528,PASS
EC_096_R2_0,EC_096,2,L04-EC_096-R2,Escherichia coli,EC,carbon_clean,0,1,Vidro,L04,B02,OP01,2026-08-09,3.81,36.5,225333.333,5.3528,PASS
EC_096_R2_1,EC_096,2,L04-EC_096-R2,Escherichia coli,EC,capture_probe,1,1,Vidro,L04,B02,OP01,2026-08-09,3.81,36.5,225333.333,5.3528,PASS
EC_096_R2_2,EC_096,2,L04-EC_096-R2,Escherichia coli,EC,capture_probe_16S_rRNA,2,1,Vidro,L04,B02,OP01,2026-08-09,3.81,36.5,225333.333,5.3528,PASS
EC_096_R3_0,EC_096,3,L04-EC_096-R3,Escherichia coli,EC,carbon_clean,0,1,Vidro,L04,B02,OP01,2026-08-09,3.81,36.5,225333.333,5.3528,PASS
EC_096_R3_1,EC_096,3,L04-EC_096-R3,Escherichia coli,EC,capture_probe,1,1,Vidro,L04,B02,OP01,2026-08-09,3.81,36.5,225333.333,5.3528,PASS
EC_096_R3_2,EC_096,3,L04-EC_096-R3,Escherichia coli,EC,capture_probe_16S_rRNA,2,1,Vidro,L04,B02,OP01,2026-08-09,3.81,36.5,225333.333,5.3528,PASS
EC_097_R1_0,EC_097,1,L02-EC_097-R1,Escherichia coli,EC,carbon_clean,0,1,Polipropileno,L02,B01,OP01,2026-08-11,4.01,37.1,18900.0,4.2765,PASS
EC_097_R1_1,EC_097,1,L02-EC_097-R1,Escherichia coli,EC,capture_probe,1,1,Polipropileno,L02,B01,OP01,2026-08-11,4.01,37.1,18900.0,4.2765,PASS
EC_097_R1_2,EC_097,1,L02-EC_097-R1,Escherichia coli,EC,capture_probe_16S_rRNA,2,1,Polipropileno,L02,B01,OP01,2026-08-11,4.01,37.1,18900.0,4.2765,PASS
EC_097_R2_0,EC_097,2,L02-EC_097-R2,Escherichia coli,EC,carbon_clean,0,1,Polipropileno,L02,B01,OP01,2026-08-11,4.01,37.1,18900.0,4.2765,PASS
EC_097_R2_1,EC_097,2,L02-EC_097-R2,Escherichia coli,EC,capture_probe,1,1,Polipropileno,L02,B01,OP01,2026-08-11,4.01,37.1,18900.0,4.2765,PASS
EC_097_R2_2,EC_097,2,L02-EC_097-R2,Escherichia coli,EC,capture_probe_16S_rRNA,2,1,Polipropileno,L02,B01,OP01,2026-08-11,4.01,37.1,18900.0,4.2765,PASS
EC_097_R3_0,EC_097,3,L02-EC_097-R3,Escherichia coli,EC,carbon_clean,0,1,Polipropileno,L02,B01,OP01,2026-08-11,4.01,37.1,18900.0,4.2765,PASS
EC_097_R3_1,EC_097,3,L02-EC_097-R3,Escherichia coli,EC,capture_probe,1,1,Polipropileno,L02,B01,OP01,2026-08-11,4.01,37.1,18900.0,4.2765,PASS
EC_097_R3_2,EC_097,3,L02-EC_097-R3,Escherichia coli,EC,capture_probe_16S_rRNA,2,1,Polipropileno,L02,B01,OP01,2026-08-11,4.01,37.1,18900.0,4.2765,PASS
EC_098_R1_0,EC_098,1,L02-EC_098-R1,Escherichia coli,EC,carbon_clean,0,1,Aço inoxidável 304,L02,B06,OP01,2026-08-18,4.27,37.6,32433.333,4.511,PASS
EC_098_R1_1,EC_098,1,L02-EC_098-R1,Escherichia coli,EC,capture_probe,1,1,Aço inoxidável 304,L02,B06,OP01,2026-08-18,4.27,37.6,32433.333,4.511,REVIEW
EC_098_R1_2,EC_098,1,L02-EC_098-R1,Escherichia coli,EC,capture_probe_16S_rRNA,2,1,Aço inoxidável 304,L02,B06,OP01,2026-08-18,4.27,37.6,32433.333,4.511,PASS
EC_098_R2_0,EC_098,2,L02-EC_098-R2,Escherichia coli,EC,carbon_clean,0,1,Aço inoxidável 304,L02,B06,OP01,2026-08-18,4.27,37.6,32433.333,4.511,PASS
EC_098_R2_1,EC_098,2,L02-EC_098-R2,Escherichia coli,EC,capture_probe,1,1,Aço inoxidável 304,L02,B06,OP01,2026-08-18,4.27,37.6,32433.333,4.511,PASS
EC_098_R2_2,EC_098,2,L02-EC_098-R2,Escherichia coli,EC,capture_probe_16S_rRNA,2,1,Aço inoxidável 304,L02,B06,OP01,2026-08-18,4.27,37.6,32433.333,4.511,PASS
EC_098_R3_0,EC_098,3,L02-EC_098-R3,Escherichia coli,EC,carbon_clean,0,1,Aço inoxidável 304,L02,B06,OP01,2026-08-18,4.27,37.6,32433.333,4.511,PASS
EC_098_R3_1,EC_098,3,L02-EC_098-R3,Escherichia coli,EC,capture_probe,1,1,Aço inoxidável 304,L02,B06,OP01,2026-08-18,4.27,37.6,32433.333,4.511,PASS
EC_098_R3_2,EC_098,3,L02-EC_098-R3,Escherichia coli,EC,capture_probe_16S_rRNA,2,1,Aço inoxidável 304,L02,B06,OP01,2026-08-18,4.27,37.6,32433.333,4.511,PASS
EC_099_R1_0,EC_099,1,L05-EC_099-R1,Escherichia coli,EC,carbon_clean,0,1,Polietileno de alta densidade,L05,B07,OP03,2026-08-25,3.5,36.5,175333.333,5.2439,PASS
EC_099_R1_1,EC_099,1,L05-EC_099-R1,Escherichia coli,EC,capture_probe,1,1,Polietileno de alta densidade,L05,B07,OP03,2026-08-25,3.5,36.5,175333.333,5.2439,PASS
EC_099_R1_2,EC_099,1,L05-EC_099-R1,Escherichia coli,EC,capture_probe_16S_rRNA,2,1,Polietileno de alta densidade,L05,B07,OP03,2026-08-25,3.5,36.5,175333.333,5.2439,PASS
EC_099_R2_0,EC_099,2,L05-EC_099-R2,Escherichia coli,EC,carbon_clean,0,1,Polietileno de alta densidade,L05,B07,OP03,2026-08-25,3.5,36.5,175333.333,5.2439,PASS
EC_099_R2_1,EC_099,2,L05-EC_099-R2,Escherichia coli,EC,capture_probe,1,1,Polietileno de alta densidade,L05,B07,OP03,2026-08-25,3.5,36.5,175333.333,5.2439,PASS
EC_099_R2_2,EC_099,2,L05-EC_099-R2,Escherichia coli,EC,capture_probe_16S_rRNA,2,1,Polietileno de alta densidade,L05,B07,OP03,2026-08-25,3.5,36.5,175333.333,5.2439,PASS
EC_099_R3_0,EC_099,3,L05-EC_099-R3,Escherichia coli,EC,carbon_clean,0,1,Polietileno de alta densidade,L05,B07,OP03,2026-08-25,3.5,36.5,175333.333,5.2439,PASS
EC_099_R3_1,EC_099,3,L05-EC_099-R3,Escherichia coli,EC,capture_probe,1,1,Polietileno de alta densidade,L05,B07,OP03,2026-08-25,3.5,36.5,175333.333,5.2439,PASS
EC_099_R3_2,EC_099,3,L05-EC_099-R3,Escherichia coli,EC,capture_probe_16S_rRNA,2,1,Polietileno de alta densidade,L05,B07,OP03,2026-08-25,3.5,36.5,175333.333,5.2439,PASS
EC_100_R1_0,EC_100,1,L05-EC_100-R1,Escherichia coli,EC,carbon_clean,0,1,Vidro,L05,B07,OP01,2026-09-12,4.13,35.8,9666666.667,6.9853,PASS
EC_100_R1_1,EC_100,1,L05-EC_100-R1,Escherichia coli,EC,capture_probe,1,1,Vidro,L05,B07,OP01,2026-09-12,4.13,35.8,9666666.667,6.9853,PASS
EC_100_R1_2,EC_100,1,L05-EC_100-R1,Escherichia coli,EC,capture_probe_16S_rRNA,2,1,Vidro,L05,B07,OP01,2026-09-12,4.13,35.8,9666666.667,6.9853,PASS
EC_100_R2_0,EC_100,2,L05-EC_100-R2,Escherichia coli,EC,carbon_clean,0,1,Vidro,L05,B07,OP01,2026-09-12,4.13,35.8,9666666.667,6.9853,PASS
EC_100_R2_1,EC_100,2,L05-EC_100-R2,Escherichia coli,EC,capture_probe,1,1,Vidro,L05,B07,OP01,2026-09-12,4.13,35.8,9666666.667,6.9853,PASS
EC_100_R2_2,EC_100,2,L05-EC_100-R2,Escherichia coli,EC,capture_probe_16S_rRNA,2,1,Vidro,L05,B07,OP01,2026-09-12,4.13,35.8,9666666.667,6.9853,PASS
EC_100_R3_0,EC_100,3,L05-EC_100-R3,Escherichia coli,EC,carbon_clean,0,1,Vidro,L05,B07,OP01,2026-09-12,4.13,35.8,9666666.667,6.9853,PASS
EC_100_R3_1,EC_100,3,L05-EC_100-R3,Escherichia coli,EC,capture_probe,1,1,Vidro,L05,B07,OP01,2026-09-12,4.13,35.8,9666666.667,6.9853,PASS
EC_100_R3_2,EC_100,3,L05-EC_100-R3,Escherichia coli,EC,capture_probe_16S_rRNA,2,1,Vidro,L05,B07,OP01,2026-09-12,4.13,35.8,9666666.667,6.9853,PASS
SA_001_R1_0,SA_001,1,L01-SA_001-R1,Staphylococcus aureus,SA,carbon_clean,0,1,Polipropileno,L01,B06,OP02,2026-09-09,3.44,37.4,98000.0,4.9912,PASS
SA_001_R1_1,SA_001,1,L01-SA_001-R1,Staphylococcus aureus,SA,capture_probe,1,1,Polipropileno,L01,B06,OP02,2026-09-09,3.44,37.4,98000.0,4.9912,PASS
SA_001_R1_2,SA_001,1,L01-SA_001-R1,Staphylococcus aureus,SA,capture_probe_16S_rRNA,2,1,Polipropileno,L01,B06,OP02,2026-09-09,3.44,37.4,98000.0,4.9912,REVIEW
SA_001_R2_0,SA_001,2,L01-SA_001-R2,Staphylococcus aureus,SA,carbon_clean,0,1,Polipropileno,L01,B06,OP02,2026-09-09,3.44,37.4,98000.0,4.9912,PASS
SA_001_R2_1,SA_001,2,L01-SA_001-R2,Staphylococcus aureus,SA,capture_probe,1,1,Polipropileno,L01,B06,OP02,2026-09-09,3.44,37.4,98000.0,4.9912,PASS
SA_001_R2_2,SA_001,2,L01-SA_001-R2,Staphylococcus aureus,SA,capture_probe_16S_rRNA,2,1,Polipropileno,L01,B06,OP02,2026-09-09,3.44,37.4,98000.0,4.9912,PASS
SA_001_R3_0,SA_001,3,L01-SA_001-R3,Staphylococcus aureus,SA,carbon_clean,0,1,Polipropileno,L01,B06,OP02,2026-09-09,3.44,37.4,98000.0,4.9912,PASS
SA_001_R3_1,SA_001,3,L01-SA_001-R3,Staphylococcus aureus,SA,capture_probe,1,1,Polipropileno,L01,B06,OP02,2026-09-09,3.44,37.4,98000.0,4.9912,PASS
SA_001_R3_2,SA_001,3,L01-SA_001-R3,Staphylococcus aureus,SA,capture_probe_16S_rRNA,2,1,Polipropileno,L01,B06,OP02,2026-09-09,3.44,37.4,98000.0,4.9912,PASS
SA_002_R1_0,SA_002,1,L05-SA_002-R1,Staphylococcus aureus,SA,carbon_clean,0,1,Polipropileno,L05,B01,OP01,2026-08-14,3.98,36.9,100333.333,5.0014,PASS
SA_002_R1_1,SA_002,1,L05-SA_002-R1,Staphylococcus aureus,SA,capture_probe,1,1,Polipropileno,L05,B01,OP01,2026-08-14,3.98,36.9,100333.333,5.0014,PASS
SA_002_R1_2,SA_002,1,L05-SA_002-R1,Staphylococcus aureus,SA,capture_probe_16S_rRNA,2,1,Polipropileno,L05,B01,OP01,2026-08-14,3.98,36.9,100333.333,5.0014,PASS
SA_002_R2_0,SA_002,2,L05-SA_002-R2,Staphylococcus aureus,SA,carbon_clean,0,1,Polipropileno,L05,B01,OP01,2026-08-14,3.98,36.9,100333.333,5.0014,PASS
SA_002_R2_1,SA_002,2,L05-SA_002-R2,Staphylococcus aureus,SA,capture_probe,1,1,Polipropileno,L05,B01,OP01,2026-08-14,3.98,36.9,100333.333,5.0014,PASS
SA_002_R2_2,SA_002,2,L05-SA_002-R2,Staphylococcus aureus,SA,capture_probe_16S_rRNA,2,1,Polipropileno,L05,B01,OP01,2026-08-14,3.98,36.9,100333.333,5.0014,PASS
SA_002_R3_0,SA_002,3,L05-SA_002-R3,Staphylococcus aureus,SA,carbon_clean,0,1,Polipropileno,L05,B01,OP01,2026-08-14,3.98,36.9,100333.333,5.0014,PASS
SA_002_R3_1,SA_002,3,L05-SA_002-R3,Staphylococcus aureus,SA,capture_probe,1,1,Polipropileno,L05,B01,OP01,2026-08-14,3.98,36.9,100333.333,5.0014,PASS
SA_002_R3_2,SA_002,3,L05-SA_002-R3,Staphylococcus aureus,SA,capture_probe_16S_rRNA,2,1,Polipropileno,L05,B01,OP01,2026-08-14,3.98,36.9,100333.333,5.0014,PASS
SA_003_R1_0,SA_003,1,L02-SA_003-R1,Staphylococcus aureus,SA,carbon_clean,0,1,Aço inoxidável 304,L02,B03,OP01,2026-08-04,4.26,37.1,3856.667,3.5862,PASS
SA_003_R1_1,SA_003,1,L02-SA_003-R1,Staphylococcus aureus,SA,capture_probe,1,1,Aço inoxidável 304,L02,B03,OP01,2026-08-04,4.26,37.1,3856.667,3.5862,PASS
SA_003_R1_2,SA_003,1,L02-SA_003-R1,Staphylococcus aureus,SA,capture_probe_16S_rRNA,2,1,Aço inoxidável 304,L02,B03,OP01,2026-08-04,4.26,37.1,3856.667,3.5862,PASS
SA_003_R2_0,SA_003,2,L02-SA_003-R2,Staphylococcus aureus,SA,carbon_clean,0,1,Aço inoxidável 304,L02,B03,OP01,2026-08-04,4.26,37.1,3856.667,3.5862,PASS
SA_003_R2_1,SA_003,2,L02-SA_003-R2,Staphylococcus aureus,SA,capture_probe,1,1,Aço inoxidável 304,L02,B03,OP01,2026-08-04,4.26,37.1,3856.667,3.5862,PASS
SA_003_R2_2,SA_003,2,L02-SA_003-R2,Staphylococcus aureus,SA,capture_probe_16S_rRNA,2,1,Aço inoxidável 304,L02,B03,OP01,2026-08-04,4.26,37.1,3856.667,3.5862,PASS
SA_003_R3_0,SA_003,3,L02-SA_003-R3,Staphylococcus aureus,SA,carbon_clean,0,1,Aço inoxidável 304,L02,B03,OP01,2026-08-04,4.26,37.1,3856.667,3.5862,PASS
SA_003_R3_1,SA_003,3,L02-SA_003-R3,Staphylococcus aureus,SA,capture_probe,1,1,Aço inoxidável 304,L02,B03,OP01,2026-08-04,4.26,37.1,3856.667,3.5862,PASS
SA_003_R3_2,SA_003,3,L02-SA_003-R3,Staphylococcus aureus,SA,capture_probe_16S_rRNA,2,1,Aço inoxidável 304,L02,B03,OP01,2026-08-04,4.26,37.1,3856.667,3.5862,PASS
SA_004_R1_0,SA_004,1,L04-SA_004-R1,Staphylococcus aureus,SA,carbon_clean,0,0,Polipropileno,L04,B06,OP03,2026-09-07,3.84,36.7,6.667,0.8239,PASS
SA_004_R1_1,SA_004,1,L04-SA_004-R1,Staphylococcus aureus,SA,capture_probe,1,0,Polipropileno,L04,B06,OP03,2026-09-07,3.84,36.7,6.667,0.8239,PASS
SA_004_R1_2,SA_004,1,L04-SA_004-R1,Staphylococcus aureus,SA,capture_probe_16S_rRNA,2,0,Polipropileno,L04,B06,OP03,2026-09-07,3.84,36.7,6.667,0.8239,PASS
SA_004_R2_0,SA_004,2,L04-SA_004-R2,Staphylococcus aureus,SA,carbon_clean,0,0,Polipropileno,L04,B06,OP03,2026-09-07,3.84,36.7,6.667,0.8239,PASS
SA_004_R2_1,SA_004,2,L04-SA_004-R2,Staphylococcus aureus,SA,capture_probe,1,0,Polipropileno,L04,B06,OP03,2026-09-07,3.84,36.7,6.667,0.8239,PASS
SA_004_R2_2,SA_004,2,L04-SA_004-R2,Staphylococcus aureus,SA,capture_probe_16S_rRNA,2,0,Polipropileno,L04,B06,OP03,2026-09-07,3.84,36.7,6.667,0.8239,PASS
SA_004_R3_0,SA_004,3,L04-SA_004-R3,Staphylococcus aureus,SA,carbon_clean,0,0,Polipropileno,L04,B06,OP03,2026-09-07,3.84,36.7,6.667,0.8239,PASS
SA_004_R3_1,SA_004,3,L04-SA_004-R3,Staphylococcus aureus,SA,capture_probe,1,0,Polipropileno,L04,B06,OP03,2026-09-07,3.84,36.7,6.667,0.8239,PASS
SA_004_R3_2,SA_004,3,L04-SA_004-R3,Staphylococcus aureus,SA,capture_probe_16S_rRNA,2,0,Polipropileno,L04,B06,OP03,2026-09-07,3.84,36.7,6.667,0.8239,PASS
SA_005_R1_0,SA_005,1,L02-SA_005-R1,Staphylococcus aureus,SA,carbon_clean,0,1,Polietileno de alta densidade,L02,B03,OP02,2026-08-05,3.87,37.7,58666.667,4.7684,REVIEW
SA_005_R1_1,SA_005,1,L02-SA_005-R1,Staphylococcus aureus,SA,capture_probe,1,1,Polietileno de alta densidade,L02,B03,OP02,2026-08-05,3.87,37.7,58666.667,4.7684,PASS
SA_005_R1_2,SA_005,1,L02-SA_005-R1,Staphylococcus aureus,SA,capture_probe_16S_rRNA,2,1,Polietileno de alta densidade,L02,B03,OP02,2026-08-05,3.87,37.7,58666.667,4.7684,PASS
SA_005_R2_0,SA_005,2,L02-SA_005-R2,Staphylococcus aureus,SA,carbon_clean,0,1,Polietileno de alta densidade,L02,B03,OP02,2026-08-05,3.87,37.7,58666.667,4.7684,PASS
SA_005_R2_1,SA_005,2,L02-SA_005-R2,Staphylococcus aureus,SA,capture_probe,1,1,Polietileno de alta densidade,L02,B03,OP02,2026-08-05,3.87,37.7,58666.667,4.7684,PASS
SA_005_R2_2,SA_005,2,L02-SA_005-R2,Staphylococcus aureus,SA,capture_probe_16S_rRNA,2,1,Polietileno de alta densidade,L02,B03,OP02,2026-08-05,3.87,37.7,58666.667,4.7684,PASS
SA_005_R3_0,SA_005,3,L02-SA_005-R3,Staphylococcus aureus,SA,carbon_clean,0,1,Polietileno de alta densidade,L02,B03,OP02,2026-08-05,3.87,37.7,58666.667,4.7684,PASS
SA_005_R3_1,SA_005,3,L02-SA_005-R3,Staphylococcus aureus,SA,capture_probe,1,1,Polietileno de alta densidade,L02,B03,OP02,2026-08-05,3.87,37.7,58666.667,4.7684,PASS
SA_005_R3_2,SA_005,3,L02-SA_005-R3,Staphylococcus aureus,SA,capture_probe_16S_rRNA,2,1,Polietileno de alta densidade,L02,B03,OP02,2026-08-05,3.87,37.7,58666.667,4.7684,PASS
SA_006_R1_0,SA_006,1,L03-SA_006-R1,Staphylococcus aureus,SA,carbon_clean,0,1,Polipropileno,L03,B03,OP02,2026-08-27,3.95,36.7,40266.667,4.6049,PASS
SA_006_R1_1,SA_006,1,L03-SA_006-R1,Staphylococcus aureus,SA,capture_probe,1,1,Polipropileno,L03,B03,OP02,2026-08-27,3.95,36.7,40266.667,4.6049,PASS
SA_006_R1_2,SA_006,1,L03-SA_006-R1,Staphylococcus aureus,SA,capture_probe_16S_rRNA,2,1,Polipropileno,L03,B03,OP02,2026-08-27,3.95,36.7,40266.667,4.6049,PASS
SA_006_R2_0,SA_006,2,L03-SA_006-R2,Staphylococcus aureus,SA,carbon_clean,0,1,Polipropileno,L03,B03,OP02,2026-08-27,3.95,36.7,40266.667,4.6049,FAIL
SA_006_R2_1,SA_006,2,L03-SA_006-R2,Staphylococcus aureus,SA,capture_probe,1,1,Polipropileno,L03,B03,OP02,2026-08-27,3.95,36.7,40266.667,4.6049,PASS
SA_006_R2_2,SA_006,2,L03-SA_006-R2,Staphylococcus aureus,SA,capture_probe_16S_rRNA,2,1,Polipropileno,L03,B03,OP02,2026-08-27,3.95,36.7,40266.667,4.6049,REVIEW
SA_006_R3_0,SA_006,3,L03-SA_006-R3,Staphylococcus aureus,SA,carbon_clean,0,1,Polipropileno,L03,B03,OP02,2026-08-27,3.95,36.7,40266.667,4.6049,PASS
SA_006_R3_1,SA_006,3,L03-SA_006-R3,Staphylococcus aureus,SA,capture_probe,1,1,Polipropileno,L03,B03,OP02,2026-08-27,3.95,36.7,40266.667,4.6049,PASS
SA_006_R3_2,SA_006,3,L03-SA_006-R3,Staphylococcus aureus,SA,capture_probe_16S_rRNA,2,1,Polipropileno,L03,B03,OP02,2026-08-27,3.95,36.7,40266.667,4.6049,PASS
SA_007_R1_0,SA_007,1,L04-SA_007-R1,Staphylococcus aureus,SA,carbon_clean,0,1,Vidro,L04,B04,OP01,2026-08-21,4.2,36.4,973333.333,5.9883,PASS
SA_007_R1_1,SA_007,1,L04-SA_007-R1,Staphylococcus aureus,SA,capture_probe,1,1,Vidro,L04,B04,OP01,2026-08-21,4.2,36.4,973333.333,5.9883,PASS
SA_007_R1_2,SA_007,1,L04-SA_007-R1,Staphylococcus aureus,SA,capture_probe_16S_rRNA,2,1,Vidro,L04,B04,OP01,2026-08-21,4.2,36.4,973333.333,5.9883,PASS
SA_007_R2_0,SA_007,2,L04-SA_007-R2,Staphylococcus aureus,SA,carbon_clean,0,1,Vidro,L04,B04,OP01,2026-08-21,4.2,36.4,973333.333,5.9883,PASS
SA_007_R2_1,SA_007,2,L04-SA_007-R2,Staphylococcus aureus,SA,capture_probe,1,1,Vidro,L04,B04,OP01,2026-08-21,4.2,36.4,973333.333,5.9883,FAIL
SA_007_R2_2,SA_007,2,L04-SA_007-R2,Staphylococcus aureus,SA,capture_probe_16S_rRNA,2,1,Vidro,L04,B04,OP01,2026-08-21,4.2,36.4,973333.333,5.9883,PASS
SA_007_R3_0,SA_007,3,L04-SA_007-R3,Staphylococcus aureus,SA,carbon_clean,0,1,Vidro,L04,B04,OP01,2026-08-21,4.2,36.4,973333.333,5.9883,PASS
SA_007_R3_1,SA_007,3,L04-SA_007-R3,Staphylococcus aureus,SA,capture_probe,1,1,Vidro,L04,B04,OP01,2026-08-21,4.2,36.4,973333.333,5.9883,PASS
SA_007_R3_2,SA_007,3,L04-SA_007-R3,Staphylococcus aureus,SA,capture_probe_16S_rRNA,2,1,Vidro,L04,B04,OP01,2026-08-21,4.2,36.4,973333.333,5.9883,PASS
SA_008_R1_0,SA_008,1,L01-SA_008-R1,Staphylococcus aureus,SA,carbon_clean,0,0,Polipropileno,L01,B03,OP02,2026-09-10,3.64,38.0,6.667,0.8239,PASS
SA_008_R1_1,SA_008,1,L01-SA_008-R1,Staphylococcus aureus,SA,capture_probe,1,0,Polipropileno,L01,B03,OP02,2026-09-10,3.64,38.0,6.667,0.8239,PASS
SA_008_R1_2,SA_008,1,L01-SA_008-R1,Staphylococcus aureus,SA,capture_probe_16S_rRNA,2,0,Polipropileno,L01,B03,OP02,2026-09-10,3.64,38.0,6.667,0.8239,PASS
SA_008_R2_0,SA_008,2,L01-SA_008-R2,Staphylococcus aureus,SA,carbon_clean,0,0,Polipropileno,L01,B03,OP02,2026-09-10,3.64,38.0,6.667,0.8239,PASS
SA_008_R2_1,SA_008,2,L01-SA_008-R2,Staphylococcus aureus,SA,capture_probe,1,0,Polipropileno,L01,B03,OP02,2026-09-10,3.64,38.0,6.667,0.8239,PASS
SA_008_R2_2,SA_008,2,L01-SA_008-R2,Staphylococcus aureus,SA,capture_probe_16S_rRNA,2,0,Polipropileno,L01,B03,OP02,2026-09-10,3.64,38.0,6.667,0.8239,PASS
SA_008_R3_0,SA_008,3,L01-SA_008-R3,Staphylococcus aureus,SA,carbon_clean,0,0,Polipropileno,L01,B03,OP02,2026-09-10,3.64,38.0,6.667,0.8239,PASS
SA_008_R3_1,SA_008,3,L01-SA_008-R3,Staphylococcus aureus,SA,capture_probe,1,0,Polipropileno,L01,B03,OP02,2026-09-10,3.64,38.0,6.667,0.8239,PASS
SA_008_R3_2,SA_008,3,L01-SA_008-R3,Staphylococcus aureus,SA,capture_probe_16S_rRNA,2,0,Polipropileno,L01,B03,OP02,2026-09-10,3.64,38.0,6.667,0.8239,PASS
SA_009_R1_0,SA_009,1,L05-SA_009-R1,Staphylococcus aureus,SA,carbon_clean,0,1,Polietileno de alta densidade,L05,B10,OP03,2026-08-22,4.1,36.7,3933.333,3.5948,PASS
SA_009_R1_1,SA_009,1,L05-SA_009-R1,Staphylococcus aureus,SA,capture_probe,1,1,Polietileno de alta densidade,L05,B10,OP03,2026-08-22,4.1,36.7,3933.333,3.5948,PASS
SA_009_R1_2,SA_009,1,L05-SA_009-R1,Staphylococcus aureus,SA,capture_probe_16S_rRNA,2,1,Polietileno de alta densidade,L05,B10,OP03,2026-08-22,4.1,36.7,3933.333,3.5948,PASS
SA_009_R2_0,SA_009,2,L05-SA_009-R2,Staphylococcus aureus,SA,carbon_clean,0,1,Polietileno de alta densidade,L05,B10,OP03,2026-08-22,4.1,36.7,3933.333,3.5948,REVIEW
SA_009_R2_1,SA_009,2,L05-SA_009-R2,Staphylococcus aureus,SA,capture_probe,1,1,Polietileno de alta densidade,L05,B10,OP03,2026-08-22,4.1,36.7,3933.333,3.5948,PASS
SA_009_R2_2,SA_009,2,L05-SA_009-R2,Staphylococcus aureus,SA,capture_probe_16S_rRNA,2,1,Polietileno de alta densidade,L05,B10,OP03,2026-08-22,4.1,36.7,3933.333,3.5948,REVIEW
SA_009_R3_0,SA_009,3,L05-SA_009-R3,Staphylococcus aureus,SA,carbon_clean,0,1,Polietileno de alta densidade,L05,B10,OP03,2026-08-22,4.1,36.7,3933.333,3.5948,PASS
SA_009_R3_1,SA_009,3,L05-SA_009-R3,Staphylococcus aureus,SA,capture_probe,1,1,Polietileno de alta densidade,L05,B10,OP03,2026-08-22,4.1,36.7,3933.333,3.5948,PASS
SA_009_R3_2,SA_009,3,L05-SA_009-R3,Staphylococcus aureus,SA,capture_probe_16S_rRNA,2,1,Polietileno de alta densidade,L05,B10,OP03,2026-08-22,4.1,36.7,3933.333,3.5948,PASS
SA_010_R1_0,SA_010,1,L02-SA_010-R1,Staphylococcus aureus,SA,carbon_clean,0,0,Polietileno de alta densidade,L02,B01,OP01,2026-09-11,4.52,37.0,3.333,0.5229,PASS
SA_010_R1_1,SA_010,1,L02-SA_010-R1,Staphylococcus aureus,SA,capture_probe,1,0,Polietileno de alta densidade,L02,B01,OP01,2026-09-11,4.52,37.0,3.333,0.5229,PASS
SA_010_R1_2,SA_010,1,L02-SA_010-R1,Staphylococcus aureus,SA,capture_probe_16S_rRNA,2,0,Polietileno de alta densidade,L02,B01,OP01,2026-09-11,4.52,37.0,3.333,0.5229,PASS
SA_010_R2_0,SA_010,2,L02-SA_010-R2,Staphylococcus aureus,SA,carbon_clean,0,0,Polietileno de alta densidade,L02,B01,OP01,2026-09-11,4.52,37.0,3.333,0.5229,PASS
SA_010_R2_1,SA_010,2,L02-SA_010-R2,Staphylococcus aureus,SA,capture_probe,1,0,Polietileno de alta densidade,L02,B01,OP01,2026-09-11,4.52,37.0,3.333,0.5229,PASS
SA_010_R2_2,SA_010,2,L02-SA_010-R2,Staphylococcus aureus,SA,capture_probe_16S_rRNA,2,0,Polietileno de alta densidade,L02,B01,OP01,2026-09-11,4.52,37.0,3.333,0.5229,FAIL
SA_010_R3_0,SA_010,3,L02-SA_010-R3,Staphylococcus aureus,SA,carbon_clean,0,0,Polietileno de alta densidade,L02,B01,OP01,2026-09-11,4.52,37.0,3.333,0.5229,PASS
SA_010_R3_1,SA_010,3,L02-SA_010-R3,Staphylococcus aureus,SA,capture_probe,1,0,Polietileno de alta densidade,L02,B01,OP01,2026-09-11,4.52,37.0,3.333,0.5229,PASS
SA_010_R3_2,SA_010,3,L02-SA_010-R3,Staphylococcus aureus,SA,capture_probe_16S_rRNA,2,0,Polietileno de alta densidade,L02,B01,OP01,2026-09-11,4.52,37.0,3.333,0.5229,PASS
SA_011_R1_0,SA_011,1,L02-SA_011-R1,Staphylococcus aureus,SA,carbon_clean,0,1,Polipropileno,L02,B08,OP01,2026-09-02,3.58,35.4,349333.333,5.5432,PASS
SA_011_R1_1,SA_011,1,L02-SA_011-R1,Staphylococcus aureus,SA,capture_probe,1,1,Polipropileno,L02,B08,OP01,2026-09-02,3.58,35.4,349333.333,5.5432,PASS
SA_011_R1_2,SA_011,1,L02-SA_011-R1,Staphylococcus aureus,SA,capture_probe_16S_rRNA,2,1,Polipropileno,L02,B08,OP01,2026-09-02,3.58,35.4,349333.333,5.5432,PASS
SA_011_R2_0,SA_011,2,L02-SA_011-R2,Staphylococcus aureus,SA,carbon_clean,0,1,Polipropileno,L02,B08,OP01,2026-09-02,3.58,35.4,349333.333,5.5432,PASS
SA_011_R2_1,SA_011,2,L02-SA_011-R2,Staphylococcus aureus,SA,capture_probe,1,1,Polipropileno,L02,B08,OP01,2026-09-02,3.58,35.4,349333.333,5.5432,PASS
SA_011_R2_2,SA_011,2,L02-SA_011-R2,Staphylococcus aureus,SA,capture_probe_16S_rRNA,2,1,Polipropileno,L02,B08,OP01,2026-09-02,3.58,35.4,349333.333,5.5432,PASS
SA_011_R3_0,SA_011,3,L02-SA_011-R3,Staphylococcus aureus,SA,carbon_clean,0,1,Polipropileno,L02,B08,OP01,2026-09-02,3.58,35.4,349333.333,5.5432,PASS
SA_011_R3_1,SA_011,3,L02-SA_011-R3,Staphylococcus aureus,SA,capture_probe,1,1,Polipropileno,L02,B08,OP01,2026-09-02,3.58,35.4,349333.333,5.5432,PASS
SA_011_R3_2,SA_011,3,L02-SA_011-R3,Staphylococcus aureus,SA,capture_probe_16S_rRNA,2,1,Polipropileno,L02,B08,OP01,2026-09-02,3.58,35.4,349333.333,5.5432,PASS
SA_012_R1_0,SA_012,1,L05-SA_012-R1,Staphylococcus aureus,SA,carbon_clean,0,1,Vidro,L05,B04,OP03,2026-08-08,4.03,36.6,246.667,2.3921,PASS
SA_012_R1_1,SA_012,1,L05-SA_012-R1,Staphylococcus aureus,SA,capture_probe,1,1,Vidro,L05,B04,OP03,2026-08-08,4.03,36.6,246.667,2.3921,PASS
SA_012_R1_2,SA_012,1,L05-SA_012-R1,Staphylococcus aureus,SA,capture_probe_16S_rRNA,2,1,Vidro,L05,B04,OP03,2026-08-08,4.03,36.6,246.667,2.3921,PASS
SA_012_R2_0,SA_012,2,L05-SA_012-R2,Staphylococcus aureus,SA,carbon_clean,0,1,Vidro,L05,B04,OP03,2026-08-08,4.03,36.6,246.667,2.3921,PASS
SA_012_R2_1,SA_012,2,L05-SA_012-R2,Staphylococcus aureus,SA,capture_probe,1,1,Vidro,L05,B04,OP03,2026-08-08,4.03,36.6,246.667,2.3921,PASS
SA_012_R2_2,SA_012,2,L05-SA_012-R2,Staphylococcus aureus,SA,capture_probe_16S_rRNA,2,1,Vidro,L05,B04,OP03,2026-08-08,4.03,36.6,246.667,2.3921,PASS
SA_012_R3_0,SA_012,3,L05-SA_012-R3,Staphylococcus aureus,SA,carbon_clean,0,1,Vidro,L05,B04,OP03,2026-08-08,4.03,36.6,246.667,2.3921,PASS
SA_012_R3_1,SA_012,3,L05-SA_012-R3,Staphylococcus aureus,SA,capture_probe,1,1,Vidro,L05,B04,OP03,2026-08-08,4.03,36.6,246.667,2.3921,PASS
SA_012_R3_2,SA_012,3,L05-SA_012-R3,Staphylococcus aureus,SA,capture_probe_16S_rRNA,2,1,Vidro,L05,B04,OP03,2026-08-08,4.03,36.6,246.667,2.3921,PASS
SA_013_R1_0,SA_013,1,L02-SA_013-R1,Staphylococcus aureus,SA,carbon_clean,0,1,Polietileno de alta densidade,L02,B08,OP01,2026-08-31,4.04,37.1,616.667,2.7901,PASS
SA_013_R1_1,SA_013,1,L02-SA_013-R1,Staphylococcus aureus,SA,capture_probe,1,1,Polietileno de alta densidade,L02,B08,OP01,2026-08-31,4.04,37.1,616.667,2.7901,PASS
SA_013_R1_2,SA_013,1,L02-SA_013-R1,Staphylococcus aureus,SA,capture_probe_16S_rRNA,2,1,Polietileno de alta densidade,L02,B08,OP01,2026-08-31,4.04,37.1,616.667,2.7901,PASS
SA_013_R2_0,SA_013,2,L02-SA_013-R2,Staphylococcus aureus,SA,carbon_clean,0,1,Polietileno de alta densidade,L02,B08,OP01,2026-08-31,4.04,37.1,616.667,2.7901,PASS
SA_013_R2_1,SA_013,2,L02-SA_013-R2,Staphylococcus aureus,SA,capture_probe,1,1,Polietileno de alta densidade,L02,B08,OP01,2026-08-31,4.04,37.1,616.667,2.7901,PASS
SA_013_R2_2,SA_013,2,L02-SA_013-R2,Staphylococcus aureus,SA,capture_probe_16S_rRNA,2,1,Polietileno de alta densidade,L02,B08,OP01,2026-08-31,4.04,37.1,616.667,2.7901,PASS
SA_013_R3_0,SA_013,3,L02-SA_013-R3,Staphylococcus aureus,SA,carbon_clean,0,1,Polietileno de alta densidade,L02,B08,OP01,2026-08-31,4.04,37.1,616.667,2.7901,PASS
SA_013_R3_1,SA_013,3,L02-SA_013-R3,Staphylococcus aureus,SA,capture_probe,1,1,Polietileno de alta densidade,L02,B08,OP01,2026-08-31,4.04,37.1,616.667,2.7901,PASS
SA_013_R3_2,SA_013,3,L02-SA_013-R3,Staphylococcus aureus,SA,capture_probe_16S_rRNA,2,1,Polietileno de alta densidade,L02,B08,OP01,2026-08-31,4.04,37.1,616.667,2.7901,PASS
SA_014_R1_0,SA_014,1,L03-SA_014-R1,Staphylococcus aureus,SA,carbon_clean,0,1,Polipropileno,L03,B06,OP02,2026-09-11,3.89,37.1,262666.667,5.4194,PASS
SA_014_R1_1,SA_014,1,L03-SA_014-R1,Staphylococcus aureus,SA,capture_probe,1,1,Polipropileno,L03,B06,OP02,2026-09-11,3.89,37.1,262666.667,5.4194,PASS
SA_014_R1_2,SA_014,1,L03-SA_014-R1,Staphylococcus aureus,SA,capture_probe_16S_rRNA,2,1,Polipropileno,L03,B06,OP02,2026-09-11,3.89,37.1,262666.667,5.4194,PASS
SA_014_R2_0,SA_014,2,L03-SA_014-R2,Staphylococcus aureus,SA,carbon_clean,0,1,Polipropileno,L03,B06,OP02,2026-09-11,3.89,37.1,262666.667,5.4194,PASS
SA_014_R2_1,SA_014,2,L03-SA_014-R2,Staphylococcus aureus,SA,capture_probe,1,1,Polipropileno,L03,B06,OP02,2026-09-11,3.89,37.1,262666.667,5.4194,PASS
SA_014_R2_2,SA_014,2,L03-SA_014-R2,Staphylococcus aureus,SA,capture_probe_16S_rRNA,2,1,Polipropileno,L03,B06,OP02,2026-09-11,3.89,37.1,262666.667,5.4194,REVIEW
SA_014_R3_0,SA_014,3,L03-SA_014-R3,Staphylococcus aureus,SA,carbon_clean,0,1,Polipropileno,L03,B06,OP02,2026-09-11,3.89,37.1,262666.667,5.4194,PASS
SA_014_R3_1,SA_014,3,L03-SA_014-R3,Staphylococcus aureus,SA,capture_probe,1,1,Polipropileno,L03,B06,OP02,2026-09-11,3.89,37.1,262666.667,5.4194,PASS
SA_014_R3_2,SA_014,3,L03-SA_014-R3,Staphylococcus aureus,SA,capture_probe_16S_rRNA,2,1,Polipropileno,L03,B06,OP02,2026-09-11,3.89,37.1,262666.667,5.4194,PASS
SA_015_R1_0,SA_015,1,L04-SA_015-R1,Staphylococcus aureus,SA,carbon_clean,0,1,Polipropileno,L04,B03,OP02,2026-09-12,3.86,36.9,213.333,2.3291,PASS
SA_015_R1_1,SA_015,1,L04-SA_015-R1,Staphylococcus aureus,SA,capture_probe,1,1,Polipropileno,L04,B03,OP02,2026-09-12,3.86,36.9,213.333,2.3291,PASS
SA_015_R1_2,SA_015,1,L04-SA_015-R1,Staphylococcus aureus,SA,capture_probe_16S_rRNA,2,1,Polipropileno,L04,B03,OP02,2026-09-12,3.86,36.9,213.333,2.3291,PASS
SA_015_R2_0,SA_015,2,L04-SA_015-R2,Staphylococcus aureus,SA,carbon_clean,0,1,Polipropileno,L04,B03,OP02,2026-09-12,3.86,36.9,213.333,2.3291,PASS
SA_015_R2_1,SA_015,2,L04-SA_015-R2,Staphylococcus aureus,SA,capture_probe,1,1,Polipropileno,L04,B03,OP02,2026-09-12,3.86,36.9,213.333,2.3291,PASS
SA_015_R2_2,SA_015,2,L04-SA_015-R2,Staphylococcus aureus,SA,capture_probe_16S_rRNA,2,1,Polipropileno,L04,B03,OP02,2026-09-12,3.86,36.9,213.333,2.3291,PASS
SA_015_R3_0,SA_015,3,L04-SA_015-R3,Staphylococcus aureus,SA,carbon_clean,0,1,Polipropileno,L04,B03,OP02,2026-09-12,3.86,36.9,213.333,2.3291,PASS
SA_015_R3_1,SA_015,3,L04-SA_015-R3,Staphylococcus aureus,SA,capture_probe,1,1,Polipropileno,L04,B03,OP02,2026-09-12,3.86,36.9,213.333,2.3291,PASS
SA_015_R3_2,SA_015,3,L04-SA_015-R3,Staphylococcus aureus,SA,capture_probe_16S_rRNA,2,1,Polipropileno,L04,B03,OP02,2026-09-12,3.86,36.9,213.333,2.3291,PASS
SA_016_R1_0,SA_016,1,L03-SA_016-R1,Staphylococcus aureus,SA,carbon_clean,0,0,Aço inoxidável 304,L03,B02,OP03,2026-08-13,3.85,36.6,0.0,,PASS
SA_016_R1_1,SA_016,1,L03-SA_016-R1,Staphylococcus aureus,SA,capture_probe,1,0,Aço inoxidável 304,L03,B02,OP03,2026-08-13,3.85,36.6,0.0,,PASS
SA_016_R1_2,SA_016,1,L03-SA_016-R1,Staphylococcus aureus,SA,capture_probe_16S_rRNA,2,0,Aço inoxidável 304,L03,B02,OP03,2026-08-13,3.85,36.6,0.0,,PASS
SA_016_R2_0,SA_016,2,L03-SA_016-R2,Staphylococcus aureus,SA,carbon_clean,0,0,Aço inoxidável 304,L03,B02,OP03,2026-08-13,3.85,36.6,0.0,,PASS
SA_016_R2_1,SA_016,2,L03-SA_016-R2,Staphylococcus aureus,SA,capture_probe,1,0,Aço inoxidável 304,L03,B02,OP03,2026-08-13,3.85,36.6,0.0,,PASS
SA_016_R2_2,SA_016,2,L03-SA_016-R2,Staphylococcus aureus,SA,capture_probe_16S_rRNA,2,0,Aço inoxidável 304,L03,B02,OP03,2026-08-13,3.85,36.6,0.0,,PASS
SA_016_R3_0,SA_016,3,L03-SA_016-R3,Staphylococcus aureus,SA,carbon_clean,0,0,Aço inoxidável 304,L03,B02,OP03,2026-08-13,3.85,36.6,0.0,,PASS
SA_016_R3_1,SA_016,3,L03-SA_016-R3,Staphylococcus aureus,SA,capture_probe,1,0,Aço inoxidável 304,L03,B02,OP03,2026-08-13,3.85,36.6,0.0,,PASS
SA_016_R3_2,SA_016,3,L03-SA_016-R3,Staphylococcus aureus,SA,capture_probe_16S_rRNA,2,0,Aço inoxidável 304,L03,B02,OP03,2026-08-13,3.85,36.6,0.0,,REVIEW
SA_017_R1_0,SA_017,1,L01-SA_017-R1,Staphylococcus aureus,SA,carbon_clean,0,1,Aço inoxidável 304,L01,B02,OP02,2026-08-11,3.87,36.7,2610000.0,6.4166,PASS
SA_017_R1_1,SA_017,1,L01-SA_017-R1,Staphylococcus aureus,SA,capture_probe,1,1,Aço inoxidável 304,L01,B02,OP02,2026-08-11,3.87,36.7,2610000.0,6.4166,PASS
SA_017_R1_2,SA_017,1,L01-SA_017-R1,Staphylococcus aureus,SA,capture_probe_16S_rRNA,2,1,Aço inoxidável 304,L01,B02,OP02,2026-08-11,3.87,36.7,2610000.0,6.4166,PASS
SA_017_R2_0,SA_017,2,L01-SA_017-R2,Staphylococcus aureus,SA,carbon_clean,0,1,Aço inoxidável 304,L01,B02,OP02,2026-08-11,3.87,36.7,2610000.0,6.4166,PASS
SA_017_R2_1,SA_017,2,L01-SA_017-R2,Staphylococcus aureus,SA,capture_probe,1,1,Aço inoxidável 304,L01,B02,OP02,2026-08-11,3.87,36.7,2610000.0,6.4166,PASS
SA_017_R2_2,SA_017,2,L01-SA_017-R2,Staphylococcus aureus,SA,capture_probe_16S_rRNA,2,1,Aço inoxidável 304,L01,B02,OP02,2026-08-11,3.87,36.7,2610000.0,6.4166,PASS
SA_017_R3_0,SA_017,3,L01-SA_017-R3,Staphylococcus aureus,SA,carbon_clean,0,1,Aço inoxidável 304,L01,B02,OP02,2026-08-11,3.87,36.7,2610000.0,6.4166,PASS
SA_017_R3_1,SA_017,3,L01-SA_017-R3,Staphylococcus aureus,SA,capture_probe,1,1,Aço inoxidável 304,L01,B02,OP02,2026-08-11,3.87,36.7,2610000.0,6.4166,PASS
SA_017_R3_2,SA_017,3,L01-SA_017-R3,Staphylococcus aureus,SA,capture_probe_16S_rRNA,2,1,Aço inoxidável 304,L01,B02,OP02,2026-08-11,3.87,36.7,2610000.0,6.4166,PASS
SA_018_R1_0,SA_018,1,L05-SA_018-R1,Staphylococcus aureus,SA,carbon_clean,0,0,Aço inoxidável 304,L05,B03,OP02,2026-08-28,3.84,37.3,3.333,0.5229,PASS
SA_018_R1_1,SA_018,1,L05-SA_018-R1,Staphylococcus aureus,SA,capture_probe,1,0,Aço inoxidável 304,L05,B03,OP02,2026-08-28,3.84,37.3,3.333,0.5229,PASS
SA_018_R1_2,SA_018,1,L05-SA_018-R1,Staphylococcus aureus,SA,capture_probe_16S_rRNA,2,0,Aço inoxidável 304,L05,B03,OP02,2026-08-28,3.84,37.3,3.333,0.5229,PASS
SA_018_R2_0,SA_018,2,L05-SA_018-R2,Staphylococcus aureus,SA,carbon_clean,0,0,Aço inoxidável 304,L05,B03,OP02,2026-08-28,3.84,37.3,3.333,0.5229,PASS
SA_018_R2_1,SA_018,2,L05-SA_018-R2,Staphylococcus aureus,SA,capture_probe,1,0,Aço inoxidável 304,L05,B03,OP02,2026-08-28,3.84,37.3,3.333,0.5229,PASS
SA_018_R2_2,SA_018,2,L05-SA_018-R2,Staphylococcus aureus,SA,capture_probe_16S_rRNA,2,0,Aço inoxidável 304,L05,B03,OP02,2026-08-28,3.84,37.3,3.333,0.5229,PASS
SA_018_R3_0,SA_018,3,L05-SA_018-R3,Staphylococcus aureus,SA,carbon_clean,0,0,Aço inoxidável 304,L05,B03,OP02,2026-08-28,3.84,37.3,3.333,0.5229,PASS
SA_018_R3_1,SA_018,3,L05-SA_018-R3,Staphylococcus aureus,SA,capture_probe,1,0,Aço inoxidável 304,L05,B03,OP02,2026-08-28,3.84,37.3,3.333,0.5229,PASS
SA_018_R3_2,SA_018,3,L05-SA_018-R3,Staphylococcus aureus,SA,capture_probe_16S_rRNA,2,0,Aço inoxidável 304,L05,B03,OP02,2026-08-28,3.84,37.3,3.333,0.5229,PASS
SA_019_R1_0,SA_019,1,L03-SA_019-R1,Staphylococcus aureus,SA,carbon_clean,0,1,Polipropileno,L03,B01,OP01,2026-09-10,3.95,37.1,62000.0,4.7924,REVIEW
SA_019_R1_1,SA_019,1,L03-SA_019-R1,Staphylococcus aureus,SA,capture_probe,1,1,Polipropileno,L03,B01,OP01,2026-09-10,3.95,37.1,62000.0,4.7924,PASS
SA_019_R1_2,SA_019,1,L03-SA_019-R1,Staphylococcus aureus,SA,capture_probe_16S_rRNA,2,1,Polipropileno,L03,B01,OP01,2026-09-10,3.95,37.1,62000.0,4.7924,PASS
SA_019_R2_0,SA_019,2,L03-SA_019-R2,Staphylococcus aureus,SA,carbon_clean,0,1,Polipropileno,L03,B01,OP01,2026-09-10,3.95,37.1,62000.0,4.7924,PASS
SA_019_R2_1,SA_019,2,L03-SA_019-R2,Staphylococcus aureus,SA,capture_probe,1,1,Polipropileno,L03,B01,OP01,2026-09-10,3.95,37.1,62000.0,4.7924,PASS
SA_019_R2_2,SA_019,2,L03-SA_019-R2,Staphylococcus aureus,SA,capture_probe_16S_rRNA,2,1,Polipropileno,L03,B01,OP01,2026-09-10,3.95,37.1,62000.0,4.7924,PASS
SA_019_R3_0,SA_019,3,L03-SA_019-R3,Staphylococcus aureus,SA,carbon_clean,0,1,Polipropileno,L03,B01,OP01,2026-09-10,3.95,37.1,62000.0,4.7924,PASS
SA_019_R3_1,SA_019,3,L03-SA_019-R3,Staphylococcus aureus,SA,capture_probe,1,1,Polipropileno,L03,B01,OP01,2026-09-10,3.95,37.1,62000.0,4.7924,PASS
SA_019_R3_2,SA_019,3,L03-SA_019-R3,Staphylococcus aureus,SA,capture_probe_16S_rRNA,2,1,Polipropileno,L03,B01,OP01,2026-09-10,3.95,37.1,62000.0,4.7924,PASS
SA_020_R1_0,SA_020,1,L05-SA_020-R1,Staphylococcus aureus,SA,carbon_clean,0,0,Vidro,L05,B04,OP03,2026-08-03,3.72,36.8,3.333,0.5229,PASS
SA_020_R1_1,SA_020,1,L05-SA_020-R1,Staphylococcus aureus,SA,capture_probe,1,0,Vidro,L05,B04,OP03,2026-08-03,3.72,36.8,3.333,0.5229,PASS
SA_020_R1_2,SA_020,1,L05-SA_020-R1,Staphylococcus aureus,SA,capture_probe_16S_rRNA,2,0,Vidro,L05,B04,OP03,2026-08-03,3.72,36.8,3.333,0.5229,PASS
SA_020_R2_0,SA_020,2,L05-SA_020-R2,Staphylococcus aureus,SA,carbon_clean,0,0,Vidro,L05,B04,OP03,2026-08-03,3.72,36.8,3.333,0.5229,PASS
SA_020_R2_1,SA_020,2,L05-SA_020-R2,Staphylococcus aureus,SA,capture_probe,1,0,Vidro,L05,B04,OP03,2026-08-03,3.72,36.8,3.333,0.5229,REVIEW
SA_020_R2_2,SA_020,2,L05-SA_020-R2,Staphylococcus aureus,SA,capture_probe_16S_rRNA,2,0,Vidro,L05,B04,OP03,2026-08-03,3.72,36.8,3.333,0.5229,PASS
SA_020_R3_0,SA_020,3,L05-SA_020-R3,Staphylococcus aureus,SA,carbon_clean,0,0,Vidro,L05,B04,OP03,2026-08-03,3.72,36.8,3.333,0.5229,PASS
SA_020_R3_1,SA_020,3,L05-SA_020-R3,Staphylococcus aureus,SA,capture_probe,1,0,Vidro,L05,B04,OP03,2026-08-03,3.72,36.8,3.333,0.5229,PASS
SA_020_R3_2,SA_020,3,L05-SA_020-R3,Staphylococcus aureus,SA,capture_probe_16S_rRNA,2,0,Vidro,L05,B04,OP03,2026-08-03,3.72,36.8,3.333,0.5229,PASS
SA_021_R1_0,SA_021,1,L03-SA_021-R1,Staphylococcus aureus,SA,carbon_clean,0,0,Vidro,L03,B05,OP03,2026-08-01,4.48,36.9,0.0,,PASS
SA_021_R1_1,SA_021,1,L03-SA_021-R1,Staphylococcus aureus,SA,capture_probe,1,0,Vidro,L03,B05,OP03,2026-08-01,4.48,36.9,0.0,,PASS
SA_021_R1_2,SA_021,1,L03-SA_021-R1,Staphylococcus aureus,SA,capture_probe_16S_rRNA,2,0,Vidro,L03,B05,OP03,2026-08-01,4.48,36.9,0.0,,PASS
SA_021_R2_0,SA_021,2,L03-SA_021-R2,Staphylococcus aureus,SA,carbon_clean,0,0,Vidro,L03,B05,OP03,2026-08-01,4.48,36.9,0.0,,PASS
SA_021_R2_1,SA_021,2,L03-SA_021-R2,Staphylococcus aureus,SA,capture_probe,1,0,Vidro,L03,B05,OP03,2026-08-01,4.48,36.9,0.0,,PASS
SA_021_R2_2,SA_021,2,L03-SA_021-R2,Staphylococcus aureus,SA,capture_probe_16S_rRNA,2,0,Vidro,L03,B05,OP03,2026-08-01,4.48,36.9,0.0,,PASS
SA_021_R3_0,SA_021,3,L03-SA_021-R3,Staphylococcus aureus,SA,carbon_clean,0,0,Vidro,L03,B05,OP03,2026-08-01,4.48,36.9,0.0,,PASS
SA_021_R3_1,SA_021,3,L03-SA_021-R3,Staphylococcus aureus,SA,capture_probe,1,0,Vidro,L03,B05,OP03,2026-08-01,4.48,36.9,0.0,,PASS
SA_021_R3_2,SA_021,3,L03-SA_021-R3,Staphylococcus aureus,SA,capture_probe_16S_rRNA,2,0,Vidro,L03,B05,OP03,2026-08-01,4.48,36.9,0.0,,PASS
SA_022_R1_0,SA_022,1,L03-SA_022-R1,Staphylococcus aureus,SA,carbon_clean,0,0,Polietileno de alta densidade,L03,B02,OP01,2026-08-30,4.31,36.5,13.333,1.1249,PASS
SA_022_R1_1,SA_022,1,L03-SA_022-R1,Staphylococcus aureus,SA,capture_probe,1,0,Polietileno de alta densidade,L03,B02,OP01,2026-08-30,4.31,36.5,13.333,1.1249,PASS
SA_022_R1_2,SA_022,1,L03-SA_022-R1,Staphylococcus aureus,SA,capture_probe_16S_rRNA,2,0,Polietileno de alta densidade,L03,B02,OP01,2026-08-30,4.31,36.5,13.333,1.1249,PASS
SA_022_R2_0,SA_022,2,L03-SA_022-R2,Staphylococcus aureus,SA,carbon_clean,0,0,Polietileno de alta densidade,L03,B02,OP01,2026-08-30,4.31,36.5,13.333,1.1249,PASS
SA_022_R2_1,SA_022,2,L03-SA_022-R2,Staphylococcus aureus,SA,capture_probe,1,0,Polietileno de alta densidade,L03,B02,OP01,2026-08-30,4.31,36.5,13.333,1.1249,REVIEW
SA_022_R2_2,SA_022,2,L03-SA_022-R2,Staphylococcus aureus,SA,capture_probe_16S_rRNA,2,0,Polietileno de alta densidade,L03,B02,OP01,2026-08-30,4.31,36.5,13.333,1.1249,PASS
SA_022_R3_0,SA_022,3,L03-SA_022-R3,Staphylococcus aureus,SA,carbon_clean,0,0,Polietileno de alta densidade,L03,B02,OP01,2026-08-30,4.31,36.5,13.333,1.1249,PASS
SA_022_R3_1,SA_022,3,L03-SA_022-R3,Staphylococcus aureus,SA,capture_probe,1,0,Polietileno de alta densidade,L03,B02,OP01,2026-08-30,4.31,36.5,13.333,1.1249,PASS
SA_022_R3_2,SA_022,3,L03-SA_022-R3,Staphylococcus aureus,SA,capture_probe_16S_rRNA,2,0,Polietileno de alta densidade,L03,B02,OP01,2026-08-30,4.31,36.5,13.333,1.1249,PASS
SA_023_R1_0,SA_023,1,L04-SA_023-R1,Staphylococcus aureus,SA,carbon_clean,0,1,Polietileno de alta densidade,L04,B09,OP03,2026-09-02,3.79,36.9,4163333.333,6.6194,PASS
SA_023_R1_1,SA_023,1,L04-SA_023-R1,Staphylococcus aureus,SA,capture_probe,1,1,Polietileno de alta densidade,L04,B09,OP03,2026-09-02,3.79,36.9,4163333.333,6.6194,PASS
SA_023_R1_2,SA_023,1,L04-SA_023-R1,Staphylococcus aureus,SA,capture_probe_16S_rRNA,2,1,Polietileno de alta densidade,L04,B09,OP03,2026-09-02,3.79,36.9,4163333.333,6.6194,PASS
SA_023_R2_0,SA_023,2,L04-SA_023-R2,Staphylococcus aureus,SA,carbon_clean,0,1,Polietileno de alta densidade,L04,B09,OP03,2026-09-02,3.79,36.9,4163333.333,6.6194,PASS
SA_023_R2_1,SA_023,2,L04-SA_023-R2,Staphylococcus aureus,SA,capture_probe,1,1,Polietileno de alta densidade,L04,B09,OP03,2026-09-02,3.79,36.9,4163333.333,6.6194,PASS
SA_023_R2_2,SA_023,2,L04-SA_023-R2,Staphylococcus aureus,SA,capture_probe_16S_rRNA,2,1,Polietileno de alta densidade,L04,B09,OP03,2026-09-02,3.79,36.9,4163333.333,6.6194,PASS
SA_023_R3_0,SA_023,3,L04-SA_023-R3,Staphylococcus aureus,SA,carbon_clean,0,1,Polietileno de alta densidade,L04,B09,OP03,2026-09-02,3.79,36.9,4163333.333,6.6194,PASS
SA_023_R3_1,SA_023,3,L04-SA_023-R3,Staphylococcus aureus,SA,capture_probe,1,1,Polietileno de alta densidade,L04,B09,OP03,2026-09-02,3.79,36.9,4163333.333,6.6194,PASS
SA_023_R3_2,SA_023,3,L04-SA_023-R3,Staphylococcus aureus,SA,capture_probe_16S_rRNA,2,1,Polietileno de alta densidade,L04,B09,OP03,2026-09-02,3.79,36.9,4163333.333,6.6194,PASS
SA_024_R1_0,SA_024,1,L05-SA_024-R1,Staphylococcus aureus,SA,carbon_clean,0,0,Polietileno de alta densidade,L05,B09,OP01,2026-09-05,3.94,37.1,3.333,0.5229,PASS
SA_024_R1_1,SA_024,1,L05-SA_024-R1,Staphylococcus aureus,SA,capture_probe,1,0,Polietileno de alta densidade,L05,B09,OP01,2026-09-05,3.94,37.1,3.333,0.5229,PASS
SA_024_R1_2,SA_024,1,L05-SA_024-R1,Staphylococcus aureus,SA,capture_probe_16S_rRNA,2,0,Polietileno de alta densidade,L05,B09,OP01,2026-09-05,3.94,37.1,3.333,0.5229,PASS
SA_024_R2_0,SA_024,2,L05-SA_024-R2,Staphylococcus aureus,SA,carbon_clean,0,0,Polietileno de alta densidade,L05,B09,OP01,2026-09-05,3.94,37.1,3.333,0.5229,PASS
SA_024_R2_1,SA_024,2,L05-SA_024-R2,Staphylococcus aureus,SA,capture_probe,1,0,Polietileno de alta densidade,L05,B09,OP01,2026-09-05,3.94,37.1,3.333,0.5229,PASS
SA_024_R2_2,SA_024,2,L05-SA_024-R2,Staphylococcus aureus,SA,capture_probe_16S_rRNA,2,0,Polietileno de alta densidade,L05,B09,OP01,2026-09-05,3.94,37.1,3.333,0.5229,PASS
SA_024_R3_0,SA_024,3,L05-SA_024-R3,Staphylococcus aureus,SA,carbon_clean,0,0,Polietileno de alta densidade,L05,B09,OP01,2026-09-05,3.94,37.1,3.333,0.5229,PASS
SA_024_R3_1,SA_024,3,L05-SA_024-R3,Staphylococcus aureus,SA,capture_probe,1,0,Polietileno de alta densidade,L05,B09,OP01,2026-09-05,3.94,37.1,3.333,0.5229,PASS
SA_024_R3_2,SA_024,3,L05-SA_024-R3,Staphylococcus aureus,SA,capture_probe_16S_rRNA,2,0,Polietileno de alta densidade,L05,B09,OP01,2026-09-05,3.94,37.1,3.333,0.5229,PASS
SA_025_R1_0,SA_025,1,L05-SA_025-R1,Staphylococcus aureus,SA,carbon_clean,0,1,Polipropileno,L05,B06,OP01,2026-08-13,4.03,37.4,41133.333,4.6142,PASS
SA_025_R1_1,SA_025,1,L05-SA_025-R1,Staphylococcus aureus,SA,capture_probe,1,1,Polipropileno,L05,B06,OP01,2026-08-13,4.03,37.4,41133.333,4.6142,PASS
SA_025_R1_2,SA_025,1,L05-SA_025-R1,Staphylococcus aureus,SA,capture_probe_16S_rRNA,2,1,Polipropileno,L05,B06,OP01,2026-08-13,4.03,37.4,41133.333,4.6142,PASS
SA_025_R2_0,SA_025,2,L05-SA_025-R2,Staphylococcus aureus,SA,carbon_clean,0,1,Polipropileno,L05,B06,OP01,2026-08-13,4.03,37.4,41133.333,4.6142,PASS
SA_025_R2_1,SA_025,2,L05-SA_025-R2,Staphylococcus aureus,SA,capture_probe,1,1,Polipropileno,L05,B06,OP01,2026-08-13,4.03,37.4,41133.333,4.6142,PASS
SA_025_R2_2,SA_025,2,L05-SA_025-R2,Staphylococcus aureus,SA,capture_probe_16S_rRNA,2,1,Polipropileno,L05,B06,OP01,2026-08-13,4.03,37.4,41133.333,4.6142,PASS
SA_025_R3_0,SA_025,3,L05-SA_025-R3,Staphylococcus aureus,SA,carbon_clean,0,1,Polipropileno,L05,B06,OP01,2026-08-13,4.03,37.4,41133.333,4.6142,PASS
SA_025_R3_1,SA_025,3,L05-SA_025-R3,Staphylococcus aureus,SA,capture_probe,1,1,Polipropileno,L05,B06,OP01,2026-08-13,4.03,37.4,41133.333,4.6142,REVIEW
SA_025_R3_2,SA_025,3,L05-SA_025-R3,Staphylococcus aureus,SA,capture_probe_16S_rRNA,2,1,Polipropileno,L05,B06,OP01,2026-08-13,4.03,37.4,41133.333,4.6142,PASS
SA_026_R1_0,SA_026,1,L01-SA_026-R1,Staphylococcus aureus,SA,carbon_clean,0,1,Aço inoxidável 304,L01,B09,OP01,2026-08-08,3.73,37.8,16900.0,4.2279,PASS
SA_026_R1_1,SA_026,1,L01-SA_026-R1,Staphylococcus aureus,SA,capture_probe,1,1,Aço inoxidável 304,L01,B09,OP01,2026-08-08,3.73,37.8,16900.0,4.2279,PASS
SA_026_R1_2,SA_026,1,L01-SA_026-R1,Staphylococcus aureus,SA,capture_probe_16S_rRNA,2,1,Aço inoxidável 304,L01,B09,OP01,2026-08-08,3.73,37.8,16900.0,4.2279,REVIEW
SA_026_R2_0,SA_026,2,L01-SA_026-R2,Staphylococcus aureus,SA,carbon_clean,0,1,Aço inoxidável 304,L01,B09,OP01,2026-08-08,3.73,37.8,16900.0,4.2279,PASS
SA_026_R2_1,SA_026,2,L01-SA_026-R2,Staphylococcus aureus,SA,capture_probe,1,1,Aço inoxidável 304,L01,B09,OP01,2026-08-08,3.73,37.8,16900.0,4.2279,PASS
SA_026_R2_2,SA_026,2,L01-SA_026-R2,Staphylococcus aureus,SA,capture_probe_16S_rRNA,2,1,Aço inoxidável 304,L01,B09,OP01,2026-08-08,3.73,37.8,16900.0,4.2279,PASS
SA_026_R3_0,SA_026,3,L01-SA_026-R3,Staphylococcus aureus,SA,carbon_clean,0,1,Aço inoxidável 304,L01,B09,OP01,2026-08-08,3.73,37.8,16900.0,4.2279,REVIEW
SA_026_R3_1,SA_026,3,L01-SA_026-R3,Staphylococcus aureus,SA,capture_probe,1,1,Aço inoxidável 304,L01,B09,OP01,2026-08-08,3.73,37.8,16900.0,4.2279,PASS
SA_026_R3_2,SA_026,3,L01-SA_026-R3,Staphylococcus aureus,SA,capture_probe_16S_rRNA,2,1,Aço inoxidável 304,L01,B09,OP01,2026-08-08,3.73,37.8,16900.0,4.2279,PASS
SA_027_R1_0,SA_027,1,L05-SA_027-R1,Staphylococcus aureus,SA,carbon_clean,0,1,Aço inoxidável 304,L05,B06,OP01,2026-08-10,3.95,37.5,1323333.333,6.1217,PASS
SA_027_R1_1,SA_027,1,L05-SA_027-R1,Staphylococcus aureus,SA,capture_probe,1,1,Aço inoxidável 304,L05,B06,OP01,2026-08-10,3.95,37.5,1323333.333,6.1217,PASS
SA_027_R1_2,SA_027,1,L05-SA_027-R1,Staphylococcus aureus,SA,capture_probe_16S_rRNA,2,1,Aço inoxidável 304,L05,B06,OP01,2026-08-10,3.95,37.5,1323333.333,6.1217,PASS
SA_027_R2_0,SA_027,2,L05-SA_027-R2,Staphylococcus aureus,SA,carbon_clean,0,1,Aço inoxidável 304,L05,B06,OP01,2026-08-10,3.95,37.5,1323333.333,6.1217,PASS
SA_027_R2_1,SA_027,2,L05-SA_027-R2,Staphylococcus aureus,SA,capture_probe,1,1,Aço inoxidável 304,L05,B06,OP01,2026-08-10,3.95,37.5,1323333.333,6.1217,PASS
SA_027_R2_2,SA_027,2,L05-SA_027-R2,Staphylococcus aureus,SA,capture_probe_16S_rRNA,2,1,Aço inoxidável 304,L05,B06,OP01,2026-08-10,3.95,37.5,1323333.333,6.1217,PASS
SA_027_R3_0,SA_027,3,L05-SA_027-R3,Staphylococcus aureus,SA,carbon_clean,0,1,Aço inoxidável 304,L05,B06,OP01,2026-08-10,3.95,37.5,1323333.333,6.1217,PASS
SA_027_R3_1,SA_027,3,L05-SA_027-R3,Staphylococcus aureus,SA,capture_probe,1,1,Aço inoxidável 304,L05,B06,OP01,2026-08-10,3.95,37.5,1323333.333,6.1217,PASS
SA_027_R3_2,SA_027,3,L05-SA_027-R3,Staphylococcus aureus,SA,capture_probe_16S_rRNA,2,1,Aço inoxidável 304,L05,B06,OP01,2026-08-10,3.95,37.5,1323333.333,6.1217,PASS
SA_028_R1_0,SA_028,1,L05-SA_028-R1,Staphylococcus aureus,SA,carbon_clean,0,1,Polietileno de alta densidade,L05,B05,OP03,2026-09-14,4.28,37.0,1816.667,3.2593,PASS
SA_028_R1_1,SA_028,1,L05-SA_028-R1,Staphylococcus aureus,SA,capture_probe,1,1,Polietileno de alta densidade,L05,B05,OP03,2026-09-14,4.28,37.0,1816.667,3.2593,PASS
SA_028_R1_2,SA_028,1,L05-SA_028-R1,Staphylococcus aureus,SA,capture_probe_16S_rRNA,2,1,Polietileno de alta densidade,L05,B05,OP03,2026-09-14,4.28,37.0,1816.667,3.2593,PASS
SA_028_R2_0,SA_028,2,L05-SA_028-R2,Staphylococcus aureus,SA,carbon_clean,0,1,Polietileno de alta densidade,L05,B05,OP03,2026-09-14,4.28,37.0,1816.667,3.2593,PASS
SA_028_R2_1,SA_028,2,L05-SA_028-R2,Staphylococcus aureus,SA,capture_probe,1,1,Polietileno de alta densidade,L05,B05,OP03,2026-09-14,4.28,37.0,1816.667,3.2593,FAIL
SA_028_R2_2,SA_028,2,L05-SA_028-R2,Staphylococcus aureus,SA,capture_probe_16S_rRNA,2,1,Polietileno de alta densidade,L05,B05,OP03,2026-09-14,4.28,37.0,1816.667,3.2593,PASS
SA_028_R3_0,SA_028,3,L05-SA_028-R3,Staphylococcus aureus,SA,carbon_clean,0,1,Polietileno de alta densidade,L05,B05,OP03,2026-09-14,4.28,37.0,1816.667,3.2593,PASS
SA_028_R3_1,SA_028,3,L05-SA_028-R3,Staphylococcus aureus,SA,capture_probe,1,1,Polietileno de alta densidade,L05,B05,OP03,2026-09-14,4.28,37.0,1816.667,3.2593,PASS
SA_028_R3_2,SA_028,3,L05-SA_028-R3,Staphylococcus aureus,SA,capture_probe_16S_rRNA,2,1,Polietileno de alta densidade,L05,B05,OP03,2026-09-14,4.28,37.0,1816.667,3.2593,PASS
SA_029_R1_0,SA_029,1,L03-SA_029-R1,Staphylococcus aureus,SA,carbon_clean,0,1,Aço inoxidável 304,L03,B10,OP02,2026-08-03,4.0,37.8,16100.0,4.2068,PASS
SA_029_R1_1,SA_029,1,L03-SA_029-R1,Staphylococcus aureus,SA,capture_probe,1,1,Aço inoxidável 304,L03,B10,OP02,2026-08-03,4.0,37.8,16100.0,4.2068,PASS
SA_029_R1_2,SA_029,1,L03-SA_029-R1,Staphylococcus aureus,SA,capture_probe_16S_rRNA,2,1,Aço inoxidável 304,L03,B10,OP02,2026-08-03,4.0,37.8,16100.0,4.2068,PASS
SA_029_R2_0,SA_029,2,L03-SA_029-R2,Staphylococcus aureus,SA,carbon_clean,0,1,Aço inoxidável 304,L03,B10,OP02,2026-08-03,4.0,37.8,16100.0,4.2068,PASS
SA_029_R2_1,SA_029,2,L03-SA_029-R2,Staphylococcus aureus,SA,capture_probe,1,1,Aço inoxidável 304,L03,B10,OP02,2026-08-03,4.0,37.8,16100.0,4.2068,PASS
SA_029_R2_2,SA_029,2,L03-SA_029-R2,Staphylococcus aureus,SA,capture_probe_16S_rRNA,2,1,Aço inoxidável 304,L03,B10,OP02,2026-08-03,4.0,37.8,16100.0,4.2068,PASS
SA_029_R3_0,SA_029,3,L03-SA_029-R3,Staphylococcus aureus,SA,carbon_clean,0,1,Aço inoxidável 304,L03,B10,OP02,2026-08-03,4.0,37.8,16100.0,4.2068,PASS
SA_029_R3_1,SA_029,3,L03-SA_029-R3,Staphylococcus aureus,SA,capture_probe,1,1,Aço inoxidável 304,L03,B10,OP02,2026-08-03,4.0,37.8,16100.0,4.2068,PASS
SA_029_R3_2,SA_029,3,L03-SA_029-R3,Staphylococcus aureus,SA,capture_probe_16S_rRNA,2,1,Aço inoxidável 304,L03,B10,OP02,2026-08-03,4.0,37.8,16100.0,4.2068,PASS
SA_030_R1_0,SA_030,1,L03-SA_030-R1,Staphylococcus aureus,SA,carbon_clean,0,0,Polietileno de alta densidade,L03,B10,OP03,2026-08-20,3.96,36.2,6.667,0.8239,PASS
SA_030_R1_1,SA_030,1,L03-SA_030-R1,Staphylococcus aureus,SA,capture_probe,1,0,Polietileno de alta densidade,L03,B10,OP03,2026-08-20,3.96,36.2,6.667,0.8239,PASS
SA_030_R1_2,SA_030,1,L03-SA_030-R1,Staphylococcus aureus,SA,capture_probe_16S_rRNA,2,0,Polietileno de alta densidade,L03,B10,OP03,2026-08-20,3.96,36.2,6.667,0.8239,PASS
SA_030_R2_0,SA_030,2,L03-SA_030-R2,Staphylococcus aureus,SA,carbon_clean,0,0,Polietileno de alta densidade,L03,B10,OP03,2026-08-20,3.96,36.2,6.667,0.8239,PASS
SA_030_R2_1,SA_030,2,L03-SA_030-R2,Staphylococcus aureus,SA,capture_probe,1,0,Polietileno de alta densidade,L03,B10,OP03,2026-08-20,3.96,36.2,6.667,0.8239,PASS
SA_030_R2_2,SA_030,2,L03-SA_030-R2,Staphylococcus aureus,SA,capture_probe_16S_rRNA,2,0,Polietileno de alta densidade,L03,B10,OP03,2026-08-20,3.96,36.2,6.667,0.8239,PASS
SA_030_R3_0,SA_030,3,L03-SA_030-R3,Staphylococcus aureus,SA,carbon_clean,0,0,Polietileno de alta densidade,L03,B10,OP03,2026-08-20,3.96,36.2,6.667,0.8239,PASS
SA_030_R3_1,SA_030,3,L03-SA_030-R3,Staphylococcus aureus,SA,capture_probe,1,0,Polietileno de alta densidade,L03,B10,OP03,2026-08-20,3.96,36.2,6.667,0.8239,PASS
SA_030_R3_2,SA_030,3,L03-SA_030-R3,Staphylococcus aureus,SA,capture_probe_16S_rRNA,2,0,Polietileno de alta densidade,L03,B10,OP03,2026-08-20,3.96,36.2,6.667,0.8239,PASS
SA_031_R1_0,SA_031,1,L01-SA_031-R1,Staphylococcus aureus,SA,carbon_clean,0,1,Vidro,L01,B03,OP03,2026-09-10,3.54,37.1,4800000.0,6.6812,PASS
SA_031_R1_1,SA_031,1,L01-SA_031-R1,Staphylococcus aureus,SA,capture_probe,1,1,Vidro,L01,B03,OP03,2026-09-10,3.54,37.1,4800000.0,6.6812,PASS
SA_031_R1_2,SA_031,1,L01-SA_031-R1,Staphylococcus aureus,SA,capture_probe_16S_rRNA,2,1,Vidro,L01,B03,OP03,2026-09-10,3.54,37.1,4800000.0,6.6812,PASS
SA_031_R2_0,SA_031,2,L01-SA_031-R2,Staphylococcus aureus,SA,carbon_clean,0,1,Vidro,L01,B03,OP03,2026-09-10,3.54,37.1,4800000.0,6.6812,PASS
SA_031_R2_1,SA_031,2,L01-SA_031-R2,Staphylococcus aureus,SA,capture_probe,1,1,Vidro,L01,B03,OP03,2026-09-10,3.54,37.1,4800000.0,6.6812,PASS
SA_031_R2_2,SA_031,2,L01-SA_031-R2,Staphylococcus aureus,SA,capture_probe_16S_rRNA,2,1,Vidro,L01,B03,OP03,2026-09-10,3.54,37.1,4800000.0,6.6812,PASS
SA_031_R3_0,SA_031,3,L01-SA_031-R3,Staphylococcus aureus,SA,carbon_clean,0,1,Vidro,L01,B03,OP03,2026-09-10,3.54,37.1,4800000.0,6.6812,PASS
SA_031_R3_1,SA_031,3,L01-SA_031-R3,Staphylococcus aureus,SA,capture_probe,1,1,Vidro,L01,B03,OP03,2026-09-10,3.54,37.1,4800000.0,6.6812,FAIL
SA_031_R3_2,SA_031,3,L01-SA_031-R3,Staphylococcus aureus,SA,capture_probe_16S_rRNA,2,1,Vidro,L01,B03,OP03,2026-09-10,3.54,37.1,4800000.0,6.6812,PASS
SA_032_R1_0,SA_032,1,L03-SA_032-R1,Staphylococcus aureus,SA,carbon_clean,0,1,Aço inoxidável 304,L03,B09,OP02,2026-09-06,3.89,37.7,266.667,2.426,PASS
SA_032_R1_1,SA_032,1,L03-SA_032-R1,Staphylococcus aureus,SA,capture_probe,1,1,Aço inoxidável 304,L03,B09,OP02,2026-09-06,3.89,37.7,266.667,2.426,PASS
SA_032_R1_2,SA_032,1,L03-SA_032-R1,Staphylococcus aureus,SA,capture_probe_16S_rRNA,2,1,Aço inoxidável 304,L03,B09,OP02,2026-09-06,3.89,37.7,266.667,2.426,PASS
SA_032_R2_0,SA_032,2,L03-SA_032-R2,Staphylococcus aureus,SA,carbon_clean,0,1,Aço inoxidável 304,L03,B09,OP02,2026-09-06,3.89,37.7,266.667,2.426,PASS
SA_032_R2_1,SA_032,2,L03-SA_032-R2,Staphylococcus aureus,SA,capture_probe,1,1,Aço inoxidável 304,L03,B09,OP02,2026-09-06,3.89,37.7,266.667,2.426,PASS
SA_032_R2_2,SA_032,2,L03-SA_032-R2,Staphylococcus aureus,SA,capture_probe_16S_rRNA,2,1,Aço inoxidável 304,L03,B09,OP02,2026-09-06,3.89,37.7,266.667,2.426,PASS
SA_032_R3_0,SA_032,3,L03-SA_032-R3,Staphylococcus aureus,SA,carbon_clean,0,1,Aço inoxidável 304,L03,B09,OP02,2026-09-06,3.89,37.7,266.667,2.426,PASS
SA_032_R3_1,SA_032,3,L03-SA_032-R3,Staphylococcus aureus,SA,capture_probe,1,1,Aço inoxidável 304,L03,B09,OP02,2026-09-06,3.89,37.7,266.667,2.426,PASS
SA_032_R3_2,SA_032,3,L03-SA_032-R3,Staphylococcus aureus,SA,capture_probe_16S_rRNA,2,1,Aço inoxidável 304,L03,B09,OP02,2026-09-06,3.89,37.7,266.667,2.426,PASS
SA_033_R1_0,SA_033,1,L01-SA_033-R1,Staphylococcus aureus,SA,carbon_clean,0,1,Aço inoxidável 304,L01,B10,OP01,2026-08-06,4.1,37.2,276.667,2.442,PASS
SA_033_R1_1,SA_033,1,L01-SA_033-R1,Staphylococcus aureus,SA,capture_probe,1,1,Aço inoxidável 304,L01,B10,OP01,2026-08-06,4.1,37.2,276.667,2.442,PASS
SA_033_R1_2,SA_033,1,L01-SA_033-R1,Staphylococcus aureus,SA,capture_probe_16S_rRNA,2,1,Aço inoxidável 304,L01,B10,OP01,2026-08-06,4.1,37.2,276.667,2.442,PASS
SA_033_R2_0,SA_033,2,L01-SA_033-R2,Staphylococcus aureus,SA,carbon_clean,0,1,Aço inoxidável 304,L01,B10,OP01,2026-08-06,4.1,37.2,276.667,2.442,PASS
SA_033_R2_1,SA_033,2,L01-SA_033-R2,Staphylococcus aureus,SA,capture_probe,1,1,Aço inoxidável 304,L01,B10,OP01,2026-08-06,4.1,37.2,276.667,2.442,PASS
SA_033_R2_2,SA_033,2,L01-SA_033-R2,Staphylococcus aureus,SA,capture_probe_16S_rRNA,2,1,Aço inoxidável 304,L01,B10,OP01,2026-08-06,4.1,37.2,276.667,2.442,PASS
SA_033_R3_0,SA_033,3,L01-SA_033-R3,Staphylococcus aureus,SA,carbon_clean,0,1,Aço inoxidável 304,L01,B10,OP01,2026-08-06,4.1,37.2,276.667,2.442,PASS
SA_033_R3_1,SA_033,3,L01-SA_033-R3,Staphylococcus aureus,SA,capture_probe,1,1,Aço inoxidável 304,L01,B10,OP01,2026-08-06,4.1,37.2,276.667,2.442,PASS
SA_033_R3_2,SA_033,3,L01-SA_033-R3,Staphylococcus aureus,SA,capture_probe_16S_rRNA,2,1,Aço inoxidável 304,L01,B10,OP01,2026-08-06,4.1,37.2,276.667,2.442,PASS
SA_034_R1_0,SA_034,1,L01-SA_034-R1,Staphylococcus aureus,SA,carbon_clean,0,0,Vidro,L01,B08,OP03,2026-09-07,3.93,36.4,6.667,0.8239,PASS
SA_034_R1_1,SA_034,1,L01-SA_034-R1,Staphylococcus aureus,SA,capture_probe,1,0,Vidro,L01,B08,OP03,2026-09-07,3.93,36.4,6.667,0.8239,PASS
SA_034_R1_2,SA_034,1,L01-SA_034-R1,Staphylococcus aureus,SA,capture_probe_16S_rRNA,2,0,Vidro,L01,B08,OP03,2026-09-07,3.93,36.4,6.667,0.8239,PASS
SA_034_R2_0,SA_034,2,L01-SA_034-R2,Staphylococcus aureus,SA,carbon_clean,0,0,Vidro,L01,B08,OP03,2026-09-07,3.93,36.4,6.667,0.8239,PASS
SA_034_R2_1,SA_034,2,L01-SA_034-R2,Staphylococcus aureus,SA,capture_probe,1,0,Vidro,L01,B08,OP03,2026-09-07,3.93,36.4,6.667,0.8239,PASS
SA_034_R2_2,SA_034,2,L01-SA_034-R2,Staphylococcus aureus,SA,capture_probe_16S_rRNA,2,0,Vidro,L01,B08,OP03,2026-09-07,3.93,36.4,6.667,0.8239,PASS
SA_034_R3_0,SA_034,3,L01-SA_034-R3,Staphylococcus aureus,SA,carbon_clean,0,0,Vidro,L01,B08,OP03,2026-09-07,3.93,36.4,6.667,0.8239,PASS
SA_034_R3_1,SA_034,3,L01-SA_034-R3,Staphylococcus aureus,SA,capture_probe,1,0,Vidro,L01,B08,OP03,2026-09-07,3.93,36.4,6.667,0.8239,PASS
SA_034_R3_2,SA_034,3,L01-SA_034-R3,Staphylococcus aureus,SA,capture_probe_16S_rRNA,2,0,Vidro,L01,B08,OP03,2026-09-07,3.93,36.4,6.667,0.8239,PASS
SA_035_R1_0,SA_035,1,L05-SA_035-R1,Staphylococcus aureus,SA,carbon_clean,0,1,Aço inoxidável 304,L05,B04,OP02,2026-08-30,3.98,36.9,77000.0,4.8865,PASS
SA_035_R1_1,SA_035,1,L05-SA_035-R1,Staphylococcus aureus,SA,capture_probe,1,1,Aço inoxidável 304,L05,B04,OP02,2026-08-30,3.98,36.9,77000.0,4.8865,PASS
SA_035_R1_2,SA_035,1,L05-SA_035-R1,Staphylococcus aureus,SA,capture_probe_16S_rRNA,2,1,Aço inoxidável 304,L05,B04,OP02,2026-08-30,3.98,36.9,77000.0,4.8865,PASS
SA_035_R2_0,SA_035,2,L05-SA_035-R2,Staphylococcus aureus,SA,carbon_clean,0,1,Aço inoxidável 304,L05,B04,OP02,2026-08-30,3.98,36.9,77000.0,4.8865,PASS
SA_035_R2_1,SA_035,2,L05-SA_035-R2,Staphylococcus aureus,SA,capture_probe,1,1,Aço inoxidável 304,L05,B04,OP02,2026-08-30,3.98,36.9,77000.0,4.8865,PASS
SA_035_R2_2,SA_035,2,L05-SA_035-R2,Staphylococcus aureus,SA,capture_probe_16S_rRNA,2,1,Aço inoxidável 304,L05,B04,OP02,2026-08-30,3.98,36.9,77000.0,4.8865,PASS
SA_035_R3_0,SA_035,3,L05-SA_035-R3,Staphylococcus aureus,SA,carbon_clean,0,1,Aço inoxidável 304,L05,B04,OP02,2026-08-30,3.98,36.9,77000.0,4.8865,PASS
SA_035_R3_1,SA_035,3,L05-SA_035-R3,Staphylococcus aureus,SA,capture_probe,1,1,Aço inoxidável 304,L05,B04,OP02,2026-08-30,3.98,36.9,77000.0,4.8865,PASS
SA_035_R3_2,SA_035,3,L05-SA_035-R3,Staphylococcus aureus,SA,capture_probe_16S_rRNA,2,1,Aço inoxidável 304,L05,B04,OP02,2026-08-30,3.98,36.9,77000.0,4.8865,PASS
SA_036_R1_0,SA_036,1,L01-SA_036-R1,Staphylococcus aureus,SA,carbon_clean,0,1,Polipropileno,L01,B06,OP01,2026-08-25,4.37,36.9,1626666.667,6.2113,PASS
SA_036_R1_1,SA_036,1,L01-SA_036-R1,Staphylococcus aureus,SA,capture_probe,1,1,Polipropileno,L01,B06,OP01,2026-08-25,4.37,36.9,1626666.667,6.2113,PASS
SA_036_R1_2,SA_036,1,L01-SA_036-R1,Staphylococcus aureus,SA,capture_probe_16S_rRNA,2,1,Polipropileno,L01,B06,OP01,2026-08-25,4.37,36.9,1626666.667,6.2113,PASS
SA_036_R2_0,SA_036,2,L01-SA_036-R2,Staphylococcus aureus,SA,carbon_clean,0,1,Polipropileno,L01,B06,OP01,2026-08-25,4.37,36.9,1626666.667,6.2113,PASS
SA_036_R2_1,SA_036,2,L01-SA_036-R2,Staphylococcus aureus,SA,capture_probe,1,1,Polipropileno,L01,B06,OP01,2026-08-25,4.37,36.9,1626666.667,6.2113,PASS
SA_036_R2_2,SA_036,2,L01-SA_036-R2,Staphylococcus aureus,SA,capture_probe_16S_rRNA,2,1,Polipropileno,L01,B06,OP01,2026-08-25,4.37,36.9,1626666.667,6.2113,PASS
SA_036_R3_0,SA_036,3,L01-SA_036-R3,Staphylococcus aureus,SA,carbon_clean,0,1,Polipropileno,L01,B06,OP01,2026-08-25,4.37,36.9,1626666.667,6.2113,PASS
SA_036_R3_1,SA_036,3,L01-SA_036-R3,Staphylococcus aureus,SA,capture_probe,1,1,Polipropileno,L01,B06,OP01,2026-08-25,4.37,36.9,1626666.667,6.2113,PASS
SA_036_R3_2,SA_036,3,L01-SA_036-R3,Staphylococcus aureus,SA,capture_probe_16S_rRNA,2,1,Polipropileno,L01,B06,OP01,2026-08-25,4.37,36.9,1626666.667,6.2113,PASS
SA_037_R1_0,SA_037,1,L04-SA_037-R1,Staphylococcus aureus,SA,carbon_clean,0,0,Vidro,L04,B09,OP01,2026-09-03,4.04,37.2,3.333,0.5229,PASS
SA_037_R1_1,SA_037,1,L04-SA_037-R1,Staphylococcus aureus,SA,capture_probe,1,0,Vidro,L04,B09,OP01,2026-09-03,4.04,37.2,3.333,0.5229,REVIEW
SA_037_R1_2,SA_037,1,L04-SA_037-R1,Staphylococcus aureus,SA,capture_probe_16S_rRNA,2,0,Vidro,L04,B09,OP01,2026-09-03,4.04,37.2,3.333,0.5229,PASS
SA_037_R2_0,SA_037,2,L04-SA_037-R2,Staphylococcus aureus,SA,carbon_clean,0,0,Vidro,L04,B09,OP01,2026-09-03,4.04,37.2,3.333,0.5229,PASS
SA_037_R2_1,SA_037,2,L04-SA_037-R2,Staphylococcus aureus,SA,capture_probe,1,0,Vidro,L04,B09,OP01,2026-09-03,4.04,37.2,3.333,0.5229,PASS
SA_037_R2_2,SA_037,2,L04-SA_037-R2,Staphylococcus aureus,SA,capture_probe_16S_rRNA,2,0,Vidro,L04,B09,OP01,2026-09-03,4.04,37.2,3.333,0.5229,PASS
SA_037_R3_0,SA_037,3,L04-SA_037-R3,Staphylococcus aureus,SA,carbon_clean,0,0,Vidro,L04,B09,OP01,2026-09-03,4.04,37.2,3.333,0.5229,PASS
SA_037_R3_1,SA_037,3,L04-SA_037-R3,Staphylococcus aureus,SA,capture_probe,1,0,Vidro,L04,B09,OP01,2026-09-03,4.04,37.2,3.333,0.5229,PASS
SA_037_R3_2,SA_037,3,L04-SA_037-R3,Staphylococcus aureus,SA,capture_probe_16S_rRNA,2,0,Vidro,L04,B09,OP01,2026-09-03,4.04,37.2,3.333,0.5229,PASS
SA_038_R1_0,SA_038,1,L05-SA_038-R1,Staphylococcus aureus,SA,carbon_clean,0,1,Aço inoxidável 304,L05,B07,OP02,2026-08-08,4.12,37.3,55333.333,4.743,PASS
SA_038_R1_1,SA_038,1,L05-SA_038-R1,Staphylococcus aureus,SA,capture_probe,1,1,Aço inoxidável 304,L05,B07,OP02,2026-08-08,4.12,37.3,55333.333,4.743,REVIEW
SA_038_R1_2,SA_038,1,L05-SA_038-R1,Staphylococcus aureus,SA,capture_probe_16S_rRNA,2,1,Aço inoxidável 304,L05,B07,OP02,2026-08-08,4.12,37.3,55333.333,4.743,PASS
SA_038_R2_0,SA_038,2,L05-SA_038-R2,Staphylococcus aureus,SA,carbon_clean,0,1,Aço inoxidável 304,L05,B07,OP02,2026-08-08,4.12,37.3,55333.333,4.743,PASS
SA_038_R2_1,SA_038,2,L05-SA_038-R2,Staphylococcus aureus,SA,capture_probe,1,1,Aço inoxidável 304,L05,B07,OP02,2026-08-08,4.12,37.3,55333.333,4.743,PASS
SA_038_R2_2,SA_038,2,L05-SA_038-R2,Staphylococcus aureus,SA,capture_probe_16S_rRNA,2,1,Aço inoxidável 304,L05,B07,OP02,2026-08-08,4.12,37.3,55333.333,4.743,PASS
SA_038_R3_0,SA_038,3,L05-SA_038-R3,Staphylococcus aureus,SA,carbon_clean,0,1,Aço inoxidável 304,L05,B07,OP02,2026-08-08,4.12,37.3,55333.333,4.743,FAIL
SA_038_R3_1,SA_038,3,L05-SA_038-R3,Staphylococcus aureus,SA,capture_probe,1,1,Aço inoxidável 304,L05,B07,OP02,2026-08-08,4.12,37.3,55333.333,4.743,PASS
SA_038_R3_2,SA_038,3,L05-SA_038-R3,Staphylococcus aureus,SA,capture_probe_16S_rRNA,2,1,Aço inoxidável 304,L05,B07,OP02,2026-08-08,4.12,37.3,55333.333,4.743,PASS
SA_039_R1_0,SA_039,1,L05-SA_039-R1,Staphylococcus aureus,SA,carbon_clean,0,1,Aço inoxidável 304,L05,B09,OP03,2026-08-16,3.93,36.7,461333.333,5.664,PASS
SA_039_R1_1,SA_039,1,L05-SA_039-R1,Staphylococcus aureus,SA,capture_probe,1,1,Aço inoxidável 304,L05,B09,OP03,2026-08-16,3.93,36.7,461333.333,5.664,PASS
SA_039_R1_2,SA_039,1,L05-SA_039-R1,Staphylococcus aureus,SA,capture_probe_16S_rRNA,2,1,Aço inoxidável 304,L05,B09,OP03,2026-08-16,3.93,36.7,461333.333,5.664,PASS
SA_039_R2_0,SA_039,2,L05-SA_039-R2,Staphylococcus aureus,SA,carbon_clean,0,1,Aço inoxidável 304,L05,B09,OP03,2026-08-16,3.93,36.7,461333.333,5.664,PASS
SA_039_R2_1,SA_039,2,L05-SA_039-R2,Staphylococcus aureus,SA,capture_probe,1,1,Aço inoxidável 304,L05,B09,OP03,2026-08-16,3.93,36.7,461333.333,5.664,PASS
SA_039_R2_2,SA_039,2,L05-SA_039-R2,Staphylococcus aureus,SA,capture_probe_16S_rRNA,2,1,Aço inoxidável 304,L05,B09,OP03,2026-08-16,3.93,36.7,461333.333,5.664,PASS
SA_039_R3_0,SA_039,3,L05-SA_039-R3,Staphylococcus aureus,SA,carbon_clean,0,1,Aço inoxidável 304,L05,B09,OP03,2026-08-16,3.93,36.7,461333.333,5.664,PASS
SA_039_R3_1,SA_039,3,L05-SA_039-R3,Staphylococcus aureus,SA,capture_probe,1,1,Aço inoxidável 304,L05,B09,OP03,2026-08-16,3.93,36.7,461333.333,5.664,PASS
SA_039_R3_2,SA_039,3,L05-SA_039-R3,Staphylococcus aureus,SA,capture_probe_16S_rRNA,2,1,Aço inoxidável 304,L05,B09,OP03,2026-08-16,3.93,36.7,461333.333,5.664,PASS
SA_040_R1_0,SA_040,1,L04-SA_040-R1,Staphylococcus aureus,SA,carbon_clean,0,1,Polietileno de alta densidade,L04,B01,OP03,2026-08-13,4.22,37.5,22933333.333,7.3605,PASS
SA_040_R1_1,SA_040,1,L04-SA_040-R1,Staphylococcus aureus,SA,capture_probe,1,1,Polietileno de alta densidade,L04,B01,OP03,2026-08-13,4.22,37.5,22933333.333,7.3605,PASS
SA_040_R1_2,SA_040,1,L04-SA_040-R1,Staphylococcus aureus,SA,capture_probe_16S_rRNA,2,1,Polietileno de alta densidade,L04,B01,OP03,2026-08-13,4.22,37.5,22933333.333,7.3605,PASS
SA_040_R2_0,SA_040,2,L04-SA_040-R2,Staphylococcus aureus,SA,carbon_clean,0,1,Polietileno de alta densidade,L04,B01,OP03,2026-08-13,4.22,37.5,22933333.333,7.3605,PASS
SA_040_R2_1,SA_040,2,L04-SA_040-R2,Staphylococcus aureus,SA,capture_probe,1,1,Polietileno de alta densidade,L04,B01,OP03,2026-08-13,4.22,37.5,22933333.333,7.3605,FAIL
SA_040_R2_2,SA_040,2,L04-SA_040-R2,Staphylococcus aureus,SA,capture_probe_16S_rRNA,2,1,Polietileno de alta densidade,L04,B01,OP03,2026-08-13,4.22,37.5,22933333.333,7.3605,REVIEW
SA_040_R3_0,SA_040,3,L04-SA_040-R3,Staphylococcus aureus,SA,carbon_clean,0,1,Polietileno de alta densidade,L04,B01,OP03,2026-08-13,4.22,37.5,22933333.333,7.3605,PASS
SA_040_R3_1,SA_040,3,L04-SA_040-R3,Staphylococcus aureus,SA,capture_probe,1,1,Polietileno de alta densidade,L04,B01,OP03,2026-08-13,4.22,37.5,22933333.333,7.3605,PASS
SA_040_R3_2,SA_040,3,L04-SA_040-R3,Staphylococcus aureus,SA,capture_probe_16S_rRNA,2,1,Polietileno de alta densidade,L04,B01,OP03,2026-08-13,4.22,37.5,22933333.333,7.3605,PASS
SA_041_R1_0,SA_041,1,L05-SA_041-R1,Staphylococcus aureus,SA,carbon_clean,0,0,Polietileno de alta densidade,L05,B05,OP02,2026-08-16,4.18,37.0,0.0,,PASS
SA_041_R1_1,SA_041,1,L05-SA_041-R1,Staphylococcus aureus,SA,capture_probe,1,0,Polietileno de alta densidade,L05,B05,OP02,2026-08-16,4.18,37.0,0.0,,PASS
SA_041_R1_2,SA_041,1,L05-SA_041-R1,Staphylococcus aureus,SA,capture_probe_16S_rRNA,2,0,Polietileno de alta densidade,L05,B05,OP02,2026-08-16,4.18,37.0,0.0,,PASS
SA_041_R2_0,SA_041,2,L05-SA_041-R2,Staphylococcus aureus,SA,carbon_clean,0,0,Polietileno de alta densidade,L05,B05,OP02,2026-08-16,4.18,37.0,0.0,,PASS
SA_041_R2_1,SA_041,2,L05-SA_041-R2,Staphylococcus aureus,SA,capture_probe,1,0,Polietileno de alta densidade,L05,B05,OP02,2026-08-16,4.18,37.0,0.0,,PASS
SA_041_R2_2,SA_041,2,L05-SA_041-R2,Staphylococcus aureus,SA,capture_probe_16S_rRNA,2,0,Polietileno de alta densidade,L05,B05,OP02,2026-08-16,4.18,37.0,0.0,,PASS
SA_041_R3_0,SA_041,3,L05-SA_041-R3,Staphylococcus aureus,SA,carbon_clean,0,0,Polietileno de alta densidade,L05,B05,OP02,2026-08-16,4.18,37.0,0.0,,PASS
SA_041_R3_1,SA_041,3,L05-SA_041-R3,Staphylococcus aureus,SA,capture_probe,1,0,Polietileno de alta densidade,L05,B05,OP02,2026-08-16,4.18,37.0,0.0,,PASS
SA_041_R3_2,SA_041,3,L05-SA_041-R3,Staphylococcus aureus,SA,capture_probe_16S_rRNA,2,0,Polietileno de alta densidade,L05,B05,OP02,2026-08-16,4.18,37.0,0.0,,PASS
SA_042_R1_0,SA_042,1,L03-SA_042-R1,Staphylococcus aureus,SA,carbon_clean,0,1,Aço inoxidável 304,L03,B08,OP02,2026-08-25,3.84,37.0,1950.0,3.29,PASS
SA_042_R1_1,SA_042,1,L03-SA_042-R1,Staphylococcus aureus,SA,capture_probe,1,1,Aço inoxidável 304,L03,B08,OP02,2026-08-25,3.84,37.0,1950.0,3.29,PASS
SA_042_R1_2,SA_042,1,L03-SA_042-R1,Staphylococcus aureus,SA,capture_probe_16S_rRNA,2,1,Aço inoxidável 304,L03,B08,OP02,2026-08-25,3.84,37.0,1950.0,3.29,PASS
SA_042_R2_0,SA_042,2,L03-SA_042-R2,Staphylococcus aureus,SA,carbon_clean,0,1,Aço inoxidável 304,L03,B08,OP02,2026-08-25,3.84,37.0,1950.0,3.29,PASS
SA_042_R2_1,SA_042,2,L03-SA_042-R2,Staphylococcus aureus,SA,capture_probe,1,1,Aço inoxidável 304,L03,B08,OP02,2026-08-25,3.84,37.0,1950.0,3.29,PASS
SA_042_R2_2,SA_042,2,L03-SA_042-R2,Staphylococcus aureus,SA,capture_probe_16S_rRNA,2,1,Aço inoxidável 304,L03,B08,OP02,2026-08-25,3.84,37.0,1950.0,3.29,PASS
SA_042_R3_0,SA_042,3,L03-SA_042-R3,Staphylococcus aureus,SA,carbon_clean,0,1,Aço inoxidável 304,L03,B08,OP02,2026-08-25,3.84,37.0,1950.0,3.29,PASS
SA_042_R3_1,SA_042,3,L03-SA_042-R3,Staphylococcus aureus,SA,capture_probe,1,1,Aço inoxidável 304,L03,B08,OP02,2026-08-25,3.84,37.0,1950.0,3.29,PASS
SA_042_R3_2,SA_042,3,L03-SA_042-R3,Staphylococcus aureus,SA,capture_probe_16S_rRNA,2,1,Aço inoxidável 304,L03,B08,OP02,2026-08-25,3.84,37.0,1950.0,3.29,PASS
SA_043_R1_0,SA_043,1,L05-SA_043-R1,Staphylococcus aureus,SA,carbon_clean,0,1,Vidro,L05,B08,OP02,2026-09-08,4.29,36.7,213.333,2.3291,PASS
SA_043_R1_1,SA_043,1,L05-SA_043-R1,Staphylococcus aureus,SA,capture_probe,1,1,Vidro,L05,B08,OP02,2026-09-08,4.29,36.7,213.333,2.3291,PASS
SA_043_R1_2,SA_043,1,L05-SA_043-R1,Staphylococcus aureus,SA,capture_probe_16S_rRNA,2,1,Vidro,L05,B08,OP02,2026-09-08,4.29,36.7,213.333,2.3291,PASS
SA_043_R2_0,SA_043,2,L05-SA_043-R2,Staphylococcus aureus,SA,carbon_clean,0,1,Vidro,L05,B08,OP02,2026-09-08,4.29,36.7,213.333,2.3291,PASS
SA_043_R2_1,SA_043,2,L05-SA_043-R2,Staphylococcus aureus,SA,capture_probe,1,1,Vidro,L05,B08,OP02,2026-09-08,4.29,36.7,213.333,2.3291,PASS
SA_043_R2_2,SA_043,2,L05-SA_043-R2,Staphylococcus aureus,SA,capture_probe_16S_rRNA,2,1,Vidro,L05,B08,OP02,2026-09-08,4.29,36.7,213.333,2.3291,PASS
SA_043_R3_0,SA_043,3,L05-SA_043-R3,Staphylococcus aureus,SA,carbon_clean,0,1,Vidro,L05,B08,OP02,2026-09-08,4.29,36.7,213.333,2.3291,REVIEW
SA_043_R3_1,SA_043,3,L05-SA_043-R3,Staphylococcus aureus,SA,capture_probe,1,1,Vidro,L05,B08,OP02,2026-09-08,4.29,36.7,213.333,2.3291,PASS
SA_043_R3_2,SA_043,3,L05-SA_043-R3,Staphylococcus aureus,SA,capture_probe_16S_rRNA,2,1,Vidro,L05,B08,OP02,2026-09-08,4.29,36.7,213.333,2.3291,PASS
SA_044_R1_0,SA_044,1,L02-SA_044-R1,Staphylococcus aureus,SA,carbon_clean,0,1,Aço inoxidável 304,L02,B02,OP02,2026-08-16,3.85,37.3,21900000.0,7.3404,PASS
SA_044_R1_1,SA_044,1,L02-SA_044-R1,Staphylococcus aureus,SA,capture_probe,1,1,Aço inoxidável 304,L02,B02,OP02,2026-08-16,3.85,37.3,21900000.0,7.3404,PASS
SA_044_R1_2,SA_044,1,L02-SA_044-R1,Staphylococcus aureus,SA,capture_probe_16S_rRNA,2,1,Aço inoxidável 304,L02,B02,OP02,2026-08-16,3.85,37.3,21900000.0,7.3404,FAIL
SA_044_R2_0,SA_044,2,L02-SA_044-R2,Staphylococcus aureus,SA,carbon_clean,0,1,Aço inoxidável 304,L02,B02,OP02,2026-08-16,3.85,37.3,21900000.0,7.3404,PASS
SA_044_R2_1,SA_044,2,L02-SA_044-R2,Staphylococcus aureus,SA,capture_probe,1,1,Aço inoxidável 304,L02,B02,OP02,2026-08-16,3.85,37.3,21900000.0,7.3404,PASS
SA_044_R2_2,SA_044,2,L02-SA_044-R2,Staphylococcus aureus,SA,capture_probe_16S_rRNA,2,1,Aço inoxidável 304,L02,B02,OP02,2026-08-16,3.85,37.3,21900000.0,7.3404,PASS
SA_044_R3_0,SA_044,3,L02-SA_044-R3,Staphylococcus aureus,SA,carbon_clean,0,1,Aço inoxidável 304,L02,B02,OP02,2026-08-16,3.85,37.3,21900000.0,7.3404,PASS
SA_044_R3_1,SA_044,3,L02-SA_044-R3,Staphylococcus aureus,SA,capture_probe,1,1,Aço inoxidável 304,L02,B02,OP02,2026-08-16,3.85,37.3,21900000.0,7.3404,PASS
SA_044_R3_2,SA_044,3,L02-SA_044-R3,Staphylococcus aureus,SA,capture_probe_16S_rRNA,2,1,Aço inoxidável 304,L02,B02,OP02,2026-08-16,3.85,37.3,21900000.0,7.3404,PASS
SA_045_R1_0,SA_045,1,L04-SA_045-R1,Staphylococcus aureus,SA,carbon_clean,0,1,Aço inoxidável 304,L04,B07,OP01,2026-08-04,4.16,36.6,37700.0,4.5763,PASS
SA_045_R1_1,SA_045,1,L04-SA_045-R1,Staphylococcus aureus,SA,capture_probe,1,1,Aço inoxidável 304,L04,B07,OP01,2026-08-04,4.16,36.6,37700.0,4.5763,PASS
SA_045_R1_2,SA_045,1,L04-SA_045-R1,Staphylococcus aureus,SA,capture_probe_16S_rRNA,2,1,Aço inoxidável 304,L04,B07,OP01,2026-08-04,4.16,36.6,37700.0,4.5763,PASS
SA_045_R2_0,SA_045,2,L04-SA_045-R2,Staphylococcus aureus,SA,carbon_clean,0,1,Aço inoxidável 304,L04,B07,OP01,2026-08-04,4.16,36.6,37700.0,4.5763,PASS
SA_045_R2_1,SA_045,2,L04-SA_045-R2,Staphylococcus aureus,SA,capture_probe,1,1,Aço inoxidável 304,L04,B07,OP01,2026-08-04,4.16,36.6,37700.0,4.5763,PASS
SA_045_R2_2,SA_045,2,L04-SA_045-R2,Staphylococcus aureus,SA,capture_probe_16S_rRNA,2,1,Aço inoxidável 304,L04,B07,OP01,2026-08-04,4.16,36.6,37700.0,4.5763,PASS
SA_045_R3_0,SA_045,3,L04-SA_045-R3,Staphylococcus aureus,SA,carbon_clean,0,1,Aço inoxidável 304,L04,B07,OP01,2026-08-04,4.16,36.6,37700.0,4.5763,PASS
SA_045_R3_1,SA_045,3,L04-SA_045-R3,Staphylococcus aureus,SA,capture_probe,1,1,Aço inoxidável 304,L04,B07,OP01,2026-08-04,4.16,36.6,37700.0,4.5763,PASS
SA_045_R3_2,SA_045,3,L04-SA_045-R3,Staphylococcus aureus,SA,capture_probe_16S_rRNA,2,1,Aço inoxidável 304,L04,B07,OP01,2026-08-04,4.16,36.6,37700.0,4.5763,PASS
SA_046_R1_0,SA_046,1,L01-SA_046-R1,Staphylococcus aureus,SA,carbon_clean,0,0,Polietileno de alta densidade,L01,B01,OP02,2026-08-17,3.96,36.5,3.333,0.5229,PASS
SA_046_R1_1,SA_046,1,L01-SA_046-R1,Staphylococcus aureus,SA,capture_probe,1,0,Polietileno de alta densidade,L01,B01,OP02,2026-08-17,3.96,36.5,3.333,0.5229,PASS
SA_046_R1_2,SA_046,1,L01-SA_046-R1,Staphylococcus aureus,SA,capture_probe_16S_rRNA,2,0,Polietileno de alta densidade,L01,B01,OP02,2026-08-17,3.96,36.5,3.333,0.5229,PASS
SA_046_R2_0,SA_046,2,L01-SA_046-R2,Staphylococcus aureus,SA,carbon_clean,0,0,Polietileno de alta densidade,L01,B01,OP02,2026-08-17,3.96,36.5,3.333,0.5229,PASS
SA_046_R2_1,SA_046,2,L01-SA_046-R2,Staphylococcus aureus,SA,capture_probe,1,0,Polietileno de alta densidade,L01,B01,OP02,2026-08-17,3.96,36.5,3.333,0.5229,PASS
SA_046_R2_2,SA_046,2,L01-SA_046-R2,Staphylococcus aureus,SA,capture_probe_16S_rRNA,2,0,Polietileno de alta densidade,L01,B01,OP02,2026-08-17,3.96,36.5,3.333,0.5229,PASS
SA_046_R3_0,SA_046,3,L01-SA_046-R3,Staphylococcus aureus,SA,carbon_clean,0,0,Polietileno de alta densidade,L01,B01,OP02,2026-08-17,3.96,36.5,3.333,0.5229,PASS
SA_046_R3_1,SA_046,3,L01-SA_046-R3,Staphylococcus aureus,SA,capture_probe,1,0,Polietileno de alta densidade,L01,B01,OP02,2026-08-17,3.96,36.5,3.333,0.5229,PASS
SA_046_R3_2,SA_046,3,L01-SA_046-R3,Staphylococcus aureus,SA,capture_probe_16S_rRNA,2,0,Polietileno de alta densidade,L01,B01,OP02,2026-08-17,3.96,36.5,3.333,0.5229,PASS
SA_047_R1_0,SA_047,1,L03-SA_047-R1,Staphylococcus aureus,SA,carbon_clean,0,0,Polietileno de alta densidade,L03,B08,OP01,2026-08-29,4.52,37.1,6.667,0.8239,PASS
SA_047_R1_1,SA_047,1,L03-SA_047-R1,Staphylococcus aureus,SA,capture_probe,1,0,Polietileno de alta densidade,L03,B08,OP01,2026-08-29,4.52,37.1,6.667,0.8239,PASS
SA_047_R1_2,SA_047,1,L03-SA_047-R1,Staphylococcus aureus,SA,capture_probe_16S_rRNA,2,0,Polietileno de alta densidade,L03,B08,OP01,2026-08-29,4.52,37.1,6.667,0.8239,PASS
SA_047_R2_0,SA_047,2,L03-SA_047-R2,Staphylococcus aureus,SA,carbon_clean,0,0,Polietileno de alta densidade,L03,B08,OP01,2026-08-29,4.52,37.1,6.667,0.8239,PASS
SA_047_R2_1,SA_047,2,L03-SA_047-R2,Staphylococcus aureus,SA,capture_probe,1,0,Polietileno de alta densidade,L03,B08,OP01,2026-08-29,4.52,37.1,6.667,0.8239,PASS
SA_047_R2_2,SA_047,2,L03-SA_047-R2,Staphylococcus aureus,SA,capture_probe_16S_rRNA,2,0,Polietileno de alta densidade,L03,B08,OP01,2026-08-29,4.52,37.1,6.667,0.8239,PASS
SA_047_R3_0,SA_047,3,L03-SA_047-R3,Staphylococcus aureus,SA,carbon_clean,0,0,Polietileno de alta densidade,L03,B08,OP01,2026-08-29,4.52,37.1,6.667,0.8239,PASS
SA_047_R3_1,SA_047,3,L03-SA_047-R3,Staphylococcus aureus,SA,capture_probe,1,0,Polietileno de alta densidade,L03,B08,OP01,2026-08-29,4.52,37.1,6.667,0.8239,PASS
SA_047_R3_2,SA_047,3,L03-SA_047-R3,Staphylococcus aureus,SA,capture_probe_16S_rRNA,2,0,Polietileno de alta densidade,L03,B08,OP01,2026-08-29,4.52,37.1,6.667,0.8239,PASS
SA_048_R1_0,SA_048,1,L05-SA_048-R1,Staphylococcus aureus,SA,carbon_clean,0,0,Polipropileno,L05,B01,OP03,2026-08-17,3.87,36.3,0.0,,PASS
SA_048_R1_1,SA_048,1,L05-SA_048-R1,Staphylococcus aureus,SA,capture_probe,1,0,Polipropileno,L05,B01,OP03,2026-08-17,3.87,36.3,0.0,,PASS
SA_048_R1_2,SA_048,1,L05-SA_048-R1,Staphylococcus aureus,SA,capture_probe_16S_rRNA,2,0,Polipropileno,L05,B01,OP03,2026-08-17,3.87,36.3,0.0,,PASS
SA_048_R2_0,SA_048,2,L05-SA_048-R2,Staphylococcus aureus,SA,carbon_clean,0,0,Polipropileno,L05,B01,OP03,2026-08-17,3.87,36.3,0.0,,PASS
SA_048_R2_1,SA_048,2,L05-SA_048-R2,Staphylococcus aureus,SA,capture_probe,1,0,Polipropileno,L05,B01,OP03,2026-08-17,3.87,36.3,0.0,,PASS
SA_048_R2_2,SA_048,2,L05-SA_048-R2,Staphylococcus aureus,SA,capture_probe_16S_rRNA,2,0,Polipropileno,L05,B01,OP03,2026-08-17,3.87,36.3,0.0,,PASS
SA_048_R3_0,SA_048,3,L05-SA_048-R3,Staphylococcus aureus,SA,carbon_clean,0,0,Polipropileno,L05,B01,OP03,2026-08-17,3.87,36.3,0.0,,REVIEW
SA_048_R3_1,SA_048,3,L05-SA_048-R3,Staphylococcus aureus,SA,capture_probe,1,0,Polipropileno,L05,B01,OP03,2026-08-17,3.87,36.3,0.0,,PASS
SA_048_R3_2,SA_048,3,L05-SA_048-R3,Staphylococcus aureus,SA,capture_probe_16S_rRNA,2,0,Polipropileno,L05,B01,OP03,2026-08-17,3.87,36.3,0.0,,PASS
SA_049_R1_0,SA_049,1,L04-SA_049-R1,Staphylococcus aureus,SA,carbon_clean,0,1,Aço inoxidável 304,L04,B03,OP02,2026-08-30,4.2,36.5,1626666.667,6.2113,PASS
SA_049_R1_1,SA_049,1,L04-SA_049-R1,Staphylococcus aureus,SA,capture_probe,1,1,Aço inoxidável 304,L04,B03,OP02,2026-08-30,4.2,36.5,1626666.667,6.2113,PASS
SA_049_R1_2,SA_049,1,L04-SA_049-R1,Staphylococcus aureus,SA,capture_probe_16S_rRNA,2,1,Aço inoxidável 304,L04,B03,OP02,2026-08-30,4.2,36.5,1626666.667,6.2113,PASS
SA_049_R2_0,SA_049,2,L04-SA_049-R2,Staphylococcus aureus,SA,carbon_clean,0,1,Aço inoxidável 304,L04,B03,OP02,2026-08-30,4.2,36.5,1626666.667,6.2113,PASS
SA_049_R2_1,SA_049,2,L04-SA_049-R2,Staphylococcus aureus,SA,capture_probe,1,1,Aço inoxidável 304,L04,B03,OP02,2026-08-30,4.2,36.5,1626666.667,6.2113,PASS
SA_049_R2_2,SA_049,2,L04-SA_049-R2,Staphylococcus aureus,SA,capture_probe_16S_rRNA,2,1,Aço inoxidável 304,L04,B03,OP02,2026-08-30,4.2,36.5,1626666.667,6.2113,PASS
SA_049_R3_0,SA_049,3,L04-SA_049-R3,Staphylococcus aureus,SA,carbon_clean,0,1,Aço inoxidável 304,L04,B03,OP02,2026-08-30,4.2,36.5,1626666.667,6.2113,PASS
SA_049_R3_1,SA_049,3,L04-SA_049-R3,Staphylococcus aureus,SA,capture_probe,1,1,Aço inoxidável 304,L04,B03,OP02,2026-08-30,4.2,36.5,1626666.667,6.2113,REVIEW
SA_049_R3_2,SA_049,3,L04-SA_049-R3,Staphylococcus aureus,SA,capture_probe_16S_rRNA,2,1,Aço inoxidável 304,L04,B03,OP02,2026-08-30,4.2,36.5,1626666.667,6.2113,PASS
SA_050_R1_0,SA_050,1,L01-SA_050-R1,Staphylococcus aureus,SA,carbon_clean,0,1,Polipropileno,L01,B02,OP01,2026-08-24,3.85,37.2,5466.667,3.7377,PASS
SA_050_R1_1,SA_050,1,L01-SA_050-R1,Staphylococcus aureus,SA,capture_probe,1,1,Polipropileno,L01,B02,OP01,2026-08-24,3.85,37.2,5466.667,3.7377,REVIEW
SA_050_R1_2,SA_050,1,L01-SA_050-R1,Staphylococcus aureus,SA,capture_probe_16S_rRNA,2,1,Polipropileno,L01,B02,OP01,2026-08-24,3.85,37.2,5466.667,3.7377,PASS
SA_050_R2_0,SA_050,2,L01-SA_050-R2,Staphylococcus aureus,SA,carbon_clean,0,1,Polipropileno,L01,B02,OP01,2026-08-24,3.85,37.2,5466.667,3.7377,PASS
SA_050_R2_1,SA_050,2,L01-SA_050-R2,Staphylococcus aureus,SA,capture_probe,1,1,Polipropileno,L01,B02,OP01,2026-08-24,3.85,37.2,5466.667,3.7377,FAIL
SA_050_R2_2,SA_050,2,L01-SA_050-R2,Staphylococcus aureus,SA,capture_probe_16S_rRNA,2,1,Polipropileno,L01,B02,OP01,2026-08-24,3.85,37.2,5466.667,3.7377,PASS
SA_050_R3_0,SA_050,3,L01-SA_050-R3,Staphylococcus aureus,SA,carbon_clean,0,1,Polipropileno,L01,B02,OP01,2026-08-24,3.85,37.2,5466.667,3.7377,PASS
SA_050_R3_1,SA_050,3,L01-SA_050-R3,Staphylococcus aureus,SA,capture_probe,1,1,Polipropileno,L01,B02,OP01,2026-08-24,3.85,37.2,5466.667,3.7377,PASS
SA_050_R3_2,SA_050,3,L01-SA_050-R3,Staphylococcus aureus,SA,capture_probe_16S_rRNA,2,1,Polipropileno,L01,B02,OP01,2026-08-24,3.85,37.2,5466.667,3.7377,PASS
SA_051_R1_0,SA_051,1,L04-SA_051-R1,Staphylococcus aureus,SA,carbon_clean,0,1,Aço inoxidável 304,L04,B05,OP02,2026-08-02,3.72,36.2,31500.0,4.4983,PASS
SA_051_R1_1,SA_051,1,L04-SA_051-R1,Staphylococcus aureus,SA,capture_probe,1,1,Aço inoxidável 304,L04,B05,OP02,2026-08-02,3.72,36.2,31500.0,4.4983,PASS
SA_051_R1_2,SA_051,1,L04-SA_051-R1,Staphylococcus aureus,SA,capture_probe_16S_rRNA,2,1,Aço inoxidável 304,L04,B05,OP02,2026-08-02,3.72,36.2,31500.0,4.4983,PASS
SA_051_R2_0,SA_051,2,L04-SA_051-R2,Staphylococcus aureus,SA,carbon_clean,0,1,Aço inoxidável 304,L04,B05,OP02,2026-08-02,3.72,36.2,31500.0,4.4983,REVIEW
SA_051_R2_1,SA_051,2,L04-SA_051-R2,Staphylococcus aureus,SA,capture_probe,1,1,Aço inoxidável 304,L04,B05,OP02,2026-08-02,3.72,36.2,31500.0,4.4983,PASS
SA_051_R2_2,SA_051,2,L04-SA_051-R2,Staphylococcus aureus,SA,capture_probe_16S_rRNA,2,1,Aço inoxidável 304,L04,B05,OP02,2026-08-02,3.72,36.2,31500.0,4.4983,PASS
SA_051_R3_0,SA_051,3,L04-SA_051-R3,Staphylococcus aureus,SA,carbon_clean,0,1,Aço inoxidável 304,L04,B05,OP02,2026-08-02,3.72,36.2,31500.0,4.4983,PASS
SA_051_R3_1,SA_051,3,L04-SA_051-R3,Staphylococcus aureus,SA,capture_probe,1,1,Aço inoxidável 304,L04,B05,OP02,2026-08-02,3.72,36.2,31500.0,4.4983,PASS
SA_051_R3_2,SA_051,3,L04-SA_051-R3,Staphylococcus aureus,SA,capture_probe_16S_rRNA,2,1,Aço inoxidável 304,L04,B05,OP02,2026-08-02,3.72,36.2,31500.0,4.4983,PASS
SA_052_R1_0,SA_052,1,L04-SA_052-R1,Staphylococcus aureus,SA,carbon_clean,0,1,Vidro,L04,B02,OP03,2026-08-07,4.01,37.2,211333.333,5.325,PASS
SA_052_R1_1,SA_052,1,L04-SA_052-R1,Staphylococcus aureus,SA,capture_probe,1,1,Vidro,L04,B02,OP03,2026-08-07,4.01,37.2,211333.333,5.325,PASS
SA_052_R1_2,SA_052,1,L04-SA_052-R1,Staphylococcus aureus,SA,capture_probe_16S_rRNA,2,1,Vidro,L04,B02,OP03,2026-08-07,4.01,37.2,211333.333,5.325,PASS
SA_052_R2_0,SA_052,2,L04-SA_052-R2,Staphylococcus aureus,SA,carbon_clean,0,1,Vidro,L04,B02,OP03,2026-08-07,4.01,37.2,211333.333,5.325,PASS
SA_052_R2_1,SA_052,2,L04-SA_052-R2,Staphylococcus aureus,SA,capture_probe,1,1,Vidro,L04,B02,OP03,2026-08-07,4.01,37.2,211333.333,5.325,PASS
SA_052_R2_2,SA_052,2,L04-SA_052-R2,Staphylococcus aureus,SA,capture_probe_16S_rRNA,2,1,Vidro,L04,B02,OP03,2026-08-07,4.01,37.2,211333.333,5.325,PASS
SA_052_R3_0,SA_052,3,L04-SA_052-R3,Staphylococcus aureus,SA,carbon_clean,0,1,Vidro,L04,B02,OP03,2026-08-07,4.01,37.2,211333.333,5.325,PASS
SA_052_R3_1,SA_052,3,L04-SA_052-R3,Staphylococcus aureus,SA,capture_probe,1,1,Vidro,L04,B02,OP03,2026-08-07,4.01,37.2,211333.333,5.325,PASS
SA_052_R3_2,SA_052,3,L04-SA_052-R3,Staphylococcus aureus,SA,capture_probe_16S_rRNA,2,1,Vidro,L04,B02,OP03,2026-08-07,4.01,37.2,211333.333,5.325,PASS
SA_053_R1_0,SA_053,1,L04-SA_053-R1,Staphylococcus aureus,SA,carbon_clean,0,1,Polipropileno,L04,B05,OP02,2026-09-03,3.6,37.0,473.333,2.6752,PASS
SA_053_R1_1,SA_053,1,L04-SA_053-R1,Staphylococcus aureus,SA,capture_probe,1,1,Polipropileno,L04,B05,OP02,2026-09-03,3.6,37.0,473.333,2.6752,PASS
SA_053_R1_2,SA_053,1,L04-SA_053-R1,Staphylococcus aureus,SA,capture_probe_16S_rRNA,2,1,Polipropileno,L04,B05,OP02,2026-09-03,3.6,37.0,473.333,2.6752,PASS
SA_053_R2_0,SA_053,2,L04-SA_053-R2,Staphylococcus aureus,SA,carbon_clean,0,1,Polipropileno,L04,B05,OP02,2026-09-03,3.6,37.0,473.333,2.6752,PASS
SA_053_R2_1,SA_053,2,L04-SA_053-R2,Staphylococcus aureus,SA,capture_probe,1,1,Polipropileno,L04,B05,OP02,2026-09-03,3.6,37.0,473.333,2.6752,PASS
SA_053_R2_2,SA_053,2,L04-SA_053-R2,Staphylococcus aureus,SA,capture_probe_16S_rRNA,2,1,Polipropileno,L04,B05,OP02,2026-09-03,3.6,37.0,473.333,2.6752,PASS
SA_053_R3_0,SA_053,3,L04-SA_053-R3,Staphylococcus aureus,SA,carbon_clean,0,1,Polipropileno,L04,B05,OP02,2026-09-03,3.6,37.0,473.333,2.6752,PASS
SA_053_R3_1,SA_053,3,L04-SA_053-R3,Staphylococcus aureus,SA,capture_probe,1,1,Polipropileno,L04,B05,OP02,2026-09-03,3.6,37.0,473.333,2.6752,PASS
SA_053_R3_2,SA_053,3,L04-SA_053-R3,Staphylococcus aureus,SA,capture_probe_16S_rRNA,2,1,Polipropileno,L04,B05,OP02,2026-09-03,3.6,37.0,473.333,2.6752,FAIL
SA_054_R1_0,SA_054,1,L02-SA_054-R1,Staphylococcus aureus,SA,carbon_clean,0,1,Polipropileno,L02,B08,OP01,2026-08-09,4.39,36.8,236.667,2.3741,PASS
SA_054_R1_1,SA_054,1,L02-SA_054-R1,Staphylococcus aureus,SA,capture_probe,1,1,Polipropileno,L02,B08,OP01,2026-08-09,4.39,36.8,236.667,2.3741,PASS
SA_054_R1_2,SA_054,1,L02-SA_054-R1,Staphylococcus aureus,SA,capture_probe_16S_rRNA,2,1,Polipropileno,L02,B08,OP01,2026-08-09,4.39,36.8,236.667,2.3741,PASS
SA_054_R2_0,SA_054,2,L02-SA_054-R2,Staphylococcus aureus,SA,carbon_clean,0,1,Polipropileno,L02,B08,OP01,2026-08-09,4.39,36.8,236.667,2.3741,PASS
SA_054_R2_1,SA_054,2,L02-SA_054-R2,Staphylococcus aureus,SA,capture_probe,1,1,Polipropileno,L02,B08,OP01,2026-08-09,4.39,36.8,236.667,2.3741,PASS
SA_054_R2_2,SA_054,2,L02-SA_054-R2,Staphylococcus aureus,SA,capture_probe_16S_rRNA,2,1,Polipropileno,L02,B08,OP01,2026-08-09,4.39,36.8,236.667,2.3741,PASS
SA_054_R3_0,SA_054,3,L02-SA_054-R3,Staphylococcus aureus,SA,carbon_clean,0,1,Polipropileno,L02,B08,OP01,2026-08-09,4.39,36.8,236.667,2.3741,PASS
SA_054_R3_1,SA_054,3,L02-SA_054-R3,Staphylococcus aureus,SA,capture_probe,1,1,Polipropileno,L02,B08,OP01,2026-08-09,4.39,36.8,236.667,2.3741,PASS
SA_054_R3_2,SA_054,3,L02-SA_054-R3,Staphylococcus aureus,SA,capture_probe_16S_rRNA,2,1,Polipropileno,L02,B08,OP01,2026-08-09,4.39,36.8,236.667,2.3741,PASS
SA_055_R1_0,SA_055,1,L04-SA_055-R1,Staphylococcus aureus,SA,carbon_clean,0,1,Vidro,L04,B07,OP02,2026-08-12,3.95,37.5,1763333.333,6.2463,PASS
SA_055_R1_1,SA_055,1,L04-SA_055-R1,Staphylococcus aureus,SA,capture_probe,1,1,Vidro,L04,B07,OP02,2026-08-12,3.95,37.5,1763333.333,6.2463,PASS
SA_055_R1_2,SA_055,1,L04-SA_055-R1,Staphylococcus aureus,SA,capture_probe_16S_rRNA,2,1,Vidro,L04,B07,OP02,2026-08-12,3.95,37.5,1763333.333,6.2463,PASS
SA_055_R2_0,SA_055,2,L04-SA_055-R2,Staphylococcus aureus,SA,carbon_clean,0,1,Vidro,L04,B07,OP02,2026-08-12,3.95,37.5,1763333.333,6.2463,PASS
SA_055_R2_1,SA_055,2,L04-SA_055-R2,Staphylococcus aureus,SA,capture_probe,1,1,Vidro,L04,B07,OP02,2026-08-12,3.95,37.5,1763333.333,6.2463,PASS
SA_055_R2_2,SA_055,2,L04-SA_055-R2,Staphylococcus aureus,SA,capture_probe_16S_rRNA,2,1,Vidro,L04,B07,OP02,2026-08-12,3.95,37.5,1763333.333,6.2463,PASS
SA_055_R3_0,SA_055,3,L04-SA_055-R3,Staphylococcus aureus,SA,carbon_clean,0,1,Vidro,L04,B07,OP02,2026-08-12,3.95,37.5,1763333.333,6.2463,PASS
SA_055_R3_1,SA_055,3,L04-SA_055-R3,Staphylococcus aureus,SA,capture_probe,1,1,Vidro,L04,B07,OP02,2026-08-12,3.95,37.5,1763333.333,6.2463,PASS
SA_055_R3_2,SA_055,3,L04-SA_055-R3,Staphylococcus aureus,SA,capture_probe_16S_rRNA,2,1,Vidro,L04,B07,OP02,2026-08-12,3.95,37.5,1763333.333,6.2463,PASS
SA_056_R1_0,SA_056,1,L03-SA_056-R1,Staphylococcus aureus,SA,carbon_clean,0,1,Vidro,L03,B02,OP03,2026-08-11,4.07,36.8,11433333.333,7.0582,PASS
SA_056_R1_1,SA_056,1,L03-SA_056-R1,Staphylococcus aureus,SA,capture_probe,1,1,Vidro,L03,B02,OP03,2026-08-11,4.07,36.8,11433333.333,7.0582,REVIEW
SA_056_R1_2,SA_056,1,L03-SA_056-R1,Staphylococcus aureus,SA,capture_probe_16S_rRNA,2,1,Vidro,L03,B02,OP03,2026-08-11,4.07,36.8,11433333.333,7.0582,PASS
SA_056_R2_0,SA_056,2,L03-SA_056-R2,Staphylococcus aureus,SA,carbon_clean,0,1,Vidro,L03,B02,OP03,2026-08-11,4.07,36.8,11433333.333,7.0582,PASS
SA_056_R2_1,SA_056,2,L03-SA_056-R2,Staphylococcus aureus,SA,capture_probe,1,1,Vidro,L03,B02,OP03,2026-08-11,4.07,36.8,11433333.333,7.0582,REVIEW
SA_056_R2_2,SA_056,2,L03-SA_056-R2,Staphylococcus aureus,SA,capture_probe_16S_rRNA,2,1,Vidro,L03,B02,OP03,2026-08-11,4.07,36.8,11433333.333,7.0582,PASS
SA_056_R3_0,SA_056,3,L03-SA_056-R3,Staphylococcus aureus,SA,carbon_clean,0,1,Vidro,L03,B02,OP03,2026-08-11,4.07,36.8,11433333.333,7.0582,PASS
SA_056_R3_1,SA_056,3,L03-SA_056-R3,Staphylococcus aureus,SA,capture_probe,1,1,Vidro,L03,B02,OP03,2026-08-11,4.07,36.8,11433333.333,7.0582,PASS
SA_056_R3_2,SA_056,3,L03-SA_056-R3,Staphylococcus aureus,SA,capture_probe_16S_rRNA,2,1,Vidro,L03,B02,OP03,2026-08-11,4.07,36.8,11433333.333,7.0582,PASS
SA_057_R1_0,SA_057,1,L05-SA_057-R1,Staphylococcus aureus,SA,carbon_clean,0,0,Aço inoxidável 304,L05,B10,OP02,2026-09-11,3.51,37.1,0.0,,PASS
SA_057_R1_1,SA_057,1,L05-SA_057-R1,Staphylococcus aureus,SA,capture_probe,1,0,Aço inoxidável 304,L05,B10,OP02,2026-09-11,3.51,37.1,0.0,,PASS
SA_057_R1_2,SA_057,1,L05-SA_057-R1,Staphylococcus aureus,SA,capture_probe_16S_rRNA,2,0,Aço inoxidável 304,L05,B10,OP02,2026-09-11,3.51,37.1,0.0,,PASS
SA_057_R2_0,SA_057,2,L05-SA_057-R2,Staphylococcus aureus,SA,carbon_clean,0,0,Aço inoxidável 304,L05,B10,OP02,2026-09-11,3.51,37.1,0.0,,PASS
SA_057_R2_1,SA_057,2,L05-SA_057-R2,Staphylococcus aureus,SA,capture_probe,1,0,Aço inoxidável 304,L05,B10,OP02,2026-09-11,3.51,37.1,0.0,,PASS
SA_057_R2_2,SA_057,2,L05-SA_057-R2,Staphylococcus aureus,SA,capture_probe_16S_rRNA,2,0,Aço inoxidável 304,L05,B10,OP02,2026-09-11,3.51,37.1,0.0,,PASS
SA_057_R3_0,SA_057,3,L05-SA_057-R3,Staphylococcus aureus,SA,carbon_clean,0,0,Aço inoxidável 304,L05,B10,OP02,2026-09-11,3.51,37.1,0.0,,PASS
SA_057_R3_1,SA_057,3,L05-SA_057-R3,Staphylococcus aureus,SA,capture_probe,1,0,Aço inoxidável 304,L05,B10,OP02,2026-09-11,3.51,37.1,0.0,,PASS
SA_057_R3_2,SA_057,3,L05-SA_057-R3,Staphylococcus aureus,SA,capture_probe_16S_rRNA,2,0,Aço inoxidável 304,L05,B10,OP02,2026-09-11,3.51,37.1,0.0,,PASS
SA_058_R1_0,SA_058,1,L05-SA_058-R1,Staphylococcus aureus,SA,carbon_clean,0,1,Aço inoxidável 304,L05,B03,OP01,2026-08-19,3.85,37.1,1073.333,3.0307,PASS
SA_058_R1_1,SA_058,1,L05-SA_058-R1,Staphylococcus aureus,SA,capture_probe,1,1,Aço inoxidável 304,L05,B03,OP01,2026-08-19,3.85,37.1,1073.333,3.0307,PASS
SA_058_R1_2,SA_058,1,L05-SA_058-R1,Staphylococcus aureus,SA,capture_probe_16S_rRNA,2,1,Aço inoxidável 304,L05,B03,OP01,2026-08-19,3.85,37.1,1073.333,3.0307,PASS
SA_058_R2_0,SA_058,2,L05-SA_058-R2,Staphylococcus aureus,SA,carbon_clean,0,1,Aço inoxidável 304,L05,B03,OP01,2026-08-19,3.85,37.1,1073.333,3.0307,PASS
SA_058_R2_1,SA_058,2,L05-SA_058-R2,Staphylococcus aureus,SA,capture_probe,1,1,Aço inoxidável 304,L05,B03,OP01,2026-08-19,3.85,37.1,1073.333,3.0307,PASS
SA_058_R2_2,SA_058,2,L05-SA_058-R2,Staphylococcus aureus,SA,capture_probe_16S_rRNA,2,1,Aço inoxidável 304,L05,B03,OP01,2026-08-19,3.85,37.1,1073.333,3.0307,PASS
SA_058_R3_0,SA_058,3,L05-SA_058-R3,Staphylococcus aureus,SA,carbon_clean,0,1,Aço inoxidável 304,L05,B03,OP01,2026-08-19,3.85,37.1,1073.333,3.0307,PASS
SA_058_R3_1,SA_058,3,L05-SA_058-R3,Staphylococcus aureus,SA,capture_probe,1,1,Aço inoxidável 304,L05,B03,OP01,2026-08-19,3.85,37.1,1073.333,3.0307,PASS
SA_058_R3_2,SA_058,3,L05-SA_058-R3,Staphylococcus aureus,SA,capture_probe_16S_rRNA,2,1,Aço inoxidável 304,L05,B03,OP01,2026-08-19,3.85,37.1,1073.333,3.0307,PASS
SA_059_R1_0,SA_059,1,L05-SA_059-R1,Staphylococcus aureus,SA,carbon_clean,0,0,Aço inoxidável 304,L05,B04,OP01,2026-08-18,4.0,37.3,3.333,0.5229,PASS
SA_059_R1_1,SA_059,1,L05-SA_059-R1,Staphylococcus aureus,SA,capture_probe,1,0,Aço inoxidável 304,L05,B04,OP01,2026-08-18,4.0,37.3,3.333,0.5229,PASS
SA_059_R1_2,SA_059,1,L05-SA_059-R1,Staphylococcus aureus,SA,capture_probe_16S_rRNA,2,0,Aço inoxidável 304,L05,B04,OP01,2026-08-18,4.0,37.3,3.333,0.5229,PASS
SA_059_R2_0,SA_059,2,L05-SA_059-R2,Staphylococcus aureus,SA,carbon_clean,0,0,Aço inoxidável 304,L05,B04,OP01,2026-08-18,4.0,37.3,3.333,0.5229,PASS
SA_059_R2_1,SA_059,2,L05-SA_059-R2,Staphylococcus aureus,SA,capture_probe,1,0,Aço inoxidável 304,L05,B04,OP01,2026-08-18,4.0,37.3,3.333,0.5229,PASS
SA_059_R2_2,SA_059,2,L05-SA_059-R2,Staphylococcus aureus,SA,capture_probe_16S_rRNA,2,0,Aço inoxidável 304,L05,B04,OP01,2026-08-18,4.0,37.3,3.333,0.5229,PASS
SA_059_R3_0,SA_059,3,L05-SA_059-R3,Staphylococcus aureus,SA,carbon_clean,0,0,Aço inoxidável 304,L05,B04,OP01,2026-08-18,4.0,37.3,3.333,0.5229,REVIEW
SA_059_R3_1,SA_059,3,L05-SA_059-R3,Staphylococcus aureus,SA,capture_probe,1,0,Aço inoxidável 304,L05,B04,OP01,2026-08-18,4.0,37.3,3.333,0.5229,PASS
SA_059_R3_2,SA_059,3,L05-SA_059-R3,Staphylococcus aureus,SA,capture_probe_16S_rRNA,2,0,Aço inoxidável 304,L05,B04,OP01,2026-08-18,4.0,37.3,3.333,0.5229,PASS
SA_060_R1_0,SA_060,1,L02-SA_060-R1,Staphylococcus aureus,SA,carbon_clean,0,1,Polietileno de alta densidade,L02,B07,OP03,2026-09-11,4.02,37.6,583.333,2.7659,PASS
SA_060_R1_1,SA_060,1,L02-SA_060-R1,Staphylococcus aureus,SA,capture_probe,1,1,Polietileno de alta densidade,L02,B07,OP03,2026-09-11,4.02,37.6,583.333,2.7659,PASS
SA_060_R1_2,SA_060,1,L02-SA_060-R1,Staphylococcus aureus,SA,capture_probe_16S_rRNA,2,1,Polietileno de alta densidade,L02,B07,OP03,2026-09-11,4.02,37.6,583.333,2.7659,PASS
SA_060_R2_0,SA_060,2,L02-SA_060-R2,Staphylococcus aureus,SA,carbon_clean,0,1,Polietileno de alta densidade,L02,B07,OP03,2026-09-11,4.02,37.6,583.333,2.7659,PASS
SA_060_R2_1,SA_060,2,L02-SA_060-R2,Staphylococcus aureus,SA,capture_probe,1,1,Polietileno de alta densidade,L02,B07,OP03,2026-09-11,4.02,37.6,583.333,2.7659,PASS
SA_060_R2_2,SA_060,2,L02-SA_060-R2,Staphylococcus aureus,SA,capture_probe_16S_rRNA,2,1,Polietileno de alta densidade,L02,B07,OP03,2026-09-11,4.02,37.6,583.333,2.7659,PASS
SA_060_R3_0,SA_060,3,L02-SA_060-R3,Staphylococcus aureus,SA,carbon_clean,0,1,Polietileno de alta densidade,L02,B07,OP03,2026-09-11,4.02,37.6,583.333,2.7659,PASS
SA_060_R3_1,SA_060,3,L02-SA_060-R3,Staphylococcus aureus,SA,capture_probe,1,1,Polietileno de alta densidade,L02,B07,OP03,2026-09-11,4.02,37.6,583.333,2.7659,PASS
SA_060_R3_2,SA_060,3,L02-SA_060-R3,Staphylococcus aureus,SA,capture_probe_16S_rRNA,2,1,Polietileno de alta densidade,L02,B07,OP03,2026-09-11,4.02,37.6,583.333,2.7659,PASS
SA_061_R1_0,SA_061,1,L02-SA_061-R1,Staphylococcus aureus,SA,carbon_clean,0,1,Aço inoxidável 304,L02,B08,OP01,2026-08-28,4.26,36.9,42666.667,4.6301,PASS
SA_061_R1_1,SA_061,1,L02-SA_061-R1,Staphylococcus aureus,SA,capture_probe,1,1,Aço inoxidável 304,L02,B08,OP01,2026-08-28,4.26,36.9,42666.667,4.6301,PASS
SA_061_R1_2,SA_061,1,L02-SA_061-R1,Staphylococcus aureus,SA,capture_probe_16S_rRNA,2,1,Aço inoxidável 304,L02,B08,OP01,2026-08-28,4.26,36.9,42666.667,4.6301,PASS
SA_061_R2_0,SA_061,2,L02-SA_061-R2,Staphylococcus aureus,SA,carbon_clean,0,1,Aço inoxidável 304,L02,B08,OP01,2026-08-28,4.26,36.9,42666.667,4.6301,PASS
SA_061_R2_1,SA_061,2,L02-SA_061-R2,Staphylococcus aureus,SA,capture_probe,1,1,Aço inoxidável 304,L02,B08,OP01,2026-08-28,4.26,36.9,42666.667,4.6301,PASS
SA_061_R2_2,SA_061,2,L02-SA_061-R2,Staphylococcus aureus,SA,capture_probe_16S_rRNA,2,1,Aço inoxidável 304,L02,B08,OP01,2026-08-28,4.26,36.9,42666.667,4.6301,PASS
SA_061_R3_0,SA_061,3,L02-SA_061-R3,Staphylococcus aureus,SA,carbon_clean,0,1,Aço inoxidável 304,L02,B08,OP01,2026-08-28,4.26,36.9,42666.667,4.6301,PASS
SA_061_R3_1,SA_061,3,L02-SA_061-R3,Staphylococcus aureus,SA,capture_probe,1,1,Aço inoxidável 304,L02,B08,OP01,2026-08-28,4.26,36.9,42666.667,4.6301,PASS
SA_061_R3_2,SA_061,3,L02-SA_061-R3,Staphylococcus aureus,SA,capture_probe_16S_rRNA,2,1,Aço inoxidável 304,L02,B08,OP01,2026-08-28,4.26,36.9,42666.667,4.6301,PASS
SA_062_R1_0,SA_062,1,L01-SA_062-R1,Staphylococcus aureus,SA,carbon_clean,0,1,Aço inoxidável 304,L01,B01,OP02,2026-08-18,4.42,36.6,104000.0,5.017,PASS
SA_062_R1_1,SA_062,1,L01-SA_062-R1,Staphylococcus aureus,SA,capture_probe,1,1,Aço inoxidável 304,L01,B01,OP02,2026-08-18,4.42,36.6,104000.0,5.017,PASS
SA_062_R1_2,SA_062,1,L01-SA_062-R1,Staphylococcus aureus,SA,capture_probe_16S_rRNA,2,1,Aço inoxidável 304,L01,B01,OP02,2026-08-18,4.42,36.6,104000.0,5.017,PASS
SA_062_R2_0,SA_062,2,L01-SA_062-R2,Staphylococcus aureus,SA,carbon_clean,0,1,Aço inoxidável 304,L01,B01,OP02,2026-08-18,4.42,36.6,104000.0,5.017,PASS
SA_062_R2_1,SA_062,2,L01-SA_062-R2,Staphylococcus aureus,SA,capture_probe,1,1,Aço inoxidável 304,L01,B01,OP02,2026-08-18,4.42,36.6,104000.0,5.017,PASS
SA_062_R2_2,SA_062,2,L01-SA_062-R2,Staphylococcus aureus,SA,capture_probe_16S_rRNA,2,1,Aço inoxidável 304,L01,B01,OP02,2026-08-18,4.42,36.6,104000.0,5.017,REVIEW
SA_062_R3_0,SA_062,3,L01-SA_062-R3,Staphylococcus aureus,SA,carbon_clean,0,1,Aço inoxidável 304,L01,B01,OP02,2026-08-18,4.42,36.6,104000.0,5.017,PASS
SA_062_R3_1,SA_062,3,L01-SA_062-R3,Staphylococcus aureus,SA,capture_probe,1,1,Aço inoxidável 304,L01,B01,OP02,2026-08-18,4.42,36.6,104000.0,5.017,PASS
SA_062_R3_2,SA_062,3,L01-SA_062-R3,Staphylococcus aureus,SA,capture_probe_16S_rRNA,2,1,Aço inoxidável 304,L01,B01,OP02,2026-08-18,4.42,36.6,104000.0,5.017,PASS
SA_063_R1_0,SA_063,1,L02-SA_063-R1,Staphylococcus aureus,SA,carbon_clean,0,1,Vidro,L02,B03,OP02,2026-08-22,4.46,36.7,633333.333,5.8016,PASS
SA_063_R1_1,SA_063,1,L02-SA_063-R1,Staphylococcus aureus,SA,capture_probe,1,1,Vidro,L02,B03,OP02,2026-08-22,4.46,36.7,633333.333,5.8016,PASS
SA_063_R1_2,SA_063,1,L02-SA_063-R1,Staphylococcus aureus,SA,capture_probe_16S_rRNA,2,1,Vidro,L02,B03,OP02,2026-08-22,4.46,36.7,633333.333,5.8016,PASS
SA_063_R2_0,SA_063,2,L02-SA_063-R2,Staphylococcus aureus,SA,carbon_clean,0,1,Vidro,L02,B03,OP02,2026-08-22,4.46,36.7,633333.333,5.8016,PASS
SA_063_R2_1,SA_063,2,L02-SA_063-R2,Staphylococcus aureus,SA,capture_probe,1,1,Vidro,L02,B03,OP02,2026-08-22,4.46,36.7,633333.333,5.8016,PASS
SA_063_R2_2,SA_063,2,L02-SA_063-R2,Staphylococcus aureus,SA,capture_probe_16S_rRNA,2,1,Vidro,L02,B03,OP02,2026-08-22,4.46,36.7,633333.333,5.8016,PASS
SA_063_R3_0,SA_063,3,L02-SA_063-R3,Staphylococcus aureus,SA,carbon_clean,0,1,Vidro,L02,B03,OP02,2026-08-22,4.46,36.7,633333.333,5.8016,PASS
SA_063_R3_1,SA_063,3,L02-SA_063-R3,Staphylococcus aureus,SA,capture_probe,1,1,Vidro,L02,B03,OP02,2026-08-22,4.46,36.7,633333.333,5.8016,PASS
SA_063_R3_2,SA_063,3,L02-SA_063-R3,Staphylococcus aureus,SA,capture_probe_16S_rRNA,2,1,Vidro,L02,B03,OP02,2026-08-22,4.46,36.7,633333.333,5.8016,PASS
SA_064_R1_0,SA_064,1,L03-SA_064-R1,Staphylococcus aureus,SA,carbon_clean,0,1,Aço inoxidável 304,L03,B09,OP03,2026-08-07,4.07,37.2,15500.0,4.1903,PASS
SA_064_R1_1,SA_064,1,L03-SA_064-R1,Staphylococcus aureus,SA,capture_probe,1,1,Aço inoxidável 304,L03,B09,OP03,2026-08-07,4.07,37.2,15500.0,4.1903,PASS
SA_064_R1_2,SA_064,1,L03-SA_064-R1,Staphylococcus aureus,SA,capture_probe_16S_rRNA,2,1,Aço inoxidável 304,L03,B09,OP03,2026-08-07,4.07,37.2,15500.0,4.1903,PASS
SA_064_R2_0,SA_064,2,L03-SA_064-R2,Staphylococcus aureus,SA,carbon_clean,0,1,Aço inoxidável 304,L03,B09,OP03,2026-08-07,4.07,37.2,15500.0,4.1903,PASS
SA_064_R2_1,SA_064,2,L03-SA_064-R2,Staphylococcus aureus,SA,capture_probe,1,1,Aço inoxidável 304,L03,B09,OP03,2026-08-07,4.07,37.2,15500.0,4.1903,PASS
SA_064_R2_2,SA_064,2,L03-SA_064-R2,Staphylococcus aureus,SA,capture_probe_16S_rRNA,2,1,Aço inoxidável 304,L03,B09,OP03,2026-08-07,4.07,37.2,15500.0,4.1903,PASS
SA_064_R3_0,SA_064,3,L03-SA_064-R3,Staphylococcus aureus,SA,carbon_clean,0,1,Aço inoxidável 304,L03,B09,OP03,2026-08-07,4.07,37.2,15500.0,4.1903,PASS
SA_064_R3_1,SA_064,3,L03-SA_064-R3,Staphylococcus aureus,SA,capture_probe,1,1,Aço inoxidável 304,L03,B09,OP03,2026-08-07,4.07,37.2,15500.0,4.1903,PASS
SA_064_R3_2,SA_064,3,L03-SA_064-R3,Staphylococcus aureus,SA,capture_probe_16S_rRNA,2,1,Aço inoxidável 304,L03,B09,OP03,2026-08-07,4.07,37.2,15500.0,4.1903,PASS
SA_065_R1_0,SA_065,1,L01-SA_065-R1,Staphylococcus aureus,SA,carbon_clean,0,1,Polietileno de alta densidade,L01,B07,OP01,2026-08-22,4.16,36.9,352000.0,5.5465,PASS
SA_065_R1_1,SA_065,1,L01-SA_065-R1,Staphylococcus aureus,SA,capture_probe,1,1,Polietileno de alta densidade,L01,B07,OP01,2026-08-22,4.16,36.9,352000.0,5.5465,PASS
SA_065_R1_2,SA_065,1,L01-SA_065-R1,Staphylococcus aureus,SA,capture_probe_16S_rRNA,2,1,Polietileno de alta densidade,L01,B07,OP01,2026-08-22,4.16,36.9,352000.0,5.5465,PASS
SA_065_R2_0,SA_065,2,L01-SA_065-R2,Staphylococcus aureus,SA,carbon_clean,0,1,Polietileno de alta densidade,L01,B07,OP01,2026-08-22,4.16,36.9,352000.0,5.5465,PASS
SA_065_R2_1,SA_065,2,L01-SA_065-R2,Staphylococcus aureus,SA,capture_probe,1,1,Polietileno de alta densidade,L01,B07,OP01,2026-08-22,4.16,36.9,352000.0,5.5465,PASS
SA_065_R2_2,SA_065,2,L01-SA_065-R2,Staphylococcus aureus,SA,capture_probe_16S_rRNA,2,1,Polietileno de alta densidade,L01,B07,OP01,2026-08-22,4.16,36.9,352000.0,5.5465,FAIL
SA_065_R3_0,SA_065,3,L01-SA_065-R3,Staphylococcus aureus,SA,carbon_clean,0,1,Polietileno de alta densidade,L01,B07,OP01,2026-08-22,4.16,36.9,352000.0,5.5465,PASS
SA_065_R3_1,SA_065,3,L01-SA_065-R3,Staphylococcus aureus,SA,capture_probe,1,1,Polietileno de alta densidade,L01,B07,OP01,2026-08-22,4.16,36.9,352000.0,5.5465,PASS
SA_065_R3_2,SA_065,3,L01-SA_065-R3,Staphylococcus aureus,SA,capture_probe_16S_rRNA,2,1,Polietileno de alta densidade,L01,B07,OP01,2026-08-22,4.16,36.9,352000.0,5.5465,PASS
SA_066_R1_0,SA_066,1,L03-SA_066-R1,Staphylococcus aureus,SA,carbon_clean,0,1,Polietileno de alta densidade,L03,B06,OP01,2026-08-21,3.96,36.8,111000.0,5.0453,PASS
SA_066_R1_1,SA_066,1,L03-SA_066-R1,Staphylococcus aureus,SA,capture_probe,1,1,Polietileno de alta densidade,L03,B06,OP01,2026-08-21,3.96,36.8,111000.0,5.0453,PASS
SA_066_R1_2,SA_066,1,L03-SA_066-R1,Staphylococcus aureus,SA,capture_probe_16S_rRNA,2,1,Polietileno de alta densidade,L03,B06,OP01,2026-08-21,3.96,36.8,111000.0,5.0453,PASS
SA_066_R2_0,SA_066,2,L03-SA_066-R2,Staphylococcus aureus,SA,carbon_clean,0,1,Polietileno de alta densidade,L03,B06,OP01,2026-08-21,3.96,36.8,111000.0,5.0453,PASS
SA_066_R2_1,SA_066,2,L03-SA_066-R2,Staphylococcus aureus,SA,capture_probe,1,1,Polietileno de alta densidade,L03,B06,OP01,2026-08-21,3.96,36.8,111000.0,5.0453,PASS
SA_066_R2_2,SA_066,2,L03-SA_066-R2,Staphylococcus aureus,SA,capture_probe_16S_rRNA,2,1,Polietileno de alta densidade,L03,B06,OP01,2026-08-21,3.96,36.8,111000.0,5.0453,PASS
SA_066_R3_0,SA_066,3,L03-SA_066-R3,Staphylococcus aureus,SA,carbon_clean,0,1,Polietileno de alta densidade,L03,B06,OP01,2026-08-21,3.96,36.8,111000.0,5.0453,PASS
SA_066_R3_1,SA_066,3,L03-SA_066-R3,Staphylococcus aureus,SA,capture_probe,1,1,Polietileno de alta densidade,L03,B06,OP01,2026-08-21,3.96,36.8,111000.0,5.0453,PASS
SA_066_R3_2,SA_066,3,L03-SA_066-R3,Staphylococcus aureus,SA,capture_probe_16S_rRNA,2,1,Polietileno de alta densidade,L03,B06,OP01,2026-08-21,3.96,36.8,111000.0,5.0453,PASS
SA_067_R1_0,SA_067,1,L02-SA_067-R1,Staphylococcus aureus,SA,carbon_clean,0,1,Aço inoxidável 304,L02,B07,OP02,2026-08-13,4.45,35.9,376.667,2.576,PASS
SA_067_R1_1,SA_067,1,L02-SA_067-R1,Staphylococcus aureus,SA,capture_probe,1,1,Aço inoxidável 304,L02,B07,OP02,2026-08-13,4.45,35.9,376.667,2.576,PASS
SA_067_R1_2,SA_067,1,L02-SA_067-R1,Staphylococcus aureus,SA,capture_probe_16S_rRNA,2,1,Aço inoxidável 304,L02,B07,OP02,2026-08-13,4.45,35.9,376.667,2.576,PASS
SA_067_R2_0,SA_067,2,L02-SA_067-R2,Staphylococcus aureus,SA,carbon_clean,0,1,Aço inoxidável 304,L02,B07,OP02,2026-08-13,4.45,35.9,376.667,2.576,PASS
SA_067_R2_1,SA_067,2,L02-SA_067-R2,Staphylococcus aureus,SA,capture_probe,1,1,Aço inoxidável 304,L02,B07,OP02,2026-08-13,4.45,35.9,376.667,2.576,PASS
SA_067_R2_2,SA_067,2,L02-SA_067-R2,Staphylococcus aureus,SA,capture_probe_16S_rRNA,2,1,Aço inoxidável 304,L02,B07,OP02,2026-08-13,4.45,35.9,376.667,2.576,REVIEW
SA_067_R3_0,SA_067,3,L02-SA_067-R3,Staphylococcus aureus,SA,carbon_clean,0,1,Aço inoxidável 304,L02,B07,OP02,2026-08-13,4.45,35.9,376.667,2.576,PASS
SA_067_R3_1,SA_067,3,L02-SA_067-R3,Staphylococcus aureus,SA,capture_probe,1,1,Aço inoxidável 304,L02,B07,OP02,2026-08-13,4.45,35.9,376.667,2.576,PASS
SA_067_R3_2,SA_067,3,L02-SA_067-R3,Staphylococcus aureus,SA,capture_probe_16S_rRNA,2,1,Aço inoxidável 304,L02,B07,OP02,2026-08-13,4.45,35.9,376.667,2.576,PASS
SA_068_R1_0,SA_068,1,L05-SA_068-R1,Staphylococcus aureus,SA,carbon_clean,0,1,Polipropileno,L05,B03,OP03,2026-09-11,4.31,37.0,6733.333,3.8282,PASS
SA_068_R1_1,SA_068,1,L05-SA_068-R1,Staphylococcus aureus,SA,capture_probe,1,1,Polipropileno,L05,B03,OP03,2026-09-11,4.31,37.0,6733.333,3.8282,PASS
SA_068_R1_2,SA_068,1,L05-SA_068-R1,Staphylococcus aureus,SA,capture_probe_16S_rRNA,2,1,Polipropileno,L05,B03,OP03,2026-09-11,4.31,37.0,6733.333,3.8282,PASS
SA_068_R2_0,SA_068,2,L05-SA_068-R2,Staphylococcus aureus,SA,carbon_clean,0,1,Polipropileno,L05,B03,OP03,2026-09-11,4.31,37.0,6733.333,3.8282,REVIEW
SA_068_R2_1,SA_068,2,L05-SA_068-R2,Staphylococcus aureus,SA,capture_probe,1,1,Polipropileno,L05,B03,OP03,2026-09-11,4.31,37.0,6733.333,3.8282,PASS
SA_068_R2_2,SA_068,2,L05-SA_068-R2,Staphylococcus aureus,SA,capture_probe_16S_rRNA,2,1,Polipropileno,L05,B03,OP03,2026-09-11,4.31,37.0,6733.333,3.8282,PASS
SA_068_R3_0,SA_068,3,L05-SA_068-R3,Staphylococcus aureus,SA,carbon_clean,0,1,Polipropileno,L05,B03,OP03,2026-09-11,4.31,37.0,6733.333,3.8282,REVIEW
SA_068_R3_1,SA_068,3,L05-SA_068-R3,Staphylococcus aureus,SA,capture_probe,1,1,Polipropileno,L05,B03,OP03,2026-09-11,4.31,37.0,6733.333,3.8282,PASS
SA_068_R3_2,SA_068,3,L05-SA_068-R3,Staphylococcus aureus,SA,capture_probe_16S_rRNA,2,1,Polipropileno,L05,B03,OP03,2026-09-11,4.31,37.0,6733.333,3.8282,PASS
SA_069_R1_0,SA_069,1,L03-SA_069-R1,Staphylococcus aureus,SA,carbon_clean,0,0,Polipropileno,L03,B07,OP01,2026-08-18,4.12,36.7,3.333,0.5229,PASS
SA_069_R1_1,SA_069,1,L03-SA_069-R1,Staphylococcus aureus,SA,capture_probe,1,0,Polipropileno,L03,B07,OP01,2026-08-18,4.12,36.7,3.333,0.5229,PASS
SA_069_R1_2,SA_069,1,L03-SA_069-R1,Staphylococcus aureus,SA,capture_probe_16S_rRNA,2,0,Polipropileno,L03,B07,OP01,2026-08-18,4.12,36.7,3.333,0.5229,PASS
SA_069_R2_0,SA_069,2,L03-SA_069-R2,Staphylococcus aureus,SA,carbon_clean,0,0,Polipropileno,L03,B07,OP01,2026-08-18,4.12,36.7,3.333,0.5229,PASS
SA_069_R2_1,SA_069,2,L03-SA_069-R2,Staphylococcus aureus,SA,capture_probe,1,0,Polipropileno,L03,B07,OP01,2026-08-18,4.12,36.7,3.333,0.5229,PASS
SA_069_R2_2,SA_069,2,L03-SA_069-R2,Staphylococcus aureus,SA,capture_probe_16S_rRNA,2,0,Polipropileno,L03,B07,OP01,2026-08-18,4.12,36.7,3.333,0.5229,PASS
SA_069_R3_0,SA_069,3,L03-SA_069-R3,Staphylococcus aureus,SA,carbon_clean,0,0,Polipropileno,L03,B07,OP01,2026-08-18,4.12,36.7,3.333,0.5229,FAIL
SA_069_R3_1,SA_069,3,L03-SA_069-R3,Staphylococcus aureus,SA,capture_probe,1,0,Polipropileno,L03,B07,OP01,2026-08-18,4.12,36.7,3.333,0.5229,PASS
SA_069_R3_2,SA_069,3,L03-SA_069-R3,Staphylococcus aureus,SA,capture_probe_16S_rRNA,2,0,Polipropileno,L03,B07,OP01,2026-08-18,4.12,36.7,3.333,0.5229,REVIEW
SA_070_R1_0,SA_070,1,L02-SA_070-R1,Staphylococcus aureus,SA,carbon_clean,0,1,Aço inoxidável 304,L02,B04,OP02,2026-08-25,4.1,37.2,174333.333,5.2414,PASS
SA_070_R1_1,SA_070,1,L02-SA_070-R1,Staphylococcus aureus,SA,capture_probe,1,1,Aço inoxidável 304,L02,B04,OP02,2026-08-25,4.1,37.2,174333.333,5.2414,PASS
SA_070_R1_2,SA_070,1,L02-SA_070-R1,Staphylococcus aureus,SA,capture_probe_16S_rRNA,2,1,Aço inoxidável 304,L02,B04,OP02,2026-08-25,4.1,37.2,174333.333,5.2414,PASS
SA_070_R2_0,SA_070,2,L02-SA_070-R2,Staphylococcus aureus,SA,carbon_clean,0,1,Aço inoxidável 304,L02,B04,OP02,2026-08-25,4.1,37.2,174333.333,5.2414,PASS
SA_070_R2_1,SA_070,2,L02-SA_070-R2,Staphylococcus aureus,SA,capture_probe,1,1,Aço inoxidável 304,L02,B04,OP02,2026-08-25,4.1,37.2,174333.333,5.2414,PASS
SA_070_R2_2,SA_070,2,L02-SA_070-R2,Staphylococcus aureus,SA,capture_probe_16S_rRNA,2,1,Aço inoxidável 304,L02,B04,OP02,2026-08-25,4.1,37.2,174333.333,5.2414,PASS
SA_070_R3_0,SA_070,3,L02-SA_070-R3,Staphylococcus aureus,SA,carbon_clean,0,1,Aço inoxidável 304,L02,B04,OP02,2026-08-25,4.1,37.2,174333.333,5.2414,PASS
SA_070_R3_1,SA_070,3,L02-SA_070-R3,Staphylococcus aureus,SA,capture_probe,1,1,Aço inoxidável 304,L02,B04,OP02,2026-08-25,4.1,37.2,174333.333,5.2414,PASS
SA_070_R3_2,SA_070,3,L02-SA_070-R3,Staphylococcus aureus,SA,capture_probe_16S_rRNA,2,1,Aço inoxidável 304,L02,B04,OP02,2026-08-25,4.1,37.2,174333.333,5.2414,PASS
SA_071_R1_0,SA_071,1,L05-SA_071-R1,Staphylococcus aureus,SA,carbon_clean,0,0,Polipropileno,L05,B03,OP03,2026-09-06,4.14,37.1,3.333,0.5229,PASS
SA_071_R1_1,SA_071,1,L05-SA_071-R1,Staphylococcus aureus,SA,capture_probe,1,0,Polipropileno,L05,B03,OP03,2026-09-06,4.14,37.1,3.333,0.5229,PASS
SA_071_R1_2,SA_071,1,L05-SA_071-R1,Staphylococcus aureus,SA,capture_probe_16S_rRNA,2,0,Polipropileno,L05,B03,OP03,2026-09-06,4.14,37.1,3.333,0.5229,PASS
SA_071_R2_0,SA_071,2,L05-SA_071-R2,Staphylococcus aureus,SA,carbon_clean,0,0,Polipropileno,L05,B03,OP03,2026-09-06,4.14,37.1,3.333,0.5229,PASS
SA_071_R2_1,SA_071,2,L05-SA_071-R2,Staphylococcus aureus,SA,capture_probe,1,0,Polipropileno,L05,B03,OP03,2026-09-06,4.14,37.1,3.333,0.5229,PASS
SA_071_R2_2,SA_071,2,L05-SA_071-R2,Staphylococcus aureus,SA,capture_probe_16S_rRNA,2,0,Polipropileno,L05,B03,OP03,2026-09-06,4.14,37.1,3.333,0.5229,PASS
SA_071_R3_0,SA_071,3,L05-SA_071-R3,Staphylococcus aureus,SA,carbon_clean,0,0,Polipropileno,L05,B03,OP03,2026-09-06,4.14,37.1,3.333,0.5229,PASS
SA_071_R3_1,SA_071,3,L05-SA_071-R3,Staphylococcus aureus,SA,capture_probe,1,0,Polipropileno,L05,B03,OP03,2026-09-06,4.14,37.1,3.333,0.5229,PASS
SA_071_R3_2,SA_071,3,L05-SA_071-R3,Staphylococcus aureus,SA,capture_probe_16S_rRNA,2,0,Polipropileno,L05,B03,OP03,2026-09-06,4.14,37.1,3.333,0.5229,PASS
SA_072_R1_0,SA_072,1,L05-SA_072-R1,Staphylococcus aureus,SA,carbon_clean,0,1,Vidro,L05,B09,OP02,2026-08-20,3.97,36.5,3036666.667,6.4824,PASS
SA_072_R1_1,SA_072,1,L05-SA_072-R1,Staphylococcus aureus,SA,capture_probe,1,1,Vidro,L05,B09,OP02,2026-08-20,3.97,36.5,3036666.667,6.4824,PASS
SA_072_R1_2,SA_072,1,L05-SA_072-R1,Staphylococcus aureus,SA,capture_probe_16S_rRNA,2,1,Vidro,L05,B09,OP02,2026-08-20,3.97,36.5,3036666.667,6.4824,PASS
SA_072_R2_0,SA_072,2,L05-SA_072-R2,Staphylococcus aureus,SA,carbon_clean,0,1,Vidro,L05,B09,OP02,2026-08-20,3.97,36.5,3036666.667,6.4824,PASS
SA_072_R2_1,SA_072,2,L05-SA_072-R2,Staphylococcus aureus,SA,capture_probe,1,1,Vidro,L05,B09,OP02,2026-08-20,3.97,36.5,3036666.667,6.4824,PASS
SA_072_R2_2,SA_072,2,L05-SA_072-R2,Staphylococcus aureus,SA,capture_probe_16S_rRNA,2,1,Vidro,L05,B09,OP02,2026-08-20,3.97,36.5,3036666.667,6.4824,PASS
SA_072_R3_0,SA_072,3,L05-SA_072-R3,Staphylococcus aureus,SA,carbon_clean,0,1,Vidro,L05,B09,OP02,2026-08-20,3.97,36.5,3036666.667,6.4824,PASS
SA_072_R3_1,SA_072,3,L05-SA_072-R3,Staphylococcus aureus,SA,capture_probe,1,1,Vidro,L05,B09,OP02,2026-08-20,3.97,36.5,3036666.667,6.4824,PASS
SA_072_R3_2,SA_072,3,L05-SA_072-R3,Staphylococcus aureus,SA,capture_probe_16S_rRNA,2,1,Vidro,L05,B09,OP02,2026-08-20,3.97,36.5,3036666.667,6.4824,PASS
SA_073_R1_0,SA_073,1,L01-SA_073-R1,Staphylococcus aureus,SA,carbon_clean,0,1,Polietileno de alta densidade,L01,B06,OP01,2026-08-31,3.2,36.4,237000.0,5.3747,PASS
SA_073_R1_1,SA_073,1,L01-SA_073-R1,Staphylococcus aureus,SA,capture_probe,1,1,Polietileno de alta densidade,L01,B06,OP01,2026-08-31,3.2,36.4,237000.0,5.3747,PASS
SA_073_R1_2,SA_073,1,L01-SA_073-R1,Staphylococcus aureus,SA,capture_probe_16S_rRNA,2,1,Polietileno de alta densidade,L01,B06,OP01,2026-08-31,3.2,36.4,237000.0,5.3747,PASS
SA_073_R2_0,SA_073,2,L01-SA_073-R2,Staphylococcus aureus,SA,carbon_clean,0,1,Polietileno de alta densidade,L01,B06,OP01,2026-08-31,3.2,36.4,237000.0,5.3747,PASS
SA_073_R2_1,SA_073,2,L01-SA_073-R2,Staphylococcus aureus,SA,capture_probe,1,1,Polietileno de alta densidade,L01,B06,OP01,2026-08-31,3.2,36.4,237000.0,5.3747,FAIL
SA_073_R2_2,SA_073,2,L01-SA_073-R2,Staphylococcus aureus,SA,capture_probe_16S_rRNA,2,1,Polietileno de alta densidade,L01,B06,OP01,2026-08-31,3.2,36.4,237000.0,5.3747,PASS
SA_073_R3_0,SA_073,3,L01-SA_073-R3,Staphylococcus aureus,SA,carbon_clean,0,1,Polietileno de alta densidade,L01,B06,OP01,2026-08-31,3.2,36.4,237000.0,5.3747,PASS
SA_073_R3_1,SA_073,3,L01-SA_073-R3,Staphylococcus aureus,SA,capture_probe,1,1,Polietileno de alta densidade,L01,B06,OP01,2026-08-31,3.2,36.4,237000.0,5.3747,PASS
SA_073_R3_2,SA_073,3,L01-SA_073-R3,Staphylococcus aureus,SA,capture_probe_16S_rRNA,2,1,Polietileno de alta densidade,L01,B06,OP01,2026-08-31,3.2,36.4,237000.0,5.3747,PASS
SA_074_R1_0,SA_074,1,L01-SA_074-R1,Staphylococcus aureus,SA,carbon_clean,0,0,Vidro,L01,B08,OP03,2026-08-13,4.03,36.3,0.0,,PASS
SA_074_R1_1,SA_074,1,L01-SA_074-R1,Staphylococcus aureus,SA,capture_probe,1,0,Vidro,L01,B08,OP03,2026-08-13,4.03,36.3,0.0,,PASS
SA_074_R1_2,SA_074,1,L01-SA_074-R1,Staphylococcus aureus,SA,capture_probe_16S_rRNA,2,0,Vidro,L01,B08,OP03,2026-08-13,4.03,36.3,0.0,,PASS
SA_074_R2_0,SA_074,2,L01-SA_074-R2,Staphylococcus aureus,SA,carbon_clean,0,0,Vidro,L01,B08,OP03,2026-08-13,4.03,36.3,0.0,,PASS
SA_074_R2_1,SA_074,2,L01-SA_074-R2,Staphylococcus aureus,SA,capture_probe,1,0,Vidro,L01,B08,OP03,2026-08-13,4.03,36.3,0.0,,PASS
SA_074_R2_2,SA_074,2,L01-SA_074-R2,Staphylococcus aureus,SA,capture_probe_16S_rRNA,2,0,Vidro,L01,B08,OP03,2026-08-13,4.03,36.3,0.0,,PASS
SA_074_R3_0,SA_074,3,L01-SA_074-R3,Staphylococcus aureus,SA,carbon_clean,0,0,Vidro,L01,B08,OP03,2026-08-13,4.03,36.3,0.0,,PASS
SA_074_R3_1,SA_074,3,L01-SA_074-R3,Staphylococcus aureus,SA,capture_probe,1,0,Vidro,L01,B08,OP03,2026-08-13,4.03,36.3,0.0,,PASS
SA_074_R3_2,SA_074,3,L01-SA_074-R3,Staphylococcus aureus,SA,capture_probe_16S_rRNA,2,0,Vidro,L01,B08,OP03,2026-08-13,4.03,36.3,0.0,,PASS
SA_075_R1_0,SA_075,1,L01-SA_075-R1,Staphylococcus aureus,SA,carbon_clean,0,1,Polipropileno,L01,B08,OP03,2026-08-18,4.0,36.7,406.667,2.6092,PASS
SA_075_R1_1,SA_075,1,L01-SA_075-R1,Staphylococcus aureus,SA,capture_probe,1,1,Polipropileno,L01,B08,OP03,2026-08-18,4.0,36.7,406.667,2.6092,PASS
SA_075_R1_2,SA_075,1,L01-SA_075-R1,Staphylococcus aureus,SA,capture_probe_16S_rRNA,2,1,Polipropileno,L01,B08,OP03,2026-08-18,4.0,36.7,406.667,2.6092,PASS
SA_075_R2_0,SA_075,2,L01-SA_075-R2,Staphylococcus aureus,SA,carbon_clean,0,1,Polipropileno,L01,B08,OP03,2026-08-18,4.0,36.7,406.667,2.6092,PASS
SA_075_R2_1,SA_075,2,L01-SA_075-R2,Staphylococcus aureus,SA,capture_probe,1,1,Polipropileno,L01,B08,OP03,2026-08-18,4.0,36.7,406.667,2.6092,REVIEW
SA_075_R2_2,SA_075,2,L01-SA_075-R2,Staphylococcus aureus,SA,capture_probe_16S_rRNA,2,1,Polipropileno,L01,B08,OP03,2026-08-18,4.0,36.7,406.667,2.6092,PASS
SA_075_R3_0,SA_075,3,L01-SA_075-R3,Staphylococcus aureus,SA,carbon_clean,0,1,Polipropileno,L01,B08,OP03,2026-08-18,4.0,36.7,406.667,2.6092,PASS
SA_075_R3_1,SA_075,3,L01-SA_075-R3,Staphylococcus aureus,SA,capture_probe,1,1,Polipropileno,L01,B08,OP03,2026-08-18,4.0,36.7,406.667,2.6092,PASS
SA_075_R3_2,SA_075,3,L01-SA_075-R3,Staphylococcus aureus,SA,capture_probe_16S_rRNA,2,1,Polipropileno,L01,B08,OP03,2026-08-18,4.0,36.7,406.667,2.6092,PASS
SA_076_R1_0,SA_076,1,L04-SA_076-R1,Staphylococcus aureus,SA,carbon_clean,0,0,Aço inoxidável 304,L04,B04,OP01,2026-08-26,3.48,36.9,10.0,1.0,PASS
SA_076_R1_1,SA_076,1,L04-SA_076-R1,Staphylococcus aureus,SA,capture_probe,1,0,Aço inoxidável 304,L04,B04,OP01,2026-08-26,3.48,36.9,10.0,1.0,PASS
SA_076_R1_2,SA_076,1,L04-SA_076-R1,Staphylococcus aureus,SA,capture_probe_16S_rRNA,2,0,Aço inoxidável 304,L04,B04,OP01,2026-08-26,3.48,36.9,10.0,1.0,PASS
SA_076_R2_0,SA_076,2,L04-SA_076-R2,Staphylococcus aureus,SA,carbon_clean,0,0,Aço inoxidável 304,L04,B04,OP01,2026-08-26,3.48,36.9,10.0,1.0,PASS
SA_076_R2_1,SA_076,2,L04-SA_076-R2,Staphylococcus aureus,SA,capture_probe,1,0,Aço inoxidável 304,L04,B04,OP01,2026-08-26,3.48,36.9,10.0,1.0,REVIEW
SA_076_R2_2,SA_076,2,L04-SA_076-R2,Staphylococcus aureus,SA,capture_probe_16S_rRNA,2,0,Aço inoxidável 304,L04,B04,OP01,2026-08-26,3.48,36.9,10.0,1.0,PASS
SA_076_R3_0,SA_076,3,L04-SA_076-R3,Staphylococcus aureus,SA,carbon_clean,0,0,Aço inoxidável 304,L04,B04,OP01,2026-08-26,3.48,36.9,10.0,1.0,PASS
SA_076_R3_1,SA_076,3,L04-SA_076-R3,Staphylococcus aureus,SA,capture_probe,1,0,Aço inoxidável 304,L04,B04,OP01,2026-08-26,3.48,36.9,10.0,1.0,PASS
SA_076_R3_2,SA_076,3,L04-SA_076-R3,Staphylococcus aureus,SA,capture_probe_16S_rRNA,2,0,Aço inoxidável 304,L04,B04,OP01,2026-08-26,3.48,36.9,10.0,1.0,PASS
SA_077_R1_0,SA_077,1,L05-SA_077-R1,Staphylococcus aureus,SA,carbon_clean,0,1,Vidro,L05,B07,OP02,2026-09-06,3.92,37.2,2310000.0,6.3636,PASS
SA_077_R1_1,SA_077,1,L05-SA_077-R1,Staphylococcus aureus,SA,capture_probe,1,1,Vidro,L05,B07,OP02,2026-09-06,3.92,37.2,2310000.0,6.3636,PASS
SA_077_R1_2,SA_077,1,L05-SA_077-R1,Staphylococcus aureus,SA,capture_probe_16S_rRNA,2,1,Vidro,L05,B07,OP02,2026-09-06,3.92,37.2,2310000.0,6.3636,PASS
SA_077_R2_0,SA_077,2,L05-SA_077-R2,Staphylococcus aureus,SA,carbon_clean,0,1,Vidro,L05,B07,OP02,2026-09-06,3.92,37.2,2310000.0,6.3636,PASS
SA_077_R2_1,SA_077,2,L05-SA_077-R2,Staphylococcus aureus,SA,capture_probe,1,1,Vidro,L05,B07,OP02,2026-09-06,3.92,37.2,2310000.0,6.3636,PASS
SA_077_R2_2,SA_077,2,L05-SA_077-R2,Staphylococcus aureus,SA,capture_probe_16S_rRNA,2,1,Vidro,L05,B07,OP02,2026-09-06,3.92,37.2,2310000.0,6.3636,PASS
SA_077_R3_0,SA_077,3,L05-SA_077-R3,Staphylococcus aureus,SA,carbon_clean,0,1,Vidro,L05,B07,OP02,2026-09-06,3.92,37.2,2310000.0,6.3636,PASS
SA_077_R3_1,SA_077,3,L05-SA_077-R3,Staphylococcus aureus,SA,capture_probe,1,1,Vidro,L05,B07,OP02,2026-09-06,3.92,37.2,2310000.0,6.3636,PASS
SA_077_R3_2,SA_077,3,L05-SA_077-R3,Staphylococcus aureus,SA,capture_probe_16S_rRNA,2,1,Vidro,L05,B07,OP02,2026-09-06,3.92,37.2,2310000.0,6.3636,PASS
SA_078_R1_0,SA_078,1,L02-SA_078-R1,Staphylococcus aureus,SA,carbon_clean,0,1,Polipropileno,L02,B07,OP02,2026-08-25,3.69,36.4,373.333,2.5721,PASS
SA_078_R1_1,SA_078,1,L02-SA_078-R1,Staphylococcus aureus,SA,capture_probe,1,1,Polipropileno,L02,B07,OP02,2026-08-25,3.69,36.4,373.333,2.5721,PASS
SA_078_R1_2,SA_078,1,L02-SA_078-R1,Staphylococcus aureus,SA,capture_probe_16S_rRNA,2,1,Polipropileno,L02,B07,OP02,2026-08-25,3.69,36.4,373.333,2.5721,PASS
SA_078_R2_0,SA_078,2,L02-SA_078-R2,Staphylococcus aureus,SA,carbon_clean,0,1,Polipropileno,L02,B07,OP02,2026-08-25,3.69,36.4,373.333,2.5721,PASS
SA_078_R2_1,SA_078,2,L02-SA_078-R2,Staphylococcus aureus,SA,capture_probe,1,1,Polipropileno,L02,B07,OP02,2026-08-25,3.69,36.4,373.333,2.5721,REVIEW
SA_078_R2_2,SA_078,2,L02-SA_078-R2,Staphylococcus aureus,SA,capture_probe_16S_rRNA,2,1,Polipropileno,L02,B07,OP02,2026-08-25,3.69,36.4,373.333,2.5721,PASS
SA_078_R3_0,SA_078,3,L02-SA_078-R3,Staphylococcus aureus,SA,carbon_clean,0,1,Polipropileno,L02,B07,OP02,2026-08-25,3.69,36.4,373.333,2.5721,PASS
SA_078_R3_1,SA_078,3,L02-SA_078-R3,Staphylococcus aureus,SA,capture_probe,1,1,Polipropileno,L02,B07,OP02,2026-08-25,3.69,36.4,373.333,2.5721,PASS
SA_078_R3_2,SA_078,3,L02-SA_078-R3,Staphylococcus aureus,SA,capture_probe_16S_rRNA,2,1,Polipropileno,L02,B07,OP02,2026-08-25,3.69,36.4,373.333,2.5721,PASS
SA_079_R1_0,SA_079,1,L05-SA_079-R1,Staphylococcus aureus,SA,carbon_clean,0,0,Vidro,L05,B03,OP02,2026-08-23,3.64,36.8,0.0,,PASS
SA_079_R1_1,SA_079,1,L05-SA_079-R1,Staphylococcus aureus,SA,capture_probe,1,0,Vidro,L05,B03,OP02,2026-08-23,3.64,36.8,0.0,,PASS
SA_079_R1_2,SA_079,1,L05-SA_079-R1,Staphylococcus aureus,SA,capture_probe_16S_rRNA,2,0,Vidro,L05,B03,OP02,2026-08-23,3.64,36.8,0.0,,PASS
SA_079_R2_0,SA_079,2,L05-SA_079-R2,Staphylococcus aureus,SA,carbon_clean,0,0,Vidro,L05,B03,OP02,2026-08-23,3.64,36.8,0.0,,PASS
SA_079_R2_1,SA_079,2,L05-SA_079-R2,Staphylococcus aureus,SA,capture_probe,1,0,Vidro,L05,B03,OP02,2026-08-23,3.64,36.8,0.0,,PASS
SA_079_R2_2,SA_079,2,L05-SA_079-R2,Staphylococcus aureus,SA,capture_probe_16S_rRNA,2,0,Vidro,L05,B03,OP02,2026-08-23,3.64,36.8,0.0,,PASS
SA_079_R3_0,SA_079,3,L05-SA_079-R3,Staphylococcus aureus,SA,carbon_clean,0,0,Vidro,L05,B03,OP02,2026-08-23,3.64,36.8,0.0,,PASS
SA_079_R3_1,SA_079,3,L05-SA_079-R3,Staphylococcus aureus,SA,capture_probe,1,0,Vidro,L05,B03,OP02,2026-08-23,3.64,36.8,0.0,,PASS
SA_079_R3_2,SA_079,3,L05-SA_079-R3,Staphylococcus aureus,SA,capture_probe_16S_rRNA,2,0,Vidro,L05,B03,OP02,2026-08-23,3.64,36.8,0.0,,PASS
SA_080_R1_0,SA_080,1,L03-SA_080-R1,Staphylococcus aureus,SA,carbon_clean,0,1,Polietileno de alta densidade,L03,B07,OP02,2026-08-19,3.9,36.8,710.0,2.8513,PASS
SA_080_R1_1,SA_080,1,L03-SA_080-R1,Staphylococcus aureus,SA,capture_probe,1,1,Polietileno de alta densidade,L03,B07,OP02,2026-08-19,3.9,36.8,710.0,2.8513,PASS
SA_080_R1_2,SA_080,1,L03-SA_080-R1,Staphylococcus aureus,SA,capture_probe_16S_rRNA,2,1,Polietileno de alta densidade,L03,B07,OP02,2026-08-19,3.9,36.8,710.0,2.8513,PASS
SA_080_R2_0,SA_080,2,L03-SA_080-R2,Staphylococcus aureus,SA,carbon_clean,0,1,Polietileno de alta densidade,L03,B07,OP02,2026-08-19,3.9,36.8,710.0,2.8513,PASS
SA_080_R2_1,SA_080,2,L03-SA_080-R2,Staphylococcus aureus,SA,capture_probe,1,1,Polietileno de alta densidade,L03,B07,OP02,2026-08-19,3.9,36.8,710.0,2.8513,PASS
SA_080_R2_2,SA_080,2,L03-SA_080-R2,Staphylococcus aureus,SA,capture_probe_16S_rRNA,2,1,Polietileno de alta densidade,L03,B07,OP02,2026-08-19,3.9,36.8,710.0,2.8513,PASS
SA_080_R3_0,SA_080,3,L03-SA_080-R3,Staphylococcus aureus,SA,carbon_clean,0,1,Polietileno de alta densidade,L03,B07,OP02,2026-08-19,3.9,36.8,710.0,2.8513,PASS
SA_080_R3_1,SA_080,3,L03-SA_080-R3,Staphylococcus aureus,SA,capture_probe,1,1,Polietileno de alta densidade,L03,B07,OP02,2026-08-19,3.9,36.8,710.0,2.8513,PASS
SA_080_R3_2,SA_080,3,L03-SA_080-R3,Staphylococcus aureus,SA,capture_probe_16S_rRNA,2,1,Polietileno de alta densidade,L03,B07,OP02,2026-08-19,3.9,36.8,710.0,2.8513,PASS
SA_081_R1_0,SA_081,1,L03-SA_081-R1,Staphylococcus aureus,SA,carbon_clean,0,1,Vidro,L03,B06,OP02,2026-08-05,4.32,36.6,309333.333,5.4904,PASS
SA_081_R1_1,SA_081,1,L03-SA_081-R1,Staphylococcus aureus,SA,capture_probe,1,1,Vidro,L03,B06,OP02,2026-08-05,4.32,36.6,309333.333,5.4904,PASS
SA_081_R1_2,SA_081,1,L03-SA_081-R1,Staphylococcus aureus,SA,capture_probe_16S_rRNA,2,1,Vidro,L03,B06,OP02,2026-08-05,4.32,36.6,309333.333,5.4904,PASS
SA_081_R2_0,SA_081,2,L03-SA_081-R2,Staphylococcus aureus,SA,carbon_clean,0,1,Vidro,L03,B06,OP02,2026-08-05,4.32,36.6,309333.333,5.4904,PASS
SA_081_R2_1,SA_081,2,L03-SA_081-R2,Staphylococcus aureus,SA,capture_probe,1,1,Vidro,L03,B06,OP02,2026-08-05,4.32,36.6,309333.333,5.4904,PASS
SA_081_R2_2,SA_081,2,L03-SA_081-R2,Staphylococcus aureus,SA,capture_probe_16S_rRNA,2,1,Vidro,L03,B06,OP02,2026-08-05,4.32,36.6,309333.333,5.4904,PASS
SA_081_R3_0,SA_081,3,L03-SA_081-R3,Staphylococcus aureus,SA,carbon_clean,0,1,Vidro,L03,B06,OP02,2026-08-05,4.32,36.6,309333.333,5.4904,PASS
SA_081_R3_1,SA_081,3,L03-SA_081-R3,Staphylococcus aureus,SA,capture_probe,1,1,Vidro,L03,B06,OP02,2026-08-05,4.32,36.6,309333.333,5.4904,PASS
SA_081_R3_2,SA_081,3,L03-SA_081-R3,Staphylococcus aureus,SA,capture_probe_16S_rRNA,2,1,Vidro,L03,B06,OP02,2026-08-05,4.32,36.6,309333.333,5.4904,PASS
SA_082_R1_0,SA_082,1,L03-SA_082-R1,Staphylococcus aureus,SA,carbon_clean,0,1,Polietileno de alta densidade,L03,B04,OP03,2026-08-15,3.75,36.6,159666.667,5.2032,PASS
SA_082_R1_1,SA_082,1,L03-SA_082-R1,Staphylococcus aureus,SA,capture_probe,1,1,Polietileno de alta densidade,L03,B04,OP03,2026-08-15,3.75,36.6,159666.667,5.2032,PASS
SA_082_R1_2,SA_082,1,L03-SA_082-R1,Staphylococcus aureus,SA,capture_probe_16S_rRNA,2,1,Polietileno de alta densidade,L03,B04,OP03,2026-08-15,3.75,36.6,159666.667,5.2032,PASS
SA_082_R2_0,SA_082,2,L03-SA_082-R2,Staphylococcus aureus,SA,carbon_clean,0,1,Polietileno de alta densidade,L03,B04,OP03,2026-08-15,3.75,36.6,159666.667,5.2032,PASS
SA_082_R2_1,SA_082,2,L03-SA_082-R2,Staphylococcus aureus,SA,capture_probe,1,1,Polietileno de alta densidade,L03,B04,OP03,2026-08-15,3.75,36.6,159666.667,5.2032,PASS
SA_082_R2_2,SA_082,2,L03-SA_082-R2,Staphylococcus aureus,SA,capture_probe_16S_rRNA,2,1,Polietileno de alta densidade,L03,B04,OP03,2026-08-15,3.75,36.6,159666.667,5.2032,PASS
SA_082_R3_0,SA_082,3,L03-SA_082-R3,Staphylococcus aureus,SA,carbon_clean,0,1,Polietileno de alta densidade,L03,B04,OP03,2026-08-15,3.75,36.6,159666.667,5.2032,PASS
SA_082_R3_1,SA_082,3,L03-SA_082-R3,Staphylococcus aureus,SA,capture_probe,1,1,Polietileno de alta densidade,L03,B04,OP03,2026-08-15,3.75,36.6,159666.667,5.2032,PASS
SA_082_R3_2,SA_082,3,L03-SA_082-R3,Staphylococcus aureus,SA,capture_probe_16S_rRNA,2,1,Polietileno de alta densidade,L03,B04,OP03,2026-08-15,3.75,36.6,159666.667,5.2032,PASS
SA_083_R1_0,SA_083,1,L01-SA_083-R1,Staphylococcus aureus,SA,carbon_clean,0,1,Polipropileno,L01,B08,OP02,2026-08-13,4.14,37.3,800.0,2.9031,PASS
SA_083_R1_1,SA_083,1,L01-SA_083-R1,Staphylococcus aureus,SA,capture_probe,1,1,Polipropileno,L01,B08,OP02,2026-08-13,4.14,37.3,800.0,2.9031,PASS
SA_083_R1_2,SA_083,1,L01-SA_083-R1,Staphylococcus aureus,SA,capture_probe_16S_rRNA,2,1,Polipropileno,L01,B08,OP02,2026-08-13,4.14,37.3,800.0,2.9031,PASS
SA_083_R2_0,SA_083,2,L01-SA_083-R2,Staphylococcus aureus,SA,carbon_clean,0,1,Polipropileno,L01,B08,OP02,2026-08-13,4.14,37.3,800.0,2.9031,PASS
SA_083_R2_1,SA_083,2,L01-SA_083-R2,Staphylococcus aureus,SA,capture_probe,1,1,Polipropileno,L01,B08,OP02,2026-08-13,4.14,37.3,800.0,2.9031,PASS
SA_083_R2_2,SA_083,2,L01-SA_083-R2,Staphylococcus aureus,SA,capture_probe_16S_rRNA,2,1,Polipropileno,L01,B08,OP02,2026-08-13,4.14,37.3,800.0,2.9031,PASS
SA_083_R3_0,SA_083,3,L01-SA_083-R3,Staphylococcus aureus,SA,carbon_clean,0,1,Polipropileno,L01,B08,OP02,2026-08-13,4.14,37.3,800.0,2.9031,REVIEW
SA_083_R3_1,SA_083,3,L01-SA_083-R3,Staphylococcus aureus,SA,capture_probe,1,1,Polipropileno,L01,B08,OP02,2026-08-13,4.14,37.3,800.0,2.9031,PASS
SA_083_R3_2,SA_083,3,L01-SA_083-R3,Staphylococcus aureus,SA,capture_probe_16S_rRNA,2,1,Polipropileno,L01,B08,OP02,2026-08-13,4.14,37.3,800.0,2.9031,PASS
SA_084_R1_0,SA_084,1,L05-SA_084-R1,Staphylococcus aureus,SA,carbon_clean,0,1,Vidro,L05,B03,OP03,2026-08-15,3.62,35.9,286.667,2.4574,PASS
SA_084_R1_1,SA_084,1,L05-SA_084-R1,Staphylococcus aureus,SA,capture_probe,1,1,Vidro,L05,B03,OP03,2026-08-15,3.62,35.9,286.667,2.4574,PASS
SA_084_R1_2,SA_084,1,L05-SA_084-R1,Staphylococcus aureus,SA,capture_probe_16S_rRNA,2,1,Vidro,L05,B03,OP03,2026-08-15,3.62,35.9,286.667,2.4574,PASS
SA_084_R2_0,SA_084,2,L05-SA_084-R2,Staphylococcus aureus,SA,carbon_clean,0,1,Vidro,L05,B03,OP03,2026-08-15,3.62,35.9,286.667,2.4574,PASS
SA_084_R2_1,SA_084,2,L05-SA_084-R2,Staphylococcus aureus,SA,capture_probe,1,1,Vidro,L05,B03,OP03,2026-08-15,3.62,35.9,286.667,2.4574,PASS
SA_084_R2_2,SA_084,2,L05-SA_084-R2,Staphylococcus aureus,SA,capture_probe_16S_rRNA,2,1,Vidro,L05,B03,OP03,2026-08-15,3.62,35.9,286.667,2.4574,PASS
SA_084_R3_0,SA_084,3,L05-SA_084-R3,Staphylococcus aureus,SA,carbon_clean,0,1,Vidro,L05,B03,OP03,2026-08-15,3.62,35.9,286.667,2.4574,PASS
SA_084_R3_1,SA_084,3,L05-SA_084-R3,Staphylococcus aureus,SA,capture_probe,1,1,Vidro,L05,B03,OP03,2026-08-15,3.62,35.9,286.667,2.4574,PASS
SA_084_R3_2,SA_084,3,L05-SA_084-R3,Staphylococcus aureus,SA,capture_probe_16S_rRNA,2,1,Vidro,L05,B03,OP03,2026-08-15,3.62,35.9,286.667,2.4574,PASS
SA_085_R1_0,SA_085,1,L01-SA_085-R1,Staphylococcus aureus,SA,carbon_clean,0,1,Aço inoxidável 304,L01,B05,OP02,2026-08-19,3.91,37.1,1376666.667,6.1388,PASS
SA_085_R1_1,SA_085,1,L01-SA_085-R1,Staphylococcus aureus,SA,capture_probe,1,1,Aço inoxidável 304,L01,B05,OP02,2026-08-19,3.91,37.1,1376666.667,6.1388,PASS
SA_085_R1_2,SA_085,1,L01-SA_085-R1,Staphylococcus aureus,SA,capture_probe_16S_rRNA,2,1,Aço inoxidável 304,L01,B05,OP02,2026-08-19,3.91,37.1,1376666.667,6.1388,PASS
SA_085_R2_0,SA_085,2,L01-SA_085-R2,Staphylococcus aureus,SA,carbon_clean,0,1,Aço inoxidável 304,L01,B05,OP02,2026-08-19,3.91,37.1,1376666.667,6.1388,PASS
SA_085_R2_1,SA_085,2,L01-SA_085-R2,Staphylococcus aureus,SA,capture_probe,1,1,Aço inoxidável 304,L01,B05,OP02,2026-08-19,3.91,37.1,1376666.667,6.1388,PASS
SA_085_R2_2,SA_085,2,L01-SA_085-R2,Staphylococcus aureus,SA,capture_probe_16S_rRNA,2,1,Aço inoxidável 304,L01,B05,OP02,2026-08-19,3.91,37.1,1376666.667,6.1388,PASS
SA_085_R3_0,SA_085,3,L01-SA_085-R3,Staphylococcus aureus,SA,carbon_clean,0,1,Aço inoxidável 304,L01,B05,OP02,2026-08-19,3.91,37.1,1376666.667,6.1388,PASS
SA_085_R3_1,SA_085,3,L01-SA_085-R3,Staphylococcus aureus,SA,capture_probe,1,1,Aço inoxidável 304,L01,B05,OP02,2026-08-19,3.91,37.1,1376666.667,6.1388,PASS
SA_085_R3_2,SA_085,3,L01-SA_085-R3,Staphylococcus aureus,SA,capture_probe_16S_rRNA,2,1,Aço inoxidável 304,L01,B05,OP02,2026-08-19,3.91,37.1,1376666.667,6.1388,PASS
SA_086_R1_0,SA_086,1,L01-SA_086-R1,Staphylococcus aureus,SA,carbon_clean,0,1,Aço inoxidável 304,L01,B02,OP01,2026-08-27,3.91,37.5,45833.333,4.6612,PASS
SA_086_R1_1,SA_086,1,L01-SA_086-R1,Staphylococcus aureus,SA,capture_probe,1,1,Aço inoxidável 304,L01,B02,OP01,2026-08-27,3.91,37.5,45833.333,4.6612,PASS
SA_086_R1_2,SA_086,1,L01-SA_086-R1,Staphylococcus aureus,SA,capture_probe_16S_rRNA,2,1,Aço inoxidável 304,L01,B02,OP01,2026-08-27,3.91,37.5,45833.333,4.6612,PASS
SA_086_R2_0,SA_086,2,L01-SA_086-R2,Staphylococcus aureus,SA,carbon_clean,0,1,Aço inoxidável 304,L01,B02,OP01,2026-08-27,3.91,37.5,45833.333,4.6612,PASS
SA_086_R2_1,SA_086,2,L01-SA_086-R2,Staphylococcus aureus,SA,capture_probe,1,1,Aço inoxidável 304,L01,B02,OP01,2026-08-27,3.91,37.5,45833.333,4.6612,PASS
SA_086_R2_2,SA_086,2,L01-SA_086-R2,Staphylococcus aureus,SA,capture_probe_16S_rRNA,2,1,Aço inoxidável 304,L01,B02,OP01,2026-08-27,3.91,37.5,45833.333,4.6612,PASS
SA_086_R3_0,SA_086,3,L01-SA_086-R3,Staphylococcus aureus,SA,carbon_clean,0,1,Aço inoxidável 304,L01,B02,OP01,2026-08-27,3.91,37.5,45833.333,4.6612,PASS
SA_086_R3_1,SA_086,3,L01-SA_086-R3,Staphylococcus aureus,SA,capture_probe,1,1,Aço inoxidável 304,L01,B02,OP01,2026-08-27,3.91,37.5,45833.333,4.6612,PASS
SA_086_R3_2,SA_086,3,L01-SA_086-R3,Staphylococcus aureus,SA,capture_probe_16S_rRNA,2,1,Aço inoxidável 304,L01,B02,OP01,2026-08-27,3.91,37.5,45833.333,4.6612,PASS
SA_087_R1_0,SA_087,1,L01-SA_087-R1,Staphylococcus aureus,SA,carbon_clean,0,1,Polietileno de alta densidade,L01,B08,OP02,2026-08-30,3.65,37.4,513333.333,5.7104,PASS
SA_087_R1_1,SA_087,1,L01-SA_087-R1,Staphylococcus aureus,SA,capture_probe,1,1,Polietileno de alta densidade,L01,B08,OP02,2026-08-30,3.65,37.4,513333.333,5.7104,REVIEW
SA_087_R1_2,SA_087,1,L01-SA_087-R1,Staphylococcus aureus,SA,capture_probe_16S_rRNA,2,1,Polietileno de alta densidade,L01,B08,OP02,2026-08-30,3.65,37.4,513333.333,5.7104,PASS
SA_087_R2_0,SA_087,2,L01-SA_087-R2,Staphylococcus aureus,SA,carbon_clean,0,1,Polietileno de alta densidade,L01,B08,OP02,2026-08-30,3.65,37.4,513333.333,5.7104,PASS
SA_087_R2_1,SA_087,2,L01-SA_087-R2,Staphylococcus aureus,SA,capture_probe,1,1,Polietileno de alta densidade,L01,B08,OP02,2026-08-30,3.65,37.4,513333.333,5.7104,PASS
SA_087_R2_2,SA_087,2,L01-SA_087-R2,Staphylococcus aureus,SA,capture_probe_16S_rRNA,2,1,Polietileno de alta densidade,L01,B08,OP02,2026-08-30,3.65,37.4,513333.333,5.7104,PASS
SA_087_R3_0,SA_087,3,L01-SA_087-R3,Staphylococcus aureus,SA,carbon_clean,0,1,Polietileno de alta densidade,L01,B08,OP02,2026-08-30,3.65,37.4,513333.333,5.7104,PASS
SA_087_R3_1,SA_087,3,L01-SA_087-R3,Staphylococcus aureus,SA,capture_probe,1,1,Polietileno de alta densidade,L01,B08,OP02,2026-08-30,3.65,37.4,513333.333,5.7104,PASS
SA_087_R3_2,SA_087,3,L01-SA_087-R3,Staphylococcus aureus,SA,capture_probe_16S_rRNA,2,1,Polietileno de alta densidade,L01,B08,OP02,2026-08-30,3.65,37.4,513333.333,5.7104,PASS
SA_088_R1_0,SA_088,1,L01-SA_088-R1,Staphylococcus aureus,SA,carbon_clean,0,1,Polietileno de alta densidade,L01,B02,OP03,2026-09-07,4.22,37.0,8066.667,3.9067,PASS
SA_088_R1_1,SA_088,1,L01-SA_088-R1,Staphylococcus aureus,SA,capture_probe,1,1,Polietileno de alta densidade,L01,B02,OP03,2026-09-07,4.22,37.0,8066.667,3.9067,REVIEW
SA_088_R1_2,SA_088,1,L01-SA_088-R1,Staphylococcus aureus,SA,capture_probe_16S_rRNA,2,1,Polietileno de alta densidade,L01,B02,OP03,2026-09-07,4.22,37.0,8066.667,3.9067,PASS
SA_088_R2_0,SA_088,2,L01-SA_088-R2,Staphylococcus aureus,SA,carbon_clean,0,1,Polietileno de alta densidade,L01,B02,OP03,2026-09-07,4.22,37.0,8066.667,3.9067,PASS
SA_088_R2_1,SA_088,2,L01-SA_088-R2,Staphylococcus aureus,SA,capture_probe,1,1,Polietileno de alta densidade,L01,B02,OP03,2026-09-07,4.22,37.0,8066.667,3.9067,PASS
SA_088_R2_2,SA_088,2,L01-SA_088-R2,Staphylococcus aureus,SA,capture_probe_16S_rRNA,2,1,Polietileno de alta densidade,L01,B02,OP03,2026-09-07,4.22,37.0,8066.667,3.9067,PASS
SA_088_R3_0,SA_088,3,L01-SA_088-R3,Staphylococcus aureus,SA,carbon_clean,0,1,Polietileno de alta densidade,L01,B02,OP03,2026-09-07,4.22,37.0,8066.667,3.9067,PASS
SA_088_R3_1,SA_088,3,L01-SA_088-R3,Staphylococcus aureus,SA,capture_probe,1,1,Polietileno de alta densidade,L01,B02,OP03,2026-09-07,4.22,37.0,8066.667,3.9067,REVIEW
SA_088_R3_2,SA_088,3,L01-SA_088-R3,Staphylococcus aureus,SA,capture_probe_16S_rRNA,2,1,Polietileno de alta densidade,L01,B02,OP03,2026-09-07,4.22,37.0,8066.667,3.9067,PASS
SA_089_R1_0,SA_089,1,L01-SA_089-R1,Staphylococcus aureus,SA,carbon_clean,0,1,Vidro,L01,B05,OP03,2026-09-11,4.44,36.5,456.667,2.6596,PASS
SA_089_R1_1,SA_089,1,L01-SA_089-R1,Staphylococcus aureus,SA,capture_probe,1,1,Vidro,L01,B05,OP03,2026-09-11,4.44,36.5,456.667,2.6596,PASS
SA_089_R1_2,SA_089,1,L01-SA_089-R1,Staphylococcus aureus,SA,capture_probe_16S_rRNA,2,1,Vidro,L01,B05,OP03,2026-09-11,4.44,36.5,456.667,2.6596,PASS
SA_089_R2_0,SA_089,2,L01-SA_089-R2,Staphylococcus aureus,SA,carbon_clean,0,1,Vidro,L01,B05,OP03,2026-09-11,4.44,36.5,456.667,2.6596,PASS
SA_089_R2_1,SA_089,2,L01-SA_089-R2,Staphylococcus aureus,SA,capture_probe,1,1,Vidro,L01,B05,OP03,2026-09-11,4.44,36.5,456.667,2.6596,PASS
SA_089_R2_2,SA_089,2,L01-SA_089-R2,Staphylococcus aureus,SA,capture_probe_16S_rRNA,2,1,Vidro,L01,B05,OP03,2026-09-11,4.44,36.5,456.667,2.6596,PASS
SA_089_R3_0,SA_089,3,L01-SA_089-R3,Staphylococcus aureus,SA,carbon_clean,0,1,Vidro,L01,B05,OP03,2026-09-11,4.44,36.5,456.667,2.6596,PASS
SA_089_R3_1,SA_089,3,L01-SA_089-R3,Staphylococcus aureus,SA,capture_probe,1,1,Vidro,L01,B05,OP03,2026-09-11,4.44,36.5,456.667,2.6596,PASS
SA_089_R3_2,SA_089,3,L01-SA_089-R3,Staphylococcus aureus,SA,capture_probe_16S_rRNA,2,1,Vidro,L01,B05,OP03,2026-09-11,4.44,36.5,456.667,2.6596,PASS
SA_090_R1_0,SA_090,1,L05-SA_090-R1,Staphylococcus aureus,SA,carbon_clean,0,1,Polietileno de alta densidade,L05,B09,OP01,2026-08-02,4.09,36.4,112666.667,5.0518,PASS
SA_090_R1_1,SA_090,1,L05-SA_090-R1,Staphylococcus aureus,SA,capture_probe,1,1,Polietileno de alta densidade,L05,B09,OP01,2026-08-02,4.09,36.4,112666.667,5.0518,PASS
SA_090_R1_2,SA_090,1,L05-SA_090-R1,Staphylococcus aureus,SA,capture_probe_16S_rRNA,2,1,Polietileno de alta densidade,L05,B09,OP01,2026-08-02,4.09,36.4,112666.667,5.0518,PASS
SA_090_R2_0,SA_090,2,L05-SA_090-R2,Staphylococcus aureus,SA,carbon_clean,0,1,Polietileno de alta densidade,L05,B09,OP01,2026-08-02,4.09,36.4,112666.667,5.0518,PASS
SA_090_R2_1,SA_090,2,L05-SA_090-R2,Staphylococcus aureus,SA,capture_probe,1,1,Polietileno de alta densidade,L05,B09,OP01,2026-08-02,4.09,36.4,112666.667,5.0518,PASS
SA_090_R2_2,SA_090,2,L05-SA_090-R2,Staphylococcus aureus,SA,capture_probe_16S_rRNA,2,1,Polietileno de alta densidade,L05,B09,OP01,2026-08-02,4.09,36.4,112666.667,5.0518,PASS
SA_090_R3_0,SA_090,3,L05-SA_090-R3,Staphylococcus aureus,SA,carbon_clean,0,1,Polietileno de alta densidade,L05,B09,OP01,2026-08-02,4.09,36.4,112666.667,5.0518,PASS
SA_090_R3_1,SA_090,3,L05-SA_090-R3,Staphylococcus aureus,SA,capture_probe,1,1,Polietileno de alta densidade,L05,B09,OP01,2026-08-02,4.09,36.4,112666.667,5.0518,PASS
SA_090_R3_2,SA_090,3,L05-SA_090-R3,Staphylococcus aureus,SA,capture_probe_16S_rRNA,2,1,Polietileno de alta densidade,L05,B09,OP01,2026-08-02,4.09,36.4,112666.667,5.0518,PASS
SA_091_R1_0,SA_091,1,L04-SA_091-R1,Staphylococcus aureus,SA,carbon_clean,0,1,Polipropileno,L04,B04,OP03,2026-08-03,4.21,36.8,10500.0,4.0212,PASS
SA_091_R1_1,SA_091,1,L04-SA_091-R1,Staphylococcus aureus,SA,capture_probe,1,1,Polipropileno,L04,B04,OP03,2026-08-03,4.21,36.8,10500.0,4.0212,PASS
SA_091_R1_2,SA_091,1,L04-SA_091-R1,Staphylococcus aureus,SA,capture_probe_16S_rRNA,2,1,Polipropileno,L04,B04,OP03,2026-08-03,4.21,36.8,10500.0,4.0212,PASS
SA_091_R2_0,SA_091,2,L04-SA_091-R2,Staphylococcus aureus,SA,carbon_clean,0,1,Polipropileno,L04,B04,OP03,2026-08-03,4.21,36.8,10500.0,4.0212,PASS
SA_091_R2_1,SA_091,2,L04-SA_091-R2,Staphylococcus aureus,SA,capture_probe,1,1,Polipropileno,L04,B04,OP03,2026-08-03,4.21,36.8,10500.0,4.0212,PASS
SA_091_R2_2,SA_091,2,L04-SA_091-R2,Staphylococcus aureus,SA,capture_probe_16S_rRNA,2,1,Polipropileno,L04,B04,OP03,2026-08-03,4.21,36.8,10500.0,4.0212,PASS
SA_091_R3_0,SA_091,3,L04-SA_091-R3,Staphylococcus aureus,SA,carbon_clean,0,1,Polipropileno,L04,B04,OP03,2026-08-03,4.21,36.8,10500.0,4.0212,PASS
SA_091_R3_1,SA_091,3,L04-SA_091-R3,Staphylococcus aureus,SA,capture_probe,1,1,Polipropileno,L04,B04,OP03,2026-08-03,4.21,36.8,10500.0,4.0212,PASS
SA_091_R3_2,SA_091,3,L04-SA_091-R3,Staphylococcus aureus,SA,capture_probe_16S_rRNA,2,1,Polipropileno,L04,B04,OP03,2026-08-03,4.21,36.8,10500.0,4.0212,PASS
SA_092_R1_0,SA_092,1,L02-SA_092-R1,Staphylococcus aureus,SA,carbon_clean,0,0,Aço inoxidável 304,L02,B01,OP03,2026-08-23,3.78,37.2,0.0,,PASS
SA_092_R1_1,SA_092,1,L02-SA_092-R1,Staphylococcus aureus,SA,capture_probe,1,0,Aço inoxidável 304,L02,B01,OP03,2026-08-23,3.78,37.2,0.0,,PASS
SA_092_R1_2,SA_092,1,L02-SA_092-R1,Staphylococcus aureus,SA,capture_probe_16S_rRNA,2,0,Aço inoxidável 304,L02,B01,OP03,2026-08-23,3.78,37.2,0.0,,PASS
SA_092_R2_0,SA_092,2,L02-SA_092-R2,Staphylococcus aureus,SA,carbon_clean,0,0,Aço inoxidável 304,L02,B01,OP03,2026-08-23,3.78,37.2,0.0,,PASS
SA_092_R2_1,SA_092,2,L02-SA_092-R2,Staphylococcus aureus,SA,capture_probe,1,0,Aço inoxidável 304,L02,B01,OP03,2026-08-23,3.78,37.2,0.0,,PASS
SA_092_R2_2,SA_092,2,L02-SA_092-R2,Staphylococcus aureus,SA,capture_probe_16S_rRNA,2,0,Aço inoxidável 304,L02,B01,OP03,2026-08-23,3.78,37.2,0.0,,PASS
SA_092_R3_0,SA_092,3,L02-SA_092-R3,Staphylococcus aureus,SA,carbon_clean,0,0,Aço inoxidável 304,L02,B01,OP03,2026-08-23,3.78,37.2,0.0,,PASS
SA_092_R3_1,SA_092,3,L02-SA_092-R3,Staphylococcus aureus,SA,capture_probe,1,0,Aço inoxidável 304,L02,B01,OP03,2026-08-23,3.78,37.2,0.0,,PASS
SA_092_R3_2,SA_092,3,L02-SA_092-R3,Staphylococcus aureus,SA,capture_probe_16S_rRNA,2,0,Aço inoxidável 304,L02,B01,OP03,2026-08-23,3.78,37.2,0.0,,PASS
SA_093_R1_0,SA_093,1,L04-SA_093-R1,Staphylococcus aureus,SA,carbon_clean,0,1,Polipropileno,L04,B04,OP01,2026-08-11,3.63,37.1,437333.333,5.6408,PASS
SA_093_R1_1,SA_093,1,L04-SA_093-R1,Staphylococcus aureus,SA,capture_probe,1,1,Polipropileno,L04,B04,OP01,2026-08-11,3.63,37.1,437333.333,5.6408,PASS
SA_093_R1_2,SA_093,1,L04-SA_093-R1,Staphylococcus aureus,SA,capture_probe_16S_rRNA,2,1,Polipropileno,L04,B04,OP01,2026-08-11,3.63,37.1,437333.333,5.6408,PASS
SA_093_R2_0,SA_093,2,L04-SA_093-R2,Staphylococcus aureus,SA,carbon_clean,0,1,Polipropileno,L04,B04,OP01,2026-08-11,3.63,37.1,437333.333,5.6408,PASS
SA_093_R2_1,SA_093,2,L04-SA_093-R2,Staphylococcus aureus,SA,capture_probe,1,1,Polipropileno,L04,B04,OP01,2026-08-11,3.63,37.1,437333.333,5.6408,PASS
SA_093_R2_2,SA_093,2,L04-SA_093-R2,Staphylococcus aureus,SA,capture_probe_16S_rRNA,2,1,Polipropileno,L04,B04,OP01,2026-08-11,3.63,37.1,437333.333,5.6408,PASS
SA_093_R3_0,SA_093,3,L04-SA_093-R3,Staphylococcus aureus,SA,carbon_clean,0,1,Polipropileno,L04,B04,OP01,2026-08-11,3.63,37.1,437333.333,5.6408,PASS
SA_093_R3_1,SA_093,3,L04-SA_093-R3,Staphylococcus aureus,SA,capture_probe,1,1,Polipropileno,L04,B04,OP01,2026-08-11,3.63,37.1,437333.333,5.6408,PASS
SA_093_R3_2,SA_093,3,L04-SA_093-R3,Staphylococcus aureus,SA,capture_probe_16S_rRNA,2,1,Polipropileno,L04,B04,OP01,2026-08-11,3.63,37.1,437333.333,5.6408,PASS
SA_094_R1_0,SA_094,1,L01-SA_094-R1,Staphylococcus aureus,SA,carbon_clean,0,1,Polietileno de alta densidade,L01,B01,OP01,2026-08-10,4.38,36.6,14500000.0,7.1614,PASS
SA_094_R1_1,SA_094,1,L01-SA_094-R1,Staphylococcus aureus,SA,capture_probe,1,1,Polietileno de alta densidade,L01,B01,OP01,2026-08-10,4.38,36.6,14500000.0,7.1614,PASS
SA_094_R1_2,SA_094,1,L01-SA_094-R1,Staphylococcus aureus,SA,capture_probe_16S_rRNA,2,1,Polietileno de alta densidade,L01,B01,OP01,2026-08-10,4.38,36.6,14500000.0,7.1614,PASS
SA_094_R2_0,SA_094,2,L01-SA_094-R2,Staphylococcus aureus,SA,carbon_clean,0,1,Polietileno de alta densidade,L01,B01,OP01,2026-08-10,4.38,36.6,14500000.0,7.1614,PASS
SA_094_R2_1,SA_094,2,L01-SA_094-R2,Staphylococcus aureus,SA,capture_probe,1,1,Polietileno de alta densidade,L01,B01,OP01,2026-08-10,4.38,36.6,14500000.0,7.1614,PASS
SA_094_R2_2,SA_094,2,L01-SA_094-R2,Staphylococcus aureus,SA,capture_probe_16S_rRNA,2,1,Polietileno de alta densidade,L01,B01,OP01,2026-08-10,4.38,36.6,14500000.0,7.1614,PASS
SA_094_R3_0,SA_094,3,L01-SA_094-R3,Staphylococcus aureus,SA,carbon_clean,0,1,Polietileno de alta densidade,L01,B01,OP01,2026-08-10,4.38,36.6,14500000.0,7.1614,PASS
SA_094_R3_1,SA_094,3,L01-SA_094-R3,Staphylococcus aureus,SA,capture_probe,1,1,Polietileno de alta densidade,L01,B01,OP01,2026-08-10,4.38,36.6,14500000.0,7.1614,PASS
SA_094_R3_2,SA_094,3,L01-SA_094-R3,Staphylococcus aureus,SA,capture_probe_16S_rRNA,2,1,Polietileno de alta densidade,L01,B01,OP01,2026-08-10,4.38,36.6,14500000.0,7.1614,PASS
SA_095_R1_0,SA_095,1,L03-SA_095-R1,Staphylococcus aureus,SA,carbon_clean,0,1,Aço inoxidável 304,L03,B01,OP03,2026-09-07,4.13,36.9,6866666.667,6.8367,PASS
SA_095_R1_1,SA_095,1,L03-SA_095-R1,Staphylococcus aureus,SA,capture_probe,1,1,Aço inoxidável 304,L03,B01,OP03,2026-09-07,4.13,36.9,6866666.667,6.8367,PASS
SA_095_R1_2,SA_095,1,L03-SA_095-R1,Staphylococcus aureus,SA,capture_probe_16S_rRNA,2,1,Aço inoxidável 304,L03,B01,OP03,2026-09-07,4.13,36.9,6866666.667,6.8367,PASS
SA_095_R2_0,SA_095,2,L03-SA_095-R2,Staphylococcus aureus,SA,carbon_clean,0,1,Aço inoxidável 304,L03,B01,OP03,2026-09-07,4.13,36.9,6866666.667,6.8367,PASS
SA_095_R2_1,SA_095,2,L03-SA_095-R2,Staphylococcus aureus,SA,capture_probe,1,1,Aço inoxidável 304,L03,B01,OP03,2026-09-07,4.13,36.9,6866666.667,6.8367,PASS
SA_095_R2_2,SA_095,2,L03-SA_095-R2,Staphylococcus aureus,SA,capture_probe_16S_rRNA,2,1,Aço inoxidável 304,L03,B01,OP03,2026-09-07,4.13,36.9,6866666.667,6.8367,PASS
SA_095_R3_0,SA_095,3,L03-SA_095-R3,Staphylococcus aureus,SA,carbon_clean,0,1,Aço inoxidável 304,L03,B01,OP03,2026-09-07,4.13,36.9,6866666.667,6.8367,PASS
SA_095_R3_1,SA_095,3,L03-SA_095-R3,Staphylococcus aureus,SA,capture_probe,1,1,Aço inoxidável 304,L03,B01,OP03,2026-09-07,4.13,36.9,6866666.667,6.8367,PASS
SA_095_R3_2,SA_095,3,L03-SA_095-R3,Staphylococcus aureus,SA,capture_probe_16S_rRNA,2,1,Aço inoxidável 304,L03,B01,OP03,2026-09-07,4.13,36.9,6866666.667,6.8367,PASS
SA_096_R1_0,SA_096,1,L05-SA_096-R1,Staphylococcus aureus,SA,carbon_clean,0,1,Polietileno de alta densidade,L05,B01,OP01,2026-08-08,4.36,36.5,400.0,2.6021,PASS
SA_096_R1_1,SA_096,1,L05-SA_096-R1,Staphylococcus aureus,SA,capture_probe,1,1,Polietileno de alta densidade,L05,B01,OP01,2026-08-08,4.36,36.5,400.0,2.6021,PASS
SA_096_R1_2,SA_096,1,L05-SA_096-R1,Staphylococcus aureus,SA,capture_probe_16S_rRNA,2,1,Polietileno de alta densidade,L05,B01,OP01,2026-08-08,4.36,36.5,400.0,2.6021,PASS
SA_096_R2_0,SA_096,2,L05-SA_096-R2,Staphylococcus aureus,SA,carbon_clean,0,1,Polietileno de alta densidade,L05,B01,OP01,2026-08-08,4.36,36.5,400.0,2.6021,PASS
SA_096_R2_1,SA_096,2,L05-SA_096-R2,Staphylococcus aureus,SA,capture_probe,1,1,Polietileno de alta densidade,L05,B01,OP01,2026-08-08,4.36,36.5,400.0,2.6021,PASS
SA_096_R2_2,SA_096,2,L05-SA_096-R2,Staphylococcus aureus,SA,capture_probe_16S_rRNA,2,1,Polietileno de alta densidade,L05,B01,OP01,2026-08-08,4.36,36.5,400.0,2.6021,PASS
SA_096_R3_0,SA_096,3,L05-SA_096-R3,Staphylococcus aureus,SA,carbon_clean,0,1,Polietileno de alta densidade,L05,B01,OP01,2026-08-08,4.36,36.5,400.0,2.6021,PASS
SA_096_R3_1,SA_096,3,L05-SA_096-R3,Staphylococcus aureus,SA,capture_probe,1,1,Polietileno de alta densidade,L05,B01,OP01,2026-08-08,4.36,36.5,400.0,2.6021,PASS
SA_096_R3_2,SA_096,3,L05-SA_096-R3,Staphylococcus aureus,SA,capture_probe_16S_rRNA,2,1,Polietileno de alta densidade,L05,B01,OP01,2026-08-08,4.36,36.5,400.0,2.6021,PASS
SA_097_R1_0,SA_097,1,L04-SA_097-R1,Staphylococcus aureus,SA,carbon_clean,0,1,Aço inoxidável 304,L04,B10,OP03,2026-09-06,3.99,36.7,480.0,2.6812,PASS
SA_097_R1_1,SA_097,1,L04-SA_097-R1,Staphylococcus aureus,SA,capture_probe,1,1,Aço inoxidável 304,L04,B10,OP03,2026-09-06,3.99,36.7,480.0,2.6812,PASS
SA_097_R1_2,SA_097,1,L04-SA_097-R1,Staphylococcus aureus,SA,capture_probe_16S_rRNA,2,1,Aço inoxidável 304,L04,B10,OP03,2026-09-06,3.99,36.7,480.0,2.6812,PASS
SA_097_R2_0,SA_097,2,L04-SA_097-R2,Staphylococcus aureus,SA,carbon_clean,0,1,Aço inoxidável 304,L04,B10,OP03,2026-09-06,3.99,36.7,480.0,2.6812,PASS
SA_097_R2_1,SA_097,2,L04-SA_097-R2,Staphylococcus aureus,SA,capture_probe,1,1,Aço inoxidável 304,L04,B10,OP03,2026-09-06,3.99,36.7,480.0,2.6812,REVIEW
SA_097_R2_2,SA_097,2,L04-SA_097-R2,Staphylococcus aureus,SA,capture_probe_16S_rRNA,2,1,Aço inoxidável 304,L04,B10,OP03,2026-09-06,3.99,36.7,480.0,2.6812,PASS
SA_097_R3_0,SA_097,3,L04-SA_097-R3,Staphylococcus aureus,SA,carbon_clean,0,1,Aço inoxidável 304,L04,B10,OP03,2026-09-06,3.99,36.7,480.0,2.6812,PASS
SA_097_R3_1,SA_097,3,L04-SA_097-R3,Staphylococcus aureus,SA,capture_probe,1,1,Aço inoxidável 304,L04,B10,OP03,2026-09-06,3.99,36.7,480.0,2.6812,PASS
SA_097_R3_2,SA_097,3,L04-SA_097-R3,Staphylococcus aureus,SA,capture_probe_16S_rRNA,2,1,Aço inoxidável 304,L04,B10,OP03,2026-09-06,3.99,36.7,480.0,2.6812,PASS
SA_098_R1_0,SA_098,1,L02-SA_098-R1,Staphylococcus aureus,SA,carbon_clean,0,0,Polietileno de alta densidade,L02,B07,OP01,2026-08-17,3.88,36.7,3.333,0.5229,PASS
SA_098_R1_1,SA_098,1,L02-SA_098-R1,Staphylococcus aureus,SA,capture_probe,1,0,Polietileno de alta densidade,L02,B07,OP01,2026-08-17,3.88,36.7,3.333,0.5229,PASS
SA_098_R1_2,SA_098,1,L02-SA_098-R1,Staphylococcus aureus,SA,capture_probe_16S_rRNA,2,0,Polietileno de alta densidade,L02,B07,OP01,2026-08-17,3.88,36.7,3.333,0.5229,PASS
SA_098_R2_0,SA_098,2,L02-SA_098-R2,Staphylococcus aureus,SA,carbon_clean,0,0,Polietileno de alta densidade,L02,B07,OP01,2026-08-17,3.88,36.7,3.333,0.5229,PASS
SA_098_R2_1,SA_098,2,L02-SA_098-R2,Staphylococcus aureus,SA,capture_probe,1,0,Polietileno de alta densidade,L02,B07,OP01,2026-08-17,3.88,36.7,3.333,0.5229,PASS
SA_098_R2_2,SA_098,2,L02-SA_098-R2,Staphylococcus aureus,SA,capture_probe_16S_rRNA,2,0,Polietileno de alta densidade,L02,B07,OP01,2026-08-17,3.88,36.7,3.333,0.5229,PASS
SA_098_R3_0,SA_098,3,L02-SA_098-R3,Staphylococcus aureus,SA,carbon_clean,0,0,Polietileno de alta densidade,L02,B07,OP01,2026-08-17,3.88,36.7,3.333,0.5229,PASS
SA_098_R3_1,SA_098,3,L02-SA_098-R3,Staphylococcus aureus,SA,capture_probe,1,0,Polietileno de alta densidade,L02,B07,OP01,2026-08-17,3.88,36.7,3.333,0.5229,PASS
SA_098_R3_2,SA_098,3,L02-SA_098-R3,Staphylococcus aureus,SA,capture_probe_16S_rRNA,2,0,Polietileno de alta densidade,L02,B07,OP01,2026-08-17,3.88,36.7,3.333,0.5229,PASS
SA_099_R1_0,SA_099,1,L01-SA_099-R1,Staphylococcus aureus,SA,carbon_clean,0,1,Aço inoxidável 304,L01,B06,OP03,2026-08-18,3.85,37.2,1313333.333,6.1184,PASS
SA_099_R1_1,SA_099,1,L01-SA_099-R1,Staphylococcus aureus,SA,capture_probe,1,1,Aço inoxidável 304,L01,B06,OP03,2026-08-18,3.85,37.2,1313333.333,6.1184,PASS
SA_099_R1_2,SA_099,1,L01-SA_099-R1,Staphylococcus aureus,SA,capture_probe_16S_rRNA,2,1,Aço inoxidável 304,L01,B06,OP03,2026-08-18,3.85,37.2,1313333.333,6.1184,PASS
SA_099_R2_0,SA_099,2,L01-SA_099-R2,Staphylococcus aureus,SA,carbon_clean,0,1,Aço inoxidável 304,L01,B06,OP03,2026-08-18,3.85,37.2,1313333.333,6.1184,PASS
SA_099_R2_1,SA_099,2,L01-SA_099-R2,Staphylococcus aureus,SA,capture_probe,1,1,Aço inoxidável 304,L01,B06,OP03,2026-08-18,3.85,37.2,1313333.333,6.1184,PASS
SA_099_R2_2,SA_099,2,L01-SA_099-R2,Staphylococcus aureus,SA,capture_probe_16S_rRNA,2,1,Aço inoxidável 304,L01,B06,OP03,2026-08-18,3.85,37.2,1313333.333,6.1184,PASS
SA_099_R3_0,SA_099,3,L01-SA_099-R3,Staphylococcus aureus,SA,carbon_clean,0,1,Aço inoxidável 304,L01,B06,OP03,2026-08-18,3.85,37.2,1313333.333,6.1184,PASS
SA_099_R3_1,SA_099,3,L01-SA_099-R3,Staphylococcus aureus,SA,capture_probe,1,1,Aço inoxidável 304,L01,B06,OP03,2026-08-18,3.85,37.2,1313333.333,6.1184,PASS
SA_099_R3_2,SA_099,3,L01-SA_099-R3,Staphylococcus aureus,SA,capture_probe_16S_rRNA,2,1,Aço inoxidável 304,L01,B06,OP03,2026-08-18,3.85,37.2,1313333.333,6.1184,PASS
SA_100_R1_0,SA_100,1,L05-SA_100-R1,Staphylococcus aureus,SA,carbon_clean,0,1,Aço inoxidável 304,L05,B03,OP03,2026-08-30,3.9,36.7,23366.667,4.3686,PASS
SA_100_R1_1,SA_100,1,L05-SA_100-R1,Staphylococcus aureus,SA,capture_probe,1,1,Aço inoxidável 304,L05,B03,OP03,2026-08-30,3.9,36.7,23366.667,4.3686,PASS
SA_100_R1_2,SA_100,1,L05-SA_100-R1,Staphylococcus aureus,SA,capture_probe_16S_rRNA,2,1,Aço inoxidável 304,L05,B03,OP03,2026-08-30,3.9,36.7,23366.667,4.3686,PASS
SA_100_R2_0,SA_100,2,L05-SA_100-R2,Staphylococcus aureus,SA,carbon_clean,0,1,Aço inoxidável 304,L05,B03,OP03,2026-08-30,3.9,36.7,23366.667,4.3686,PASS
SA_100_R2_1,SA_100,2,L05-SA_100-R2,Staphylococcus aureus,SA,capture_probe,1,1,Aço inoxidável 304,L05,B03,OP03,2026-08-30,3.9,36.7,23366.667,4.3686,PASS
SA_100_R2_2,SA_100,2,L05-SA_100-R2,Staphylococcus aureus,SA,capture_probe_16S_rRNA,2,1,Aço inoxidável 304,L05,B03,OP03,2026-08-30,3.9,36.7,23366.667,4.3686,FAIL
SA_100_R3_0,SA_100,3,L05-SA_100-R3,Staphylococcus aureus,SA,carbon_clean,0,1,Aço inoxidável 304,L05,B03,OP03,2026-08-30,3.9,36.7,23366.667,4.3686,PASS
SA_100_R3_1,SA_100,3,L05-SA_100-R3,Staphylococcus aureus,SA,capture_probe,1,1,Aço inoxidável 304,L05,B03,OP03,2026-08-30,3.9,36.7,23366.667,4.3686,PASS
SA_100_R3_2,SA_100,3,L05-SA_100-R3,Staphylococcus aureus,SA,capture_probe_16S_rRNA,2,1,Aço inoxidável 304,L05,B03,OP03,2026-08-30,3.9,36.7,23366.667,4.3686,PASS
